# Blender 5.1.0
# www.blender.org
mtllib brokingliobj.mtl
o broccoli
v 0.187590 0.183063 -0.101923
v 0.101923 0.183063 -0.187590
v 0.158041 0.146894 -0.082229
v 0.082229 0.146894 -0.158041
v 0.135348 0.320453 -0.078143
v 0.135348 0.320453 0.078143
v 0.067674 0.421668 -0.039071
v 0.067674 0.421668 0.039071
v 0.000000 0.320453 -0.156286
v 0.135348 0.320453 -0.078143
v 0.000000 0.421668 -0.078143
v 0.067674 0.421668 -0.039071
v -0.123624 0.266021 -0.000000
v -0.131469 0.302444 0.058596
v -0.164731 0.240078 -0.000000
v -0.147461 0.294610 0.061794
v -0.135348 0.320453 -0.078143
v -0.067674 0.421668 -0.039071
v -0.135348 0.320453 0.078143
v -0.067674 0.421668 0.039071
v -0.123624 0.266021 -0.000000
v -0.164731 0.240078 -0.000000
v -0.131469 0.302444 -0.058596
v -0.147461 0.294610 -0.061794
v 0.187590 0.183063 0.101923
v 0.158041 0.146894 0.082229
v 0.101923 0.183063 0.187590
v 0.082229 0.146894 0.158041
v -0.187590 0.183063 0.101923
v -0.158170 0.268380 0.115336
v -0.101923 0.183063 0.187590
v -0.115336 0.268380 0.158170
v 0.067674 0.421668 -0.039071
v 0.067674 0.421668 0.039071
v 0.000000 0.421668 -0.078143
v 0.000000 0.421668 0.078143
v -0.067674 0.421668 -0.039071
v -0.067674 0.421668 0.039071
v -0.167205 0.232995 -0.000000
v -0.164731 0.240078 -0.000000
v -0.187590 0.183063 0.101923
v -0.147461 0.294610 0.061794
v -0.158170 0.268380 0.115336
v 0.135348 0.320453 0.078143
v 0.000000 0.320453 0.156286
v 0.067674 0.421668 0.039071
v 0.000000 0.421668 0.078143
v 0.101923 0.183063 -0.187590
v 0.115336 0.268380 -0.158170
v 0.000000 0.232995 -0.167205
v 0.000000 0.240078 -0.164731
v 0.061794 0.294610 -0.147461
v 0.158170 0.268380 -0.115336
v 0.187590 0.183063 -0.101923
v 0.147461 0.294610 -0.061794
v 0.167205 0.232995 -0.000000
v 0.164731 0.240078 -0.000000
v 0.164731 0.240078 -0.000000
v 0.147461 0.294610 0.061794
v 0.123624 0.266021 0.000000
v 0.131469 0.302444 0.058596
v 0.130132 0.296239 -0.075132
v 0.131469 0.302444 -0.058596
v 0.135348 0.320453 -0.078143
v 0.135348 0.320453 0.078143
v 0.123624 0.266021 0.000000
v 0.131469 0.302444 0.058596
v 0.130132 0.296239 0.075132
v 0.158170 0.268380 -0.115336
v 0.147461 0.294610 -0.061794
v 0.115336 0.268380 -0.158170
v 0.130132 0.296239 -0.075132
v 0.131469 0.302444 -0.058596
v 0.056415 0.307786 -0.120565
v 0.061794 0.294610 -0.147461
v 0.101923 0.183063 -0.187590
v 0.187590 0.183063 -0.101923
v 0.115336 0.268380 -0.158170
v 0.158170 0.268380 -0.115336
v -0.141595 0.187177 -0.000000
v -0.167205 0.232995 -0.000000
v -0.158041 0.146894 0.082229
v -0.187590 0.183063 0.101923
v 0.000000 0.240078 -0.164731
v 0.000000 0.255589 -0.140154
v -0.061794 0.294610 -0.147461
v -0.056415 0.307786 -0.120565
v 0.000000 0.255589 0.140154
v -0.056415 0.307786 0.120565
v 0.000000 0.320453 0.156286
v -0.135348 0.320453 0.078143
v -0.130132 0.296239 0.075132
v -0.135348 0.320453 -0.078143
v 0.000000 0.320453 -0.156286
v -0.067674 0.421668 -0.039071
v 0.000000 0.421668 -0.078143
v -0.130132 0.296239 -0.075132
v -0.135348 0.320453 -0.078143
v -0.131469 0.302444 -0.058596
v -0.135348 0.320453 0.078143
v -0.123624 0.266021 -0.000000
v -0.131469 0.302444 0.058596
v -0.130132 0.296239 0.075132
v -0.101923 0.183063 0.187590
v -0.115336 0.268380 0.158170
v -0.000000 0.232995 0.167205
v -0.000000 0.240078 0.164731
v -0.061794 0.294610 0.147461
v 0.164731 0.240078 -0.000000
v 0.123624 0.266021 0.000000
v 0.147461 0.294610 -0.061794
v 0.131469 0.302444 -0.058596
v 0.101923 0.183063 0.187590
v -0.000000 0.232995 0.167205
v 0.115336 0.268380 0.158170
v -0.000000 0.240078 0.164731
v 0.061794 0.294610 0.147461
v 0.061794 0.294610 0.147461
v -0.000000 0.240078 0.164731
v 0.056415 0.307786 0.120565
v 0.000000 0.255589 0.140154
v 0.158170 0.268380 0.115336
v 0.115336 0.268380 0.158170
v 0.147461 0.294610 0.061794
v 0.130132 0.296239 0.075132
v 0.131469 0.302444 0.058596
v 0.056415 0.307786 0.120565
v 0.061794 0.294610 0.147461
v 0.187590 0.183063 -0.101923
v 0.158041 0.146894 -0.082229
v 0.167205 0.232995 -0.000000
v 0.141595 0.187177 -0.000000
v 0.000000 0.320453 0.156286
v -0.135348 0.320453 0.078143
v 0.000000 0.421668 0.078143
v -0.067674 0.421668 0.039071
v -0.082229 0.146894 0.158041
v -0.101923 0.183063 0.187590
v -0.000000 0.187177 0.141595
v -0.000000 0.232995 0.167205
v -0.082229 0.146894 0.158041
v -0.158041 0.146894 0.082229
v -0.101923 0.183063 0.187590
v -0.187590 0.183063 0.101923
v 0.187590 0.183063 0.101923
v 0.101923 0.183063 0.187590
v 0.158170 0.268380 0.115336
v 0.115336 0.268380 0.158170
v 0.000000 0.255589 -0.140154
v 0.056415 0.307786 -0.120565
v 0.000000 0.320453 -0.156286
v 0.135348 0.320453 -0.078143
v 0.130132 0.296239 -0.075132
v -0.082229 0.146894 -0.158041
v 0.000000 0.187177 -0.141595
v -0.101923 0.183063 -0.187590
v 0.000000 0.232995 -0.167205
v -0.056415 0.307786 0.120565
v -0.061794 0.294610 0.147461
v -0.130132 0.296239 0.075132
v -0.115336 0.268380 0.158170
v -0.158170 0.268380 0.115336
v -0.131469 0.302444 0.058596
v -0.147461 0.294610 0.061794
v -0.082229 0.146894 -0.158041
v -0.101923 0.183063 -0.187590
v -0.158041 0.146894 -0.082229
v -0.187590 0.183063 -0.101923
v 0.061794 0.294610 -0.147461
v 0.056415 0.307786 -0.120565
v 0.000000 0.240078 -0.164731
v 0.000000 0.255589 -0.140154
v 0.082229 0.146894 -0.158041
v 0.101923 0.183063 -0.187590
v 0.000000 0.187177 -0.141595
v 0.000000 0.232995 -0.167205
v -0.101923 0.183063 -0.187590
v -0.115336 0.268380 -0.158170
v -0.187590 0.183063 -0.101923
v -0.158170 0.268380 -0.115336
v -0.158170 0.268380 -0.115336
v -0.147461 0.294610 -0.061794
v -0.187590 0.183063 -0.101923
v -0.167205 0.232995 -0.000000
v -0.164731 0.240078 -0.000000
v 0.164731 0.240078 -0.000000
v 0.167205 0.232995 -0.000000
v 0.147461 0.294610 0.061794
v 0.187590 0.183063 0.101923
v 0.158170 0.268380 0.115336
v 0.141595 0.187177 -0.000000
v 0.158041 0.146894 0.082229
v 0.167205 0.232995 -0.000000
v 0.187590 0.183063 0.101923
v -0.056415 0.307786 -0.120565
v -0.130132 0.296239 -0.075132
v -0.061794 0.294610 -0.147461
v -0.115336 0.268380 -0.158170
v -0.158170 0.268380 -0.115336
v -0.131469 0.302444 -0.058596
v -0.147461 0.294610 -0.061794
v 0.130132 0.296239 0.075132
v 0.056415 0.307786 0.120565
v 0.135348 0.320453 0.078143
v 0.000000 0.320453 0.156286
v 0.000000 0.255589 0.140154
v -0.130132 0.296239 -0.075132
v -0.056415 0.307786 -0.120565
v -0.135348 0.320453 -0.078143
v 0.000000 0.320453 -0.156286
v 0.000000 0.255589 -0.140154
v -0.101923 0.183063 -0.187590
v 0.000000 0.232995 -0.167205
v -0.115336 0.268380 -0.158170
v 0.000000 0.240078 -0.164731
v -0.061794 0.294610 -0.147461
v 0.000000 0.255589 0.140154
v -0.000000 0.240078 0.164731
v -0.056415 0.307786 0.120565
v -0.061794 0.294610 0.147461
v -0.187590 0.183063 -0.101923
v -0.167205 0.232995 -0.000000
v -0.158041 0.146894 -0.082229
v -0.141595 0.187177 -0.000000
v 0.082229 0.146894 0.158041
v -0.000000 0.187177 0.141595
v 0.101923 0.183063 0.187590
v -0.000000 0.232995 0.167205
v 0.158041 0.146894 0.082229
v 0.141595 0.187177 -0.000000
v 0.082229 0.146894 0.158041
v 0.000000 0.244983 -0.000000
v -0.000000 0.187177 0.141595
v 0.000000 0.244983 -0.000000
v -0.141595 0.187177 -0.000000
v -0.000000 0.187177 0.141595
v -0.082229 0.146894 0.158041
v -0.158041 0.146894 0.082229
v 0.158041 0.146894 -0.082229
v 0.082229 0.146894 -0.158041
v 0.141595 0.187177 -0.000000
v 0.000000 0.244983 -0.000000
v 0.000000 0.187177 -0.141595
v 0.000000 0.244983 -0.000000
v 0.000000 0.187177 -0.141595
v -0.141595 0.187177 -0.000000
v -0.082229 0.146894 -0.158041
v -0.158041 0.146894 -0.082229
v 0.000000 0.233933 -0.027068
v -0.027743 0.222331 -0.027743
v 0.027743 0.222331 -0.027743
v 0.018626 0.180756 -0.030162
v -0.018626 0.180756 -0.030162
v 0.019747 0.137887 -0.032656
v 0.040679 0.000000 -0.040679
v -0.019747 0.137887 -0.032656
v -0.040679 0.000000 -0.040679
v -0.032787 0.135630 -0.019499
v -0.084205 0.204688 -0.014498
v -0.032787 0.135630 0.019499
v -0.087585 0.209227 -0.000000
v -0.084205 0.204688 0.014498
v 0.019747 0.137887 -0.032656
v 0.014005 0.192210 -0.115262
v -0.019747 0.137887 -0.032656
v -0.000000 0.195738 -0.120626
v -0.014005 0.192210 -0.115262
v -0.032787 0.135630 0.019499
v -0.084205 0.204688 0.014498
v -0.029678 0.189069 0.017233
v -0.055319 0.216250 0.015063
v 0.032787 0.135630 -0.019499
v 0.032787 0.135630 0.019499
v 0.084205 0.204688 -0.014498
v 0.087585 0.209227 -0.000000
v 0.084205 0.204688 0.014498
v 0.019747 0.137887 0.032656
v -0.019747 0.137887 0.032656
v 0.014005 0.192210 0.115262
v -0.000000 0.195738 0.120626
v -0.014005 0.192210 0.115262
v 0.040679 0.000000 0.040679
v 0.040679 0.000000 -0.040679
v -0.040679 0.000000 0.040679
v -0.040679 0.000000 -0.040679
v 0.018626 0.180756 0.030162
v 0.019747 0.137887 0.032656
v 0.015368 0.205933 0.080285
v 0.014005 0.192210 0.115262
v -0.018626 0.180756 0.030162
v -0.015368 0.205933 0.080285
v -0.019747 0.137887 0.032656
v -0.014005 0.192210 0.115262
v -0.000000 0.233933 0.027068
v 0.027743 0.222331 0.027743
v -0.027743 0.222331 0.027743
v 0.018626 0.180756 0.030162
v -0.018626 0.180756 0.030162
v -0.019747 0.137887 0.032656
v -0.040679 0.000000 0.040679
v 0.019747 0.137887 0.032656
v 0.040679 0.000000 0.040679
v 0.032787 0.135630 0.019499
v 0.029678 0.189069 0.017233
v 0.084205 0.204688 0.014498
v 0.055319 0.216250 0.015063
v 0.032787 0.135630 -0.019499
v 0.084205 0.204688 -0.014498
v 0.029678 0.189069 -0.017233
v 0.055319 0.216250 -0.015063
v -0.032787 0.135630 -0.019499
v -0.029678 0.189069 -0.017233
v -0.084205 0.204688 -0.014498
v -0.055319 0.216250 -0.015063
v -0.014005 0.192210 -0.115262
v -0.015368 0.205933 -0.080285
v -0.019747 0.137887 -0.032656
v -0.018626 0.180756 -0.030162
v 0.014005 0.192210 -0.115262
v 0.019747 0.137887 -0.032656
v 0.015368 0.205933 -0.080285
v 0.018626 0.180756 -0.030162
v 0.018626 0.180756 0.030162
v 0.015368 0.205933 0.080285
v -0.018626 0.180756 0.030162
v -0.000000 0.209394 0.087175
v -0.015368 0.205933 0.080285
v 0.029678 0.189069 -0.017233
v 0.055319 0.216250 -0.015063
v 0.029678 0.189069 0.017233
v 0.059507 0.220690 -0.000000
v 0.055319 0.216250 0.015063
v -0.029678 0.189069 -0.017233
v -0.029678 0.189069 0.017233
v -0.055319 0.216250 -0.015063
v -0.059507 0.220690 -0.000000
v -0.055319 0.216250 0.015063
v 0.018626 0.180756 -0.030162
v -0.018626 0.180756 -0.030162
v 0.015368 0.205933 -0.080285
v -0.000000 0.209394 -0.087175
v -0.015368 0.205933 -0.080285
v 0.040679 0.000000 0.040679
v 0.032787 0.135630 -0.019499
v 0.040679 0.000000 -0.040679
v 0.027743 0.222331 -0.027743
v 0.032787 0.135630 0.019499
v 0.029678 0.189069 -0.017233
v 0.027743 0.222331 0.027743
v 0.027068 0.233933 -0.000000
v 0.029678 0.189069 0.017233
v -0.027743 0.222331 -0.027743
v -0.032787 0.135630 -0.019499
v -0.040679 0.000000 -0.040679
v -0.040679 0.000000 0.040679
v -0.029678 0.189069 -0.017233
v -0.032787 0.135630 0.019499
v -0.027068 0.233933 -0.000000
v -0.027743 0.222331 0.027743
v -0.029678 0.189069 0.017233
vn 0.7526 -0.6545 -0.0727
vn 0.2422 -0.2562 -0.9358
vn 0.9358 -0.2562 -0.2422
vn 0.0727 -0.6545 -0.7526
vn 0.4705 0.8395 -0.2717
vn 0.8515 0.1820 0.4917
vn 0.8515 0.1820 -0.4917
vn 0.4705 0.8395 0.2717
vn -0.0000 0.8395 -0.5433
vn 0.8516 0.1820 -0.4916
vn -0.0000 0.1820 -0.9833
vn 0.4705 0.8395 -0.2716
vn -0.8539 0.4848 -0.1892
vn -0.4575 0.8790 -0.1341
vn -0.4582 0.7261 -0.5127
vn -0.6647 0.7450 -0.0565
vn -0.8515 0.1820 0.4917
vn -0.4705 0.8395 -0.2717
vn -0.8515 0.1820 -0.4917
vn -0.4705 0.8395 0.2717
vn -0.4575 0.8790 0.1341
vn -0.8539 0.4848 0.1892
vn -0.4582 0.7261 0.5127
vn -0.6647 0.7450 0.0565
vn 0.2422 -0.2562 0.9358
vn 0.7526 -0.6545 0.0727
vn 0.9358 -0.2562 0.2422
vn 0.0727 -0.6545 0.7526
vn -0.2421 -0.2563 0.9358
vn -0.7549 0.5241 0.3943
vn -0.9358 -0.2563 0.2422
vn -0.3943 0.5241 0.7549
vn 0.4706 0.8395 -0.2716
vn -0.0000 0.8395 0.5433
vn -0.4706 0.8395 0.2716
vn -0.9831 0.0343 -0.1798
vn 0.4705 0.8395 0.2716
vn -0.0000 0.1820 0.9833
vn 0.8516 0.1820 0.4916
vn -0.1798 0.0343 -0.9831
vn 0.3943 0.5241 -0.7549
vn 0.2422 -0.2563 -0.9358
vn -0.1892 0.4848 -0.8539
vn -0.0565 0.7450 -0.6647
vn 0.6647 0.7450 0.0565
vn 0.9358 -0.2563 -0.2422
vn 0.7549 0.5241 -0.3943
vn 0.9831 0.0343 0.1798
vn 0.8539 0.4848 0.1892
vn 0.4582 0.7261 -0.5127
vn 0.6647 0.7450 -0.0565
vn 0.8539 0.4848 -0.1892
vn 0.4575 0.8790 -0.1341
vn 0.8515 0.1821 -0.4917
vn 0.9776 -0.2105 -0.0000
vn 0.8172 -0.2411 -0.5236
vn 0.8515 0.1821 0.4917
vn 0.8172 -0.2411 0.5236
vn 0.7549 0.5241 -0.3942
vn 0.3536 0.8660 -0.3536
vn 0.4575 0.8790 0.1341
vn 0.0144 0.8991 -0.4376
vn -0.0565 0.7449 -0.6647
vn 0.2421 -0.2563 -0.9358
vn -0.7526 -0.6545 0.0727
vn -0.8066 -0.4509 -0.3822
vn -0.9358 -0.2562 0.2422
vn 0.0565 0.7450 -0.6647
vn 0.5127 0.7261 -0.4582
vn 0.1892 0.4848 -0.8539
vn -0.0144 0.8991 -0.4375
vn -0.0000 0.1821 0.9833
vn -0.4888 -0.2105 0.8466
vn -0.0000 -0.2414 0.9704
vn -0.8516 0.1821 0.4916
vn -0.8171 -0.2411 0.5236
vn -0.4705 0.8395 -0.2716
vn -0.8516 0.1820 -0.4916
vn -0.9776 -0.2105 -0.0000
vn -0.8515 0.1821 -0.4917
vn -0.8172 -0.2411 -0.5236
vn -0.8515 0.1821 0.4917
vn -0.8172 -0.2411 0.5236
vn 0.1798 0.0343 0.9831
vn -0.2422 -0.2563 0.9358
vn 0.1892 0.4848 0.8539
vn 0.0565 0.7450 0.6647
vn 0.4582 0.7261 0.5127
vn 0.3943 0.5241 0.7549
vn -0.1798 0.0343 0.9831
vn 0.2422 -0.2563 0.9358
vn -0.1892 0.4848 0.8539
vn -0.0565 0.7450 0.6647
vn 0.0144 0.8991 0.4375
vn -0.5127 0.7261 0.4582
vn 0.6647 0.7449 -0.0565
vn 0.3942 0.5241 0.7549
vn 0.7549 0.5241 0.3943
vn 0.3536 0.8660 0.3536
vn 0.4574 0.8791 -0.1341
vn 0.0144 0.8991 0.4376
vn 0.8066 -0.4509 0.3822
vn -0.8516 0.1820 0.4916
vn -0.4705 0.8395 0.2716
vn 0.3822 -0.4509 0.8066
vn -0.2422 -0.2562 0.9358
vn -0.0727 -0.6545 0.7526
vn 0.1799 0.0343 0.9831
vn 0.9358 -0.2563 0.2421
vn -0.0000 0.1821 -0.9833
vn 0.4888 -0.2105 -0.8466
vn -0.0000 -0.2414 -0.9704
vn 0.8516 0.1821 -0.4916
vn 0.8171 -0.2411 -0.5236
vn -0.2422 -0.2562 -0.9358
vn 0.3822 -0.4509 -0.8066
vn 0.1277 -0.9208 -0.3684
vn 0.1798 0.0343 -0.9831
vn -0.3536 0.8660 0.3536
vn 0.0565 0.7449 0.6647
vn -0.0144 0.8991 0.4376
vn -0.7549 0.5241 0.3942
vn -0.3685 -0.9208 0.1279
vn 0.1278 -0.9208 -0.3684
vn -0.9358 -0.2562 -0.2422
vn -0.5127 0.7261 -0.4582
vn -0.3822 -0.4509 -0.8066
vn -0.1799 0.0343 -0.9831
vn -0.9358 -0.2563 -0.2421
vn -0.3943 0.5241 -0.7549
vn -0.2422 -0.2563 -0.9358
vn -0.7549 0.5241 -0.3943
vn -0.9358 -0.2563 -0.2422
vn -0.9831 0.0343 0.1798
vn 0.9831 0.0343 -0.1798
vn 0.9358 -0.2563 0.2422
vn 0.9831 0.0343 -0.1799
vn 0.8066 -0.4509 -0.3822
vn -0.3536 0.8660 -0.3536
vn -0.0144 0.8991 -0.4376
vn -0.3942 0.5241 -0.7549
vn -0.4574 0.8791 0.1341
vn -0.6647 0.7449 0.0564
vn 0.8516 0.1821 0.4916
vn 0.4888 -0.2105 0.8466
vn -0.0001 0.1821 0.9833
vn -0.8516 0.1821 -0.4916
vn -0.4888 -0.2105 -0.8466
vn 0.0001 0.1821 -0.9833
vn 0.5127 0.7261 0.4582
vn -0.3684 -0.9208 0.1278
vn -0.9831 0.0343 0.1799
vn -0.8066 -0.4509 0.3822
vn -0.3822 -0.4509 0.8066
vn -0.3536 -0.8660 -0.3536
vn 0.3536 -0.8660 -0.3536
vn -0.3536 -0.8660 0.3536
vn 0.3536 -0.8660 0.3536
vn 0.1277 -0.9208 -0.3685
vn -0.3685 -0.9208 0.1278
vn -0.0000 0.0581 -0.9983
vn -0.0000 -0.1750 -0.9846
vn -0.9945 -0.1047 -0.0000
vn -0.8021 -0.5972 -0.0000
vn 0.0001 -0.1750 -0.9846
vn -0.0000 -0.8355 -0.5495
vn -0.0373 0.0445 0.9983
vn 0.8021 -0.5972 -0.0000
vn 0.9945 -0.1047 -0.0000
vn -0.0000 -0.8355 0.5495
vn -0.0000 -0.1750 0.9846
vn -0.0001 -0.1750 0.9846
vn -0.0000 -1.0000 -0.0000
vn 0.9983 0.0290 0.0503
vn -0.9983 0.0290 0.0503
vn -0.0000 0.0581 0.9983
vn 0.0373 0.0445 0.9983
vn 0.0373 0.0445 -0.9983
vn -0.0373 0.0445 -0.9983
vn -0.9983 0.0290 -0.0503
vn 0.9983 0.0290 -0.0503
vn -0.0000 0.8936 -0.4489
vn -0.7274 0.6862 -0.0000
vn 0.7274 0.6862 -0.0000
vn -0.0000 0.8936 0.4489
vn 0.9983 0.0581 -0.0000
vn 0.9945 -0.1046 -0.0000
vn -0.9983 0.0581 -0.0000
vn -0.9945 -0.1046 -0.0000
vt 0.343750 0.094673
vt 0.343750 0.111828
vt 0.343750 0.225000
vt 0.343750 0.176993
vt 0.343750 0.138871
vt 0.343750 0.168451
vt 0.343750 0.151176
vt 0.343750 0.164735
vt 0.343750 0.152294
vt 0.343750 0.135511
vt 0.343750 0.165508
vt 0.343750 0.170985
vt 0.343750 0.113780
vt 0.343750 0.146227
vt 0.343750 0.141197
vt 0.593750 0.379959
vt 0.593750 0.375000
vt 0.593750 0.397731
vt 0.593750 0.416057
vt 0.593750 0.475000
vt 0.593750 0.417022
vt 0.593750 0.387501
vt 0.593750 0.385561
vt 0.593750 0.392835
vt 0.593750 0.391327
vt 0.593750 0.394178
vt 0.593750 0.382559
vt 0.593750 0.386969
vt 0.593750 0.385490
vt 0.593750 0.380661
s 1
usemtl colormap
f 3/1/1 2/2/2 1/2/3
f 2/2/2 3/1/1 4/1/4
f 7/3/5 6/4/6 5/4/7
f 6/4/6 7/3/5 8/3/8
f 11/3/9 10/4/10 9/4/11
f 10/4/10 11/3/9 12/3/12
f 15/5/13 14/6/14 13/7/15
f 14/6/14 15/5/13 16/8/16
f 19/4/17 18/3/18 17/4/19
f 18/3/18 19/4/17 20/3/20
f 23/6/21 22/5/22 21/7/23
f 22/5/22 23/6/21 24/8/24
f 27/2/25 26/1/26 25/2/27
f 26/1/26 27/2/25 28/1/28
f 31/2/29 30/9/30 29/2/31
f 30/9/30 31/2/29 32/9/32
f 35/3/9 34/3/8 33/3/33
f 34/3/8 35/3/9 36/3/34
f 36/3/34 35/3/9 37/3/18
f 36/3/34 37/3/18 38/3/35
f 41/2/31 40/5/13 39/10/36
f 40/5/13 41/2/31 42/8/16
f 42/8/16 41/2/31 43/9/30
f 46/3/37 45/4/38 44/4/39
f 45/4/38 46/3/37 47/3/34
f 50/10/40 49/9/41 48/2/42
f 49/9/41 50/10/40 51/5/43
f 49/9/41 51/5/43 52/8/44
f 55/8/45 54/2/46 53/9/47
f 54/2/46 55/8/45 56/10/48
f 56/10/48 55/8/45 57/5/49
f 60/7/50 59/8/51 58/5/52
f 59/8/51 60/7/50 61/6/53
f 64/4/54 63/6/55 62/11/56
f 63/6/55 64/4/54 65/4/57
f 63/6/55 65/4/57 66/7/55
f 66/7/55 65/4/57 67/6/55
f 67/6/55 65/4/57 68/11/58
f 71/9/41 70/8/45 69/9/59
f 70/8/45 71/9/41 72/11/60
f 70/8/45 72/11/60 73/6/61
f 72/11/60 71/9/41 74/12/62
f 74/12/62 71/9/41 75/8/63
f 78/9/41 77/2/46 76/2/64
f 77/2/46 78/9/41 79/9/47
f 82/1/65 81/10/36 80/13/66
f 81/10/36 82/1/65 83/2/67
f 86/8/68 85/14/69 84/5/70
f 85/14/69 86/8/68 87/12/71
f 90/4/72 89/12/73 88/14/74
f 91/4/75 89/12/73 90/4/72
f 89/12/73 91/4/75 92/11/76
f 95/3/77 94/4/11 93/4/78
f 94/4/11 95/3/77 96/3/9
f 99/6/79 98/4/80 97/11/81
f 98/4/80 99/6/79 100/4/82
f 100/4/82 99/6/79 101/7/79
f 100/4/82 101/7/79 102/6/79
f 100/4/82 102/6/79 103/11/83
f 106/10/84 105/9/32 104/2/85
f 105/9/32 106/10/84 107/5/86
f 105/9/32 107/5/86 108/8/87
f 111/8/45 110/7/88 109/5/49
f 110/7/88 111/8/45 112/6/61
f 115/9/89 114/10/90 113/2/91
f 114/10/90 115/9/89 116/5/92
f 116/5/92 115/9/89 117/8/93
f 120/12/94 119/5/92 118/8/93
f 119/5/92 120/12/94 121/14/95
f 124/8/96 123/9/97 122/9/98
f 123/9/97 124/8/96 125/11/99
f 125/11/99 124/8/96 126/6/100
f 123/9/97 125/11/99 127/12/101
f 123/9/97 127/12/101 128/8/93
f 131/10/48 130/1/1 129/2/3
f 130/1/1 131/10/48 132/13/102
f 135/3/34 134/4/103 133/4/38
f 134/4/103 135/3/34 136/3/104
f 139/13/105 138/2/106 137/1/107
f 138/2/106 139/13/105 140/10/108
f 143/2/106 142/1/65 141/1/107
f 142/1/65 143/2/106 144/2/67
f 147/9/98 146/2/91 145/2/109
f 146/2/91 147/9/98 148/9/89
f 151/4/110 150/12/111 149/14/112
f 152/4/113 150/12/111 151/4/110
f 150/12/111 152/4/113 153/11/114
f 156/2/115 155/13/116 154/1/117
f 155/13/116 156/2/115 157/10/118
f 160/11/119 159/8/120 158/12/121
f 159/8/120 160/11/119 161/9/32
f 161/9/32 160/11/119 162/9/122
f 162/9/122 160/11/119 163/6/14
f 162/9/122 163/6/14 164/8/16
f 167/1/123 166/2/115 165/1/124
f 166/2/115 167/1/123 168/2/125
f 171/5/43 170/12/62 169/8/63
f 170/12/62 171/5/43 172/14/126
f 175/13/127 174/2/2 173/1/4
f 174/2/2 175/13/127 176/10/128
f 179/2/129 178/9/130 177/2/131
f 178/9/130 179/2/129 180/9/132
f 183/2/133 182/8/24 181/9/132
f 182/8/24 183/2/133 184/10/134
f 182/8/24 184/10/134 185/5/22
f 188/8/51 187/10/135 186/5/52
f 187/10/135 188/8/51 189/2/136
f 189/2/136 188/8/51 190/9/98
f 193/10/137 192/1/26 191/13/138
f 192/1/26 193/10/137 194/2/27
f 197/8/68 196/11/139 195/12/140
f 196/11/139 197/8/68 198/9/141
f 196/11/139 198/9/141 199/9/132
f 196/11/139 199/9/132 200/6/142
f 200/6/142 199/9/132 201/8/143
f 204/4/144 203/12/145 202/11/58
f 205/4/146 203/12/145 204/4/144
f 203/12/145 205/4/146 206/14/74
f 209/4/147 208/12/148 207/11/81
f 210/4/149 208/12/148 209/4/147
f 208/12/148 210/4/149 211/14/112
f 214/9/130 213/10/118 212/2/131
f 213/10/118 214/9/130 215/5/70
f 215/5/70 214/9/130 216/8/68
f 219/12/121 218/5/86 217/14/150
f 218/5/86 219/12/121 220/8/120
f 223/1/151 222/10/152 221/2/125
f 222/10/152 223/1/151 224/13/153
f 227/2/25 226/13/154 225/1/28
f 226/13/154 227/2/25 228/10/90
s 0
f 231/1/155 230/13/155 229/1/155
f 230/13/155 231/1/155 232/15/155
f 232/15/155 231/1/155 233/13/155
f 236/13/156 235/13/156 234/15/156
f 235/13/156 236/13/156 237/1/156
f 235/13/156 237/1/156 238/1/156
f 241/13/157 240/1/157 239/1/157
f 240/1/157 241/13/157 242/15/157
f 240/1/157 242/15/157 243/13/157
f 246/13/158 245/13/158 244/15/158
s 1
f 245/13/158 246/13/158 247/1/159
f 247/1/159 246/13/158 248/1/160
s 0
f 251/16/161 250/16/161 249/17/161
f 251/16/161 252/18/161 250/16/161
f 253/18/161 250/16/161 252/18/161
s 1
f 251/16/161 254/19/162 252/18/161
f 255/20/161 254/19/162 251/16/161
f 256/19/162 250/16/161 253/18/161
f 254/19/162 255/20/161 256/19/162
f 256/19/162 257/20/161 250/16/161
f 257/20/161 256/19/162 255/20/161
f 260/21/163 259/22/164 258/21/163
f 259/22/164 260/21/163 261/23/164
f 261/23/164 260/21/163 262/22/164
f 265/19/165 264/24/166 263/19/162
f 264/24/166 265/19/165 266/25/166
f 266/25/166 265/19/165 267/24/166
s 0
f 270/26/167 269/22/167 268/21/167
f 269/22/167 270/26/167 271/27/167
s 1
f 274/22/168 273/21/169 272/21/169
f 273/21/169 274/22/168 275/23/168
f 273/21/169 275/23/168 276/22/168
f 279/24/170 278/19/171 277/19/172
f 278/19/171 279/24/170 280/25/170
f 278/19/171 280/25/170 281/24/170
s 0
f 284/20/173 283/20/173 282/20/173
f 283/20/173 284/20/173 285/20/173
f 288/28/174 287/19/174 286/18/174
f 287/19/174 288/28/174 289/24/174
f 292/19/175 291/28/175 290/18/175
f 291/28/175 292/19/175 293/24/175
f 296/16/176 295/16/176 294/17/176
f 297/18/176 295/16/176 296/16/176
f 296/16/176 298/18/176 297/18/176
s 1
f 296/16/176 299/19/171 298/18/176
f 300/20/176 299/19/171 296/16/176
f 301/19/171 295/16/176 297/18/176
f 299/19/171 300/20/176 301/19/171
f 301/19/171 302/20/176 295/16/176
f 302/20/176 301/19/171 300/20/176
s 0
f 305/22/177 304/26/177 303/21/177
f 304/26/177 305/22/177 306/27/177
f 309/26/178 308/22/178 307/21/178
f 308/22/178 309/26/178 310/27/178
f 313/22/179 312/26/179 311/21/179
f 312/26/179 313/22/179 314/27/179
f 317/19/180 316/28/180 315/24/180
f 316/28/180 317/19/180 318/18/180
f 321/28/181 320/19/181 319/24/181
f 320/19/181 321/28/181 322/18/181
f 325/18/182 324/28/182 323/18/182
f 324/28/182 325/18/182 326/29/182
f 326/29/182 325/18/182 327/28/182
f 330/26/183 329/27/183 328/26/183
f 329/27/183 330/26/183 331/30/183
f 331/30/183 330/26/183 332/27/183
f 335/27/184 334/26/184 333/26/184
f 334/26/184 335/27/184 336/30/184
f 334/26/184 336/30/184 337/27/184
f 340/28/185 339/18/185 338/18/185
f 339/18/185 340/28/185 341/29/185
f 339/18/185 341/29/185 342/28/185
s 1
f 345/20/186 344/21/187 343/20/186
f 344/21/187 345/20/186 346/16/186
f 343/20/186 344/21/187 347/21/187
f 346/16/186 348/26/186 344/21/187
f 343/20/186 347/21/187 349/16/186
s 0
f 348/26/186 346/16/186 350/17/186
s 1
f 351/26/186 349/16/186 347/21/187
s 0
f 348/26/186 350/17/186 351/26/186
f 351/26/186 350/17/186 349/16/186
s 1
f 354/20/188 353/21/189 352/16/188
f 353/21/189 354/20/188 355/20/188
f 356/26/188 352/16/188 353/21/189
f 353/21/189 355/20/188 357/21/189
s 0
f 352/16/188 356/26/188 358/17/188
s 1
f 357/21/189 355/20/188 359/16/188
s 0
f 358/17/188 356/26/188 360/26/188
f 358/17/188 360/26/188 359/16/188
s 1
f 359/16/188 360/26/188 357/21/189
o Iron_crown_triangulated
v 0.069345 0.455957 0.009664
v 0.069634 0.457758 0.013771
v 0.066761 0.443441 0.012382
v 0.066928 0.443441 0.008969
v 0.070333 0.461626 -0.006908
v 0.069634 0.457758 -0.002658
v 0.066761 0.443441 -0.001269
v 0.066287 0.443441 -0.004477
v 0.066068 0.470897 -0.025108
v 0.067608 0.471112 -0.019661
v 0.062373 0.443441 -0.018969
v 0.059829 0.443441 -0.024292
v 0.056566 0.455953 -0.033664
v 0.059425 0.457753 -0.030705
v 0.056786 0.443441 -0.029470
v 0.054701 0.443441 -0.032294
v 0.046675 0.461614 -0.046984
v 0.048871 0.457749 -0.043285
v 0.046396 0.443441 -0.041834
v 0.044338 0.443441 -0.043514
v 0.031706 0.470898 -0.058193
v 0.036379 0.471112 -0.055013
v 0.032796 0.443441 -0.051127
v 0.027308 0.443441 -0.053573
v 0.018927 0.455957 -0.058637
v 0.023023 0.457758 -0.058208
v 0.021156 0.443441 -0.055619
v 0.017824 0.443441 -0.056376
v 0.002779 0.461626 -0.062487
v 0.006843 0.457758 -0.061061
v 0.007711 0.443441 -0.057990
v 0.004471 0.443441 -0.058081
v -0.015885 0.470898 -0.061449
v -0.010258 0.471113 -0.062015
v -0.010494 0.443441 -0.056735
v -0.016284 0.443441 -0.055083
v -0.025959 0.455957 -0.053575
v -0.022546 0.457758 -0.055879
v -0.022313 0.443441 -0.052696
v -0.025352 0.443441 -0.051134
v -0.040805 0.461626 -0.046145
v -0.036775 0.457758 -0.047664
v -0.034135 0.443441 -0.045870
v -0.036676 0.443441 -0.043857
v -0.054434 0.470897 -0.033352
v -0.050472 0.470998 -0.037383
v -0.047274 0.443441 -0.033206
v -0.050649 0.443441 -0.028220
v -0.057091 0.455957 -0.020845
v -0.055957 0.457758 -0.024804
v -0.053732 0.443441 -0.022516
v -0.055056 0.443441 -0.019366
v -0.063687 0.461626 -0.005610
v -0.061577 0.457758 -0.009365
v -0.058401 0.443441 -0.009687
v -0.059053 0.443441 -0.006511
v -0.065905 0.470897 0.012950
v -0.065456 0.470979 0.007316
v -0.060326 0.443441 0.008459
v -0.059706 0.443441 0.014448
v -0.059900 0.455957 0.024238
v -0.061577 0.457758 0.020478
v -0.058401 0.443441 0.020800
v -0.057391 0.443441 0.024064
v -0.055161 0.461626 0.040149
v -0.055957 0.457758 0.035916
v -0.053732 0.443441 0.033628
v -0.052190 0.443441 0.036480
v -0.044929 0.470897 0.055793
v -0.048206 0.470971 0.051187
v -0.043542 0.443441 0.048767
v -0.039217 0.443441 0.052956
v -0.033073 0.455957 0.060580
v -0.036775 0.457758 0.058777
v -0.034135 0.443441 0.056983
v -0.031263 0.443441 0.058834
v -0.019216 0.461626 0.069722
v -0.022547 0.457758 0.066992
v -0.022313 0.443441 0.063809
v -0.019298 0.443441 0.065002
v 0.001230 0.443441 0.069284
v -0.001322 0.470897 0.075129
v -0.006792 0.470971 0.073707
v -0.004776 0.443441 0.068855
v 0.010837 0.455957 0.071176
v 0.006842 0.457758 0.072174
v 0.007711 0.443441 0.069103
v 0.011101 0.443441 0.068675
v 0.027329 0.461626 0.069271
v 0.023022 0.457758 0.069321
v 0.021156 0.443441 0.066732
v 0.024232 0.443441 0.065709
v 0.044512 0.470897 0.061912
v 0.039407 0.470968 0.064338
v 0.037833 0.443441 0.059326
v 0.042710 0.443441 0.055794
v 0.051286 0.455957 0.051068
v 0.048867 0.457758 0.054400
v 0.047558 0.443441 0.051489
v 0.049880 0.443441 0.048982
v 0.062695 0.461626 0.039008
v 0.059427 0.457758 0.041814
v 0.056333 0.443441 0.041031
v 0.058032 0.443441 0.038270
v 0.066928 0.443441 0.002144
v 0.069345 0.455957 0.001449
v 0.069056 0.455353 0.005556
v 0.067095 0.443441 0.005556
v 0.049506 0.443441 -0.038476
v 0.051289 0.455951 -0.039954
v 0.053707 0.455349 -0.036623
v 0.052616 0.443441 -0.035119
v 0.011101 0.443441 -0.057562
v 0.010837 0.455957 -0.060063
v 0.014832 0.455353 -0.059065
v 0.014492 0.443441 -0.057134
v -0.031263 0.443441 -0.047721
v -0.033073 0.455957 -0.049468
v -0.029372 0.455353 -0.051271
v -0.028391 0.443441 -0.049572
v -0.057391 0.443441 -0.012951
v -0.059900 0.455957 -0.013126
v -0.058224 0.455353 -0.016887
v -0.056380 0.443441 -0.016216
v -0.055056 0.443441 0.030478
v -0.057091 0.455957 0.031958
v -0.058224 0.455353 0.027999
v -0.056380 0.443441 0.027328
v -0.025352 0.443441 0.062247
v -0.025959 0.455957 0.064688
v -0.029372 0.455353 0.062384
v -0.028391 0.443441 0.060685
v 0.017823 0.443441 0.067489
v 0.018927 0.455957 0.069750
v 0.014832 0.455353 0.070178
v 0.014491 0.443441 0.068246
v 0.054268 0.443441 0.043753
v 0.056566 0.455957 0.044775
v 0.053704 0.455353 0.047735
v 0.052202 0.443441 0.046474
v 0.064349 0.443441 0.024637
v 0.068808 0.471131 0.027484
v 0.067608 0.471131 0.030778
v 0.062363 0.443441 0.030093
v 0.068804 0.471112 -0.016369
v 0.064349 0.443441 -0.013524
v 0.039378 0.471113 -0.053305
v 0.037737 0.443441 -0.048324
v -0.006804 0.471113 -0.062624
v -0.004776 0.443441 -0.057743
v -0.048211 0.470998 -0.040078
v -0.043542 0.443441 -0.037654
v -0.065456 0.470979 0.003797
v -0.060326 0.443441 0.002654
v -0.050468 0.470971 0.048491
v -0.047274 0.443441 0.044319
v -0.010258 0.470971 0.073096
v -0.010494 0.443441 0.067847
v 0.036359 0.470968 0.066098
v 0.032805 0.443441 0.062229
v 0.065814 0.443441 0.018797
v 0.066287 0.443441 0.015589
v 0.070333 0.461626 0.018021
v 0.071127 0.470898 0.022326
v 0.071517 0.494783 0.029107
v 0.068048 0.470319 0.021625
v 0.067022 0.470894 0.027088
v 0.066720 0.457358 -0.002101
v 0.067345 0.461104 -0.006414
v 0.063462 0.443766 -0.004453
v 0.063948 0.443766 -0.001288
v 0.040579 0.443766 -0.042805
v 0.042690 0.443766 -0.041026
v 0.044692 0.461108 -0.044695
v 0.042602 0.470319 -0.048283
v 0.070728 0.494783 -0.020163
v 0.063260 0.470319 -0.023665
v 0.065975 0.470838 -0.018819
v 0.046992 0.457359 -0.040987
v 0.044802 0.443766 -0.039246
v 0.000803 0.443766 -0.055365
v 0.004004 0.443766 -0.055294
v 0.002746 0.461103 -0.059459
v -0.001167 0.470318 -0.060862
v 0.038452 0.494783 -0.057400
v 0.030481 0.470318 -0.055282
v 0.035699 0.471015 -0.053343
v 0.006886 0.457358 -0.058094
v 0.007205 0.443766 -0.055224
v -0.037740 0.443766 -0.039418
v -0.035243 0.443766 -0.041422
v -0.038883 0.461103 -0.043804
v -0.042783 0.470319 -0.042363
v -0.010207 0.494783 -0.065178
v -0.014952 0.470318 -0.058431
v -0.009709 0.471094 -0.060317
v -0.034835 0.457358 -0.045419
v -0.032746 0.443766 -0.043425
v -0.057015 0.443766 -0.002428
v -0.056390 0.443766 -0.005567
v -0.060710 0.461103 -0.005053
v -0.062772 0.470319 -0.001442
v -0.052481 0.494783 -0.039859
v -0.051780 0.470319 -0.031641
v -0.048954 0.470933 -0.036430
v -0.058647 0.457358 -0.008892
v -0.055765 0.443766 -0.008707
v -0.048004 0.443766 0.038299
v -0.049543 0.443766 0.035492
v -0.052522 0.461104 0.038662
v -0.051780 0.470319 0.042753
v -0.068591 0.494783 0.006710
v -0.062772 0.470319 0.012555
v -0.063679 0.470905 0.007070
v -0.053409 0.457358 0.034395
v -0.051083 0.443766 0.032684
v -0.014923 0.443766 0.063705
v -0.017906 0.443766 0.062544
v -0.018150 0.461104 0.066887
v -0.014952 0.470319 0.069544
v -0.050998 0.494783 0.052739
v -0.042783 0.470319 0.053476
v -0.047013 0.470959 0.049863
v -0.021573 0.457358 0.064189
v -0.020890 0.443766 0.061383
v 0.026750 0.443766 0.061902
v 0.023718 0.443766 0.062931
v 0.026323 0.461104 0.066414
v 0.030481 0.470319 0.066395
v -0.007934 0.494783 0.076691
v -0.001167 0.470319 0.071975
v -0.006722 0.470837 0.071903
v 0.021967 0.457358 0.066547
v 0.020686 0.443766 0.063959
v 0.057514 0.443766 0.033735
v 0.055853 0.443766 0.036472
v 0.060088 0.461104 0.037466
v 0.063260 0.470319 0.034778
v 0.040451 0.494783 0.067358
v 0.042603 0.470319 0.059396
v 0.038306 0.470898 0.062923
v 0.056836 0.457358 0.040368
v 0.054191 0.443766 0.039209
v -0.034835 0.457358 0.056532
v -0.032745 0.443766 0.054538
v -0.035243 0.443766 0.052535
v -0.038883 0.461104 0.054917
v 0.047296 0.443766 -0.036545
v 0.049790 0.443766 -0.033843
v 0.051712 0.455201 -0.034953
v 0.049352 0.455681 -0.037970
v 0.010633 0.455682 -0.057300
v 0.010606 0.443766 -0.054806
v -0.031454 0.455682 -0.047220
v -0.029871 0.443766 -0.045291
v -0.057215 0.455682 -0.012445
v -0.054763 0.443766 -0.011985
v -0.054596 0.455682 0.030753
v -0.052421 0.443766 0.029530
v -0.024823 0.455682 0.062161
v -0.023943 0.443766 0.059827
v 0.018174 0.455682 0.067084
v 0.017347 0.443766 0.064730
v 0.054275 0.455682 0.043217
v 0.052128 0.443766 0.041945
v 0.059772 0.443766 0.028665
v 0.065986 0.470894 0.029934
v 0.061447 0.443766 0.024066
v 0.061447 0.443766 -0.012952
v 0.067012 0.470838 -0.015969
v 0.059773 0.443766 -0.017552
v 0.035978 0.443766 -0.045910
v 0.038315 0.471015 -0.051832
v 0.031739 0.443766 -0.048357
v -0.004717 0.443766 -0.054785
v -0.006739 0.471094 -0.060840
v -0.009538 0.443766 -0.053935
v -0.041596 0.443766 -0.035426
v -0.047008 0.470933 -0.038748
v -0.044743 0.443766 -0.031677
v -0.057404 0.443766 0.003109
v -0.063679 0.470905 0.004042
v -0.057404 0.443766 0.008004
v -0.044742 0.443766 0.042790
v -0.048957 0.470959 0.047547
v -0.041596 0.443766 0.046539
v -0.009537 0.443766 0.065048
v -0.009708 0.470837 0.071376
v -0.004717 0.443766 0.065898
v 0.031739 0.443766 0.059470
v 0.035684 0.470898 0.064437
v 0.035978 0.443766 0.057023
v -0.037740 0.443766 0.050531
v 0.073943 0.494668 -0.018826
v 0.073121 0.494668 -0.021085
v 0.071517 0.494783 -0.017995
v 0.054274 0.455681 -0.032104
v 0.044513 0.470894 -0.050796
v 0.041774 0.494669 -0.058443
v 0.039691 0.494667 -0.059644
v 0.040451 0.494783 -0.056245
v 0.014381 0.455202 -0.056507
v 0.018174 0.455682 -0.055971
v -0.001323 0.470898 -0.064017
v -0.008332 0.494668 -0.068112
v -0.010699 0.494668 -0.067695
v -0.007934 0.494783 -0.065579
v -0.028073 0.455202 -0.049021
v -0.024823 0.455682 -0.051048
v -0.044929 0.470897 -0.044680
v -0.052931 0.494668 -0.043312
v -0.054476 0.494668 -0.041470
v -0.050998 0.494783 -0.041627
v -0.055782 0.455202 -0.015998
v -0.054596 0.455682 -0.019640
v -0.065905 0.470897 -0.001837
v -0.071155 0.494668 0.004355
v -0.071155 0.494668 0.006758
v -0.068591 0.494783 0.004402
v -0.055782 0.455202 0.027111
v -0.057215 0.455682 0.023558
v -0.054434 0.470897 0.044465
v -0.054476 0.494668 0.052583
v -0.052931 0.494668 0.054424
v -0.052482 0.494783 0.050971
v -0.028073 0.455202 0.060134
v -0.031454 0.455682 0.058333
v -0.015885 0.470897 0.072562
v -0.010699 0.494668 0.078807
v -0.008332 0.494668 0.079225
v -0.010207 0.494783 0.076290
v 0.014381 0.455202 0.067620
v 0.010633 0.455682 0.068413
v 0.031706 0.470897 0.069306
v 0.039693 0.494668 0.070757
v 0.041775 0.494668 0.069555
v 0.038453 0.494783 0.068512
v 0.051714 0.455202 0.046065
v 0.049353 0.455682 0.049082
v 0.066070 0.470898 0.036220
v 0.073121 0.494668 0.032198
v 0.073943 0.494668 0.029939
v 0.070728 0.494783 0.031276
v 0.066458 0.455202 0.005556
v 0.066589 0.455682 0.009385
v 0.066589 0.455682 0.001728
v 0.071127 0.470898 -0.011213
v 0.068048 0.470319 -0.010512
v 0.062689 0.461622 -0.027899
v 0.058308 0.443441 -0.026881
v 0.027329 0.461626 -0.058158
v 0.024232 0.443441 -0.054596
v -0.019216 0.461626 -0.058609
v -0.019298 0.443441 -0.053890
v -0.055161 0.461626 -0.029036
v -0.052190 0.443441 -0.025368
v -0.063687 0.461626 0.016723
v -0.059053 0.443441 0.017624
v -0.040805 0.461626 0.057257
v -0.036676 0.443441 0.054969
v 0.002779 0.461626 0.073600
v 0.004471 0.443441 0.069194
v 0.046670 0.461626 0.058105
v 0.045134 0.443441 0.053641
v 0.062975 0.443766 0.018730
v 0.065814 0.443441 -0.007684
v 0.060088 0.461104 -0.026353
v 0.026323 0.461103 -0.055302
v -0.018150 0.461103 -0.055774
v -0.052522 0.461103 -0.027550
v -0.060710 0.461104 0.016165
v 0.002746 0.461104 0.070571
v 0.044699 0.461104 0.055805
v 0.067345 0.461104 0.017526
v 0.065814 0.440313 0.018797
v 0.066287 0.440313 0.015589
v 0.067095 0.440313 0.005556
v 0.066928 0.440313 0.002144
v 0.065814 0.440313 -0.007684
v 0.064349 0.440313 -0.013524
v 0.059829 0.440313 -0.024292
v 0.058308 0.440313 -0.026881
v 0.052616 0.440313 -0.035119
v 0.049506 0.440313 -0.038476
v 0.042280 0.443441 -0.045194
v 0.042280 0.440313 -0.045194
v 0.037737 0.440313 -0.048324
v 0.027308 0.440313 -0.053573
v 0.024232 0.440313 -0.054596
v 0.014492 0.440313 -0.057134
v 0.011101 0.440313 -0.057562
v 0.001230 0.443441 -0.058172
v 0.001230 0.440313 -0.058172
v -0.004776 0.440313 -0.057743
v -0.028391 0.440313 -0.049572
v -0.031263 0.440313 -0.047721
v -0.039217 0.443441 -0.041843
v -0.039217 0.440313 -0.041843
v -0.043542 0.440313 -0.037654
v -0.050649 0.440313 -0.028220
v -0.052190 0.440313 -0.025368
v -0.056380 0.440313 -0.016216
v -0.057391 0.440313 -0.012951
v -0.059706 0.443441 -0.003336
v -0.059706 0.440313 -0.003336
v -0.060326 0.440313 0.002654
v -0.059706 0.440313 0.014448
v -0.059053 0.440313 0.017624
v -0.056380 0.440313 0.027328
v -0.055056 0.440313 0.030478
v -0.050649 0.443441 0.039332
v -0.050649 0.440313 0.039332
v -0.047274 0.440313 0.044319
v -0.039217 0.440313 0.052956
v -0.036676 0.440313 0.054969
v -0.028391 0.440313 0.060685
v -0.025352 0.440313 0.062247
v -0.016284 0.443441 0.066196
v -0.016284 0.440313 0.066196
v -0.010494 0.440313 0.067847
v 0.001230 0.440313 0.069284
v 0.004471 0.440313 0.069194
v 0.014491 0.440313 0.068246
v 0.017823 0.440313 0.067489
v 0.027308 0.443441 0.064686
v 0.027308 0.440313 0.064686
v 0.032805 0.440313 0.062229
v 0.042710 0.440313 0.055794
v 0.045134 0.440313 0.053641
v 0.052202 0.440313 0.046474
v 0.054268 0.440313 0.043753
v 0.059731 0.443441 0.035509
v 0.059731 0.440313 0.035509
v 0.062363 0.440313 0.030093
v 0.066761 0.440313 0.012382
v 0.066928 0.440313 0.008969
v 0.056786 0.440313 -0.029470
v 0.054701 0.440313 -0.032294
v 0.021156 0.440313 -0.055619
v 0.017824 0.440313 -0.056376
v -0.022313 0.440313 -0.052696
v -0.025352 0.440313 -0.051134
v -0.053732 0.440313 -0.022516
v -0.055056 0.440313 -0.019366
v -0.058401 0.440313 0.020800
v -0.057391 0.440313 0.024064
v -0.034135 0.440313 0.056983
v -0.031263 0.440313 0.058834
v 0.007711 0.440313 0.069103
v 0.011101 0.440313 0.068675
v 0.047558 0.440313 0.051489
v 0.049880 0.440313 0.048982
v 0.064349 0.440313 0.024637
v 0.062373 0.440313 -0.018969
v 0.032796 0.440313 -0.051127
v -0.010494 0.440313 -0.056735
v -0.047274 0.440313 -0.033206
v -0.060326 0.440313 0.008459
v -0.043542 0.440313 0.048767
v -0.004776 0.440313 0.068855
v 0.037833 0.440313 0.059326
v 0.066761 0.440313 -0.001269
v 0.066287 0.440313 -0.004477
v 0.046396 0.440313 -0.041834
v 0.044338 0.440313 -0.043514
v 0.007711 0.440313 -0.057990
v 0.004471 0.440313 -0.058081
v -0.016284 0.440313 -0.055083
v -0.034135 0.440313 -0.045870
v -0.036676 0.440313 -0.043857
v -0.058401 0.440313 -0.009687
v -0.059053 0.440313 -0.006511
v -0.053732 0.440313 0.033628
v -0.052190 0.440313 0.036480
v -0.022313 0.440313 0.063809
v -0.019298 0.440313 0.065002
v 0.021156 0.440313 0.066732
v 0.024232 0.440313 0.065709
v 0.056333 0.440313 0.041031
v 0.058032 0.440313 0.038270
v 0.064977 0.440313 0.018608
v 0.065443 0.440313 0.015444
v 0.066240 0.440313 0.005547
v 0.066075 0.440313 0.002181
v 0.064977 0.440313 -0.007514
v 0.063531 0.440313 -0.013274
v 0.059073 0.440313 -0.023896
v 0.057572 0.440313 -0.026450
v 0.051946 0.440313 -0.034588
v 0.048884 0.440313 -0.037894
v 0.041762 0.440313 -0.044514
v 0.037281 0.440313 -0.047601
v 0.026994 0.440313 -0.052779
v 0.023959 0.440313 -0.053788
v 0.014351 0.440313 -0.056291
v 0.011007 0.440313 -0.056714
v 0.001270 0.440313 -0.057315
v -0.004655 0.440313 -0.056892
v -0.019298 0.440313 -0.053890
v -0.016006 0.440313 -0.054269
v -0.018980 0.440313 -0.053091
v -0.027949 0.440313 -0.048833
v -0.030782 0.440313 -0.047007
v -0.038628 0.440313 -0.041208
v -0.042894 0.440313 -0.037076
v -0.049904 0.440313 -0.027770
v -0.051425 0.440313 -0.024957
v -0.055558 0.440313 -0.015929
v -0.056554 0.440313 -0.012709
v -0.058838 0.440313 -0.003224
v -0.059450 0.440313 0.002684
v -0.058838 0.440313 0.014318
v -0.058194 0.440313 0.017451
v -0.055558 0.440313 0.027023
v -0.054252 0.440313 0.030130
v -0.049904 0.440313 0.038864
v -0.046575 0.440313 0.043783
v -0.038628 0.440313 0.052302
v -0.036121 0.440313 0.054289
v -0.027949 0.440313 0.059927
v -0.024951 0.440313 0.061467
v -0.016006 0.440313 0.065363
v -0.010294 0.440313 0.066992
v 0.001270 0.440313 0.068409
v 0.004466 0.440313 0.068320
v 0.014351 0.440313 0.067385
v 0.017638 0.440313 0.066638
v 0.026994 0.440313 0.063873
v 0.032416 0.440313 0.061450
v 0.042186 0.440313 0.055102
v 0.044578 0.440313 0.052979
v 0.051549 0.440313 0.045909
v 0.053587 0.440313 0.043224
v 0.058977 0.440313 0.035092
v 0.061572 0.440313 0.029750
v 0.065910 0.440313 0.012280
v 0.066075 0.440313 0.008914
v 0.056072 0.440313 -0.029003
v 0.054009 0.440313 -0.031796
v 0.020925 0.440313 -0.054798
v 0.017638 0.440313 -0.055544
v -0.021953 0.440313 -0.051914
v -0.024951 0.440313 -0.050373
v -0.052945 0.440313 -0.022144
v -0.054252 0.440313 -0.019036
v -0.057551 0.440313 0.020584
v -0.056554 0.440313 0.023803
v -0.033615 0.440313 0.056275
v -0.030782 0.440313 0.058101
v 0.007663 0.440313 0.068230
v 0.011007 0.440313 0.067808
v 0.046969 0.440313 0.050855
v 0.049259 0.440313 0.048382
v 0.063531 0.440313 0.024368
v 0.061582 0.440313 -0.018645
v 0.032407 0.440313 -0.050366
v -0.010294 0.440313 -0.055898
v -0.046575 0.440313 -0.032689
v -0.059450 0.440313 0.008410
v -0.042894 0.440313 0.048170
v -0.004655 0.440313 0.067986
v 0.037376 0.440313 0.058586
v 0.065910 0.440313 -0.001186
v 0.065443 0.440313 -0.004350
v 0.045823 0.440313 -0.041199
v 0.043793 0.440313 -0.042856
v 0.007663 0.440313 -0.057136
v 0.004467 0.440313 -0.057226
v -0.033615 0.440313 -0.045181
v -0.036121 0.440313 -0.043195
v -0.057551 0.440313 -0.009489
v -0.058194 0.440313 -0.006357
v -0.052945 0.440313 0.033238
v -0.051425 0.440313 0.036051
v -0.021953 0.440313 0.063008
v -0.018980 0.440313 0.064185
v 0.020925 0.440313 0.065892
v 0.023959 0.440313 0.064883
v 0.055625 0.440313 0.040540
v 0.057301 0.440313 0.037816
v 0.065443 0.434850 0.015444
v 0.065910 0.434850 0.012280
v 0.066075 0.434850 0.002181
v 0.065910 0.434850 -0.001186
v 0.064977 0.434850 -0.007514
v 0.063531 0.434850 -0.013274
v 0.057572 0.434850 -0.026450
v 0.056072 0.434850 -0.029003
v 0.051780 0.434850 -0.034768
v 0.048801 0.434850 -0.037984
v 0.041762 0.434850 -0.044514
v 0.037281 0.434850 -0.047601
v 0.023959 0.434850 -0.053788
v 0.020925 0.434850 -0.054798
v 0.011007 0.434850 -0.056714
v 0.007663 0.434850 -0.057136
v 0.001270 0.434850 -0.057315
v -0.004655 0.434850 -0.056892
v -0.018980 0.434850 -0.053091
v -0.021953 0.434850 -0.051914
v -0.030782 0.434850 -0.047007
v -0.033615 0.434850 -0.045181
v -0.038628 0.434850 -0.041208
v -0.042894 0.434850 -0.037076
v -0.051425 0.434850 -0.024957
v -0.052945 0.434850 -0.022144
v -0.056554 0.434850 -0.012709
v -0.057551 0.434850 -0.009489
v -0.058838 0.434850 -0.003224
v -0.059450 0.434850 0.002684
v -0.058194 0.434850 0.017451
v -0.057551 0.434850 0.020584
v -0.054252 0.434850 0.030130
v -0.052945 0.434850 0.033238
v -0.049904 0.434850 0.038864
v -0.046575 0.434850 0.043783
v -0.036121 0.434850 0.054289
v -0.033615 0.434850 0.056275
v -0.024951 0.434850 0.061467
v -0.021953 0.434850 0.063008
v -0.016006 0.434850 0.065363
v -0.010294 0.434850 0.066992
v 0.004466 0.434850 0.068320
v 0.007663 0.434850 0.068230
v 0.017638 0.434850 0.066638
v 0.020925 0.434850 0.065892
v 0.026994 0.434850 0.063873
v 0.032416 0.434850 0.061450
v 0.044578 0.434850 0.052979
v 0.046969 0.434850 0.050855
v 0.053587 0.434850 0.043224
v 0.055625 0.434850 0.040540
v 0.058977 0.434850 0.035092
v 0.061572 0.434850 0.029750
v 0.066075 0.434850 0.008914
v 0.066240 0.434850 0.005547
v 0.053926 0.434850 -0.031886
v 0.017638 0.434850 -0.055544
v 0.014351 0.434850 -0.056291
v -0.024951 0.434850 -0.050373
v -0.027949 0.434850 -0.048833
v -0.054252 0.434850 -0.019036
v -0.055558 0.434850 -0.015929
v -0.056554 0.434850 0.023803
v -0.055558 0.434850 0.027023
v -0.030782 0.434850 0.058101
v -0.027949 0.434850 0.059927
v 0.011007 0.434850 0.067808
v 0.014351 0.434850 0.067385
v 0.049259 0.434850 0.048382
v 0.051549 0.434850 0.045909
v 0.063531 0.434850 0.024368
v 0.061582 0.434850 -0.018645
v 0.032407 0.434850 -0.050366
v -0.010294 0.434850 -0.055898
v -0.046575 0.434850 -0.032689
v -0.059450 0.434850 0.008410
v -0.042894 0.434850 0.048170
v -0.004655 0.434850 0.067986
v 0.037376 0.434850 0.058586
v 0.064977 0.434850 0.018608
v 0.065443 0.434850 -0.004350
v 0.059073 0.434850 -0.023896
v 0.043793 0.434850 -0.042856
v 0.026994 0.434850 -0.052779
v 0.004467 0.434850 -0.057226
v -0.016006 0.434850 -0.054269
v -0.036121 0.434850 -0.043195
v -0.049904 0.434850 -0.027770
v -0.058194 0.434850 -0.006357
v -0.058838 0.434850 0.014318
v -0.051425 0.434850 0.036051
v -0.038628 0.434850 0.052302
v -0.018980 0.434850 0.064185
v 0.001270 0.434850 0.068409
v 0.023959 0.434850 0.064883
v 0.042186 0.434850 0.055102
v 0.057301 0.434850 0.037816
v 0.064587 0.419908 0.015296
v 0.064132 0.419908 0.018417
v 0.061725 0.419908 0.017873
v 0.062167 0.419908 0.014878
v 0.065197 0.419908 0.002219
v 0.065361 0.419908 0.005537
v 0.062921 0.419908 0.005511
v 0.062765 0.419908 0.002324
v 0.062691 0.419908 -0.013018
v 0.064115 0.419908 -0.007338
v 0.061725 0.419908 -0.006852
v 0.060357 0.419908 -0.012304
v 0.056811 0.419908 -0.026003
v 0.058291 0.419908 -0.023486
v 0.056137 0.419908 -0.022358
v 0.054717 0.419908 -0.024775
v 0.048055 0.419908 -0.037501
v 0.050877 0.419908 -0.034452
v 0.048965 0.419908 -0.032939
v 0.046280 0.419908 -0.035838
v 0.036812 0.419908 -0.046857
v 0.041230 0.419908 -0.043814
v 0.039752 0.419908 -0.041873
v 0.035511 0.419908 -0.044796
v 0.023678 0.419908 -0.052953
v 0.026669 0.419908 -0.051959
v 0.025774 0.419908 -0.049697
v 0.022901 0.419908 -0.050652
v 0.010910 0.419908 -0.055840
v 0.014206 0.419908 -0.055421
v 0.013807 0.419908 -0.053021
v 0.010642 0.419908 -0.053421
v -0.004532 0.419908 -0.056037
v 0.001310 0.419908 -0.056446
v 0.001425 0.419908 -0.053990
v -0.004183 0.419908 -0.053590
v -0.018661 0.419908 -0.052295
v -0.015729 0.419908 -0.053455
v -0.014928 0.419908 -0.051107
v -0.017742 0.419908 -0.049992
v -0.030306 0.419908 -0.046301
v -0.027509 0.419908 -0.048098
v -0.026231 0.419908 -0.045961
v -0.028913 0.419908 -0.044233
v -0.042272 0.419908 -0.036522
v -0.038056 0.419908 -0.040592
v -0.036340 0.419908 -0.038745
v -0.040378 0.419908 -0.034834
v -0.050697 0.419908 -0.024566
v -0.049195 0.419908 -0.027342
v -0.047013 0.419908 -0.026025
v -0.048452 0.419908 -0.023362
v -0.055767 0.419908 -0.012481
v -0.054780 0.419908 -0.015658
v -0.052364 0.419908 -0.014817
v -0.053308 0.419908 -0.011770
v -0.058646 0.419908 0.002711
v -0.058034 0.419908 -0.003121
v -0.055469 0.419908 -0.002792
v -0.056048 0.419908 0.002800
v -0.057409 0.419908 0.017292
v -0.058045 0.419908 0.014199
v -0.055469 0.419908 0.013813
v -0.054860 0.419908 0.016778
v -0.053518 0.419908 0.029813
v -0.054806 0.419908 0.026744
v -0.052364 0.419908 0.025839
v -0.051128 0.419908 0.028780
v -0.045948 0.419908 0.043302
v -0.049231 0.419908 0.038441
v -0.047013 0.419908 0.037046
v -0.043862 0.419908 0.041702
v -0.035619 0.419908 0.053673
v -0.038096 0.419908 0.051713
v -0.036340 0.419908 0.049766
v -0.033967 0.419908 0.051646
v -0.024585 0.419908 0.060756
v -0.027545 0.419908 0.059235
v -0.026231 0.419908 0.056983
v -0.023394 0.419908 0.058441
v -0.010113 0.419908 0.066214
v -0.015753 0.419908 0.064605
v -0.014928 0.419908 0.062128
v -0.009521 0.419908 0.063670
v 0.004462 0.419908 0.067510
v 0.001307 0.419908 0.067603
v 0.001425 0.419908 0.065012
v 0.004451 0.419908 0.064927
v 0.017463 0.419908 0.065838
v 0.014220 0.419908 0.066577
v 0.013807 0.419908 0.064042
v 0.016918 0.419908 0.063336
v 0.032048 0.419908 0.060712
v 0.026697 0.419908 0.063106
v 0.025774 0.419908 0.060718
v 0.030906 0.419908 0.058424
v 0.044038 0.419908 0.052337
v 0.041682 0.419908 0.054436
v 0.040154 0.419908 0.052416
v 0.042417 0.419908 0.050406
v 0.052915 0.419908 0.042703
v 0.050907 0.419908 0.045353
v 0.049016 0.419908 0.043715
v 0.050945 0.419908 0.041173
v 0.060787 0.419908 0.029410
v 0.058228 0.419908 0.034680
v 0.056046 0.419908 0.033476
v 0.058503 0.419908 0.028419
v 0.065202 0.419908 0.008857
v 0.065043 0.419908 0.012176
v 0.062609 0.419908 0.011884
v 0.062765 0.419908 0.008697
v 0.053104 0.419908 -0.031486
v 0.055332 0.419908 -0.028521
v 0.053296 0.419908 -0.027192
v 0.051130 0.419908 -0.030066
v 0.017446 0.419908 -0.054684
v 0.020686 0.419908 -0.053947
v 0.020029 0.419908 -0.051607
v 0.016918 0.419908 -0.052314
v -0.024552 0.419908 -0.049616
v -0.021594 0.419908 -0.051134
v -0.020556 0.419908 -0.048878
v -0.023394 0.419908 -0.047420
v -0.053489 0.419908 -0.018724
v -0.052198 0.419908 -0.021790
v -0.049892 0.419908 -0.020699
v -0.051128 0.419908 -0.017758
v -0.055789 0.419908 0.023565
v -0.056773 0.419908 0.020385
v -0.054251 0.419908 0.019743
v -0.053308 0.419908 0.022791
v -0.030344 0.419908 0.057434
v -0.033142 0.419908 0.055632
v -0.031595 0.419908 0.053526
v -0.028913 0.419908 0.055254
v 0.010919 0.419908 0.066997
v 0.007618 0.419908 0.067418
v 0.007476 0.419908 0.064842
v 0.010642 0.419908 0.064442
v 0.048650 0.419908 0.047795
v 0.046394 0.419908 0.050238
v 0.044680 0.419908 0.048396
v 0.046848 0.419908 0.046055
v 0.062714 0.419908 0.024100
v 0.060357 0.419908 0.023326
v 0.060767 0.419908 -0.018311
v 0.058512 0.419908 -0.017388
v 0.032006 0.419908 -0.049582
v 0.030897 0.419908 -0.047413
v -0.010095 0.419908 -0.055060
v -0.009521 0.419908 -0.052649
v -0.045909 0.419908 -0.032196
v -0.043862 0.419908 -0.030681
v -0.058650 0.419908 0.008366
v -0.056048 0.419908 0.008221
v -0.042312 0.419908 0.047635
v -0.040378 0.419908 0.045855
v -0.004544 0.419908 0.067193
v -0.004183 0.419908 0.064611
v 0.036941 0.419908 0.057882
v 0.035600 0.419908 0.055714
v 0.064574 0.419908 -0.004219
v 0.065034 0.419908 -0.001100
v 0.062609 0.419908 -0.000862
v 0.062167 0.419908 -0.003857
v 0.043232 0.419908 -0.042181
v 0.045234 0.419908 -0.040549
v 0.043596 0.419908 -0.038736
v 0.041674 0.419908 -0.040305
v 0.004462 0.419908 -0.056353
v 0.007614 0.419908 -0.056260
v 0.007476 0.419908 -0.053821
v 0.004451 0.419908 -0.053906
v -0.035579 0.419908 -0.042548
v -0.033103 0.419908 -0.044503
v -0.031595 0.419908 -0.042505
v -0.033967 0.419908 -0.040625
v -0.057394 0.419908 -0.006213
v -0.056754 0.419908 -0.009304
v -0.054251 0.419908 -0.008722
v -0.054860 0.419908 -0.005757
v -0.050731 0.419908 0.035662
v -0.052230 0.419908 0.032882
v -0.049892 0.419908 0.031721
v -0.048452 0.419908 0.034383
v -0.018689 0.419908 0.063441
v -0.021625 0.419908 0.062278
v -0.020556 0.419908 0.059899
v -0.017742 0.419908 0.061014
v 0.023702 0.419908 0.064103
v 0.020707 0.419908 0.065099
v 0.020029 0.419908 0.062629
v 0.022901 0.419908 0.061674
v 0.056576 0.419908 0.037366
v 0.054923 0.419908 0.040053
v 0.052873 0.419908 0.038632
v 0.054460 0.419908 0.036054
v 0.061725 0.427697 0.017873
v 0.062167 0.427697 0.014878
v 0.062921 0.427697 0.005511
v 0.062765 0.427697 0.002324
v 0.061725 0.427697 -0.006852
v 0.060357 0.427697 -0.012304
v 0.056137 0.427697 -0.022358
v 0.054717 0.427697 -0.024775
v 0.048965 0.427697 -0.032939
v 0.046280 0.427697 -0.035838
v 0.039752 0.427697 -0.041873
v 0.035511 0.427697 -0.044796
v 0.025774 0.427697 -0.049697
v 0.022901 0.427697 -0.050652
v 0.013807 0.427697 -0.053021
v 0.010642 0.427697 -0.053421
v 0.001425 0.427697 -0.053990
v -0.004183 0.427697 -0.053590
v -0.014928 0.427697 -0.051107
v -0.017742 0.427697 -0.049992
v -0.026231 0.427697 -0.045961
v -0.028913 0.427697 -0.044233
v -0.036340 0.427697 -0.038745
v -0.040378 0.427697 -0.034834
v -0.047013 0.427697 -0.026025
v -0.048452 0.427697 -0.023362
v -0.052364 0.427697 -0.014817
v -0.053308 0.427697 -0.011770
v -0.055469 0.427697 -0.002792
v -0.056048 0.427697 0.002800
v -0.055469 0.427697 0.013813
v -0.054860 0.427697 0.016778
v -0.052364 0.427697 0.025839
v -0.051128 0.427697 0.028780
v -0.047013 0.427697 0.037046
v -0.043862 0.427697 0.041702
v -0.036340 0.427697 0.049766
v -0.033967 0.427697 0.051646
v -0.026231 0.427697 0.056983
v -0.023394 0.427697 0.058441
v -0.014928 0.427697 0.062128
v -0.009521 0.427697 0.063670
v 0.001425 0.427697 0.065012
v 0.004451 0.427697 0.064927
v 0.013807 0.427697 0.064042
v 0.016918 0.427697 0.063336
v 0.025774 0.427697 0.060718
v 0.030906 0.427697 0.058424
v 0.040154 0.427697 0.052416
v 0.042417 0.427697 0.050406
v 0.049016 0.427697 0.043715
v 0.050945 0.427697 0.041173
v 0.056046 0.427697 0.033476
v 0.058503 0.427697 0.028419
v 0.062609 0.427697 0.011884
v 0.062765 0.427697 0.008697
v 0.053296 0.427697 -0.027192
v 0.051130 0.427697 -0.030066
v 0.020029 0.427697 -0.051607
v 0.016918 0.427697 -0.052314
v -0.020556 0.427697 -0.048878
v -0.023394 0.427697 -0.047420
v -0.049892 0.427697 -0.020699
v -0.051128 0.427697 -0.017758
v -0.054251 0.427697 0.019743
v -0.053308 0.427697 0.022791
v -0.031595 0.427697 0.053526
v -0.028913 0.427697 0.055254
v 0.007476 0.427697 0.064842
v 0.010642 0.427697 0.064442
v 0.044680 0.427697 0.048396
v 0.046848 0.427697 0.046055
v 0.060357 0.427697 0.023326
v 0.058512 0.427697 -0.017388
v 0.030897 0.427697 -0.047413
v -0.009521 0.427697 -0.052649
v -0.043862 0.427697 -0.030681
v -0.056048 0.427697 0.008221
v -0.040378 0.427697 0.045855
v -0.004183 0.427697 0.064611
v 0.035600 0.427697 0.055714
v 0.062609 0.427697 -0.000862
v 0.062167 0.427697 -0.003857
v 0.043596 0.427697 -0.038736
v 0.041674 0.427697 -0.040305
v 0.007476 0.427697 -0.053821
v 0.004451 0.427697 -0.053906
v -0.031595 0.427697 -0.042505
v -0.033967 0.427697 -0.040625
v -0.054251 0.427697 -0.008722
v -0.054860 0.427697 -0.005757
v -0.049892 0.427697 0.031721
v -0.048452 0.427697 0.034383
v -0.020556 0.427697 0.059899
v -0.017742 0.427697 0.061014
v 0.020029 0.427697 0.062629
v 0.022901 0.427697 0.061674
v 0.052873 0.427697 0.038632
v 0.054460 0.427697 0.036054
v -0.037026 0.435095 0.050156
v -0.040981 0.435095 0.046204
v -0.034593 0.435095 0.052095
v -0.029871 0.443766 0.056404
v -0.029386 0.435095 0.055829
v -0.032160 0.435095 0.054035
v -0.020730 0.435095 0.060634
v -0.023671 0.435095 0.059129
v -0.014938 0.435095 0.062909
v -0.017834 0.435095 0.061771
v -0.009538 0.435095 0.064358
v -0.004439 0.435095 0.065257
v 0.000803 0.443766 0.066477
v 0.001131 0.435095 0.065742
v 0.004004 0.443766 0.066407
v 0.004241 0.435095 0.065664
v 0.010606 0.443766 0.065918
v 0.010630 0.435095 0.065177
v 0.007351 0.435095 0.065586
v 0.007204 0.443766 0.066336
v 0.020349 0.435095 0.063294
v 0.017129 0.435095 0.064031
v 0.026248 0.435095 0.061313
v 0.023299 0.435095 0.062303
v 0.031316 0.435095 0.058952
v 0.035800 0.435095 0.056364
v 0.040578 0.443766 0.053918
v 0.040378 0.435095 0.053155
v 0.042985 0.443766 0.051807
v 0.042711 0.435095 0.051096
v 0.047729 0.443766 0.047189
v 0.047292 0.435095 0.046616
v 0.045043 0.435095 0.049037
v 0.045392 0.443766 0.049695
v 0.053527 0.435095 0.038926
v 0.051534 0.435095 0.041561
v 0.056773 0.435095 0.033617
v 0.055150 0.435095 0.036271
v 0.059138 0.435095 0.028551
v 0.060908 0.435095 0.023686
v 0.062353 0.435095 0.018285
v 0.063462 0.443766 0.015566
v 0.062816 0.435095 0.015208
v 0.064127 0.443766 0.008979
v 0.063446 0.435095 0.008832
v 0.063280 0.435095 0.012131
v 0.063948 0.443766 0.012401
v 0.064127 0.443766 0.002134
v 0.063280 0.435095 -0.001067
v 0.063446 0.435095 0.002232
v 0.062976 0.443766 -0.007617
v 0.062353 0.435095 -0.007220
v 0.062816 0.435095 -0.004144
v 0.060908 0.435095 -0.012622
v 0.059143 0.435095 -0.017481
v 0.057514 0.443766 -0.022622
v 0.056821 0.435095 -0.022501
v 0.055853 0.443766 -0.025359
v 0.055286 0.435095 -0.025071
v 0.051991 0.443766 -0.030969
v 0.049384 0.435095 -0.033391
v 0.051568 0.435095 -0.030515
v 0.046787 0.435095 -0.036199
v 0.042178 0.435095 -0.040675
v 0.044190 0.435095 -0.039007
v 0.035752 0.435095 -0.045354
v 0.040166 0.435095 -0.042344
v 0.031312 0.435095 -0.047893
v 0.026750 0.443766 -0.050789
v 0.026248 0.435095 -0.050249
v 0.023718 0.443766 -0.051818
v 0.023299 0.435095 -0.051239
v 0.017347 0.443766 -0.053617
v 0.017129 0.435095 -0.052967
v 0.020349 0.435095 -0.052229
v 0.020686 0.443766 -0.052846
v 0.007351 0.435095 -0.054521
v 0.010630 0.435095 -0.054113
v 0.001131 0.435095 -0.054678
v 0.004241 0.435095 -0.054599
v -0.004439 0.435095 -0.054193
v -0.009538 0.435095 -0.053294
v -0.014923 0.443766 -0.052592
v -0.014938 0.435095 -0.051844
v -0.017906 0.443766 -0.051431
v -0.017834 0.435095 -0.050707
v -0.023943 0.443766 -0.048714
v -0.023671 0.435095 -0.048065
v -0.020730 0.435095 -0.049570
v -0.020890 0.443766 -0.050270
v -0.032160 0.435095 -0.042971
v -0.029386 0.435095 -0.044765
v -0.037026 0.435095 -0.039092
v -0.034593 0.435095 -0.041031
v -0.040981 0.435095 -0.035140
v -0.044309 0.435095 -0.031174
v -0.048004 0.443766 -0.027186
v -0.047514 0.435095 -0.026593
v -0.049544 0.443766 -0.024379
v -0.049001 0.435095 -0.023860
v -0.052422 0.443766 -0.018417
v -0.051774 0.435095 -0.018084
v -0.050488 0.435095 -0.021128
v -0.051083 0.443766 -0.021571
v -0.055003 0.435095 -0.008725
v -0.054031 0.435095 -0.011883
v -0.056237 0.435095 -0.002626
v -0.055620 0.435095 -0.005675
v -0.056727 0.435095 0.002944
v -0.056727 0.435095 0.008121
v -0.057015 0.443766 0.013541
v -0.056237 0.435095 0.013690
v -0.056390 0.443766 0.016681
v -0.055620 0.435095 0.016740
v -0.054763 0.443766 0.023098
v -0.054031 0.435095 0.022947
v -0.055003 0.435095 0.019789
v -0.055765 0.443766 0.019821
v -0.050488 0.435095 0.032192
v -0.051774 0.435095 0.029148
v -0.047514 0.435095 0.037657
v -0.049001 0.435095 0.034924
v -0.044309 0.435095 0.042239
v 0.065443 0.427828 0.015444
v 0.067603 0.426946 0.015817
v 0.068086 0.426946 0.012541
v 0.065910 0.427828 0.012280
v 0.066075 0.427828 0.002181
v 0.068257 0.426946 0.002086
v 0.068086 0.426946 -0.001399
v 0.065910 0.427828 -0.001186
v 0.064977 0.427828 -0.007514
v 0.067120 0.426946 -0.007950
v 0.065623 0.426946 -0.013914
v 0.063531 0.427828 -0.013274
v 0.057572 0.427828 -0.026450
v 0.059455 0.426946 -0.027553
v 0.057901 0.426946 -0.030197
v 0.056072 0.427828 -0.029003
v 0.041762 0.427828 -0.044514
v 0.043087 0.426946 -0.046254
v 0.038448 0.426946 -0.049450
v 0.037281 0.427828 -0.047601
v 0.023959 0.427828 -0.053788
v 0.024657 0.426946 -0.055856
v 0.021515 0.426946 -0.056901
v 0.020925 0.427828 -0.054798
v 0.011007 0.427828 -0.056714
v 0.011248 0.426946 -0.058884
v 0.007786 0.426946 -0.059321
v 0.007663 0.427828 -0.057136
v 0.001270 0.427828 -0.057315
v 0.001168 0.426946 -0.059507
v -0.004966 0.426946 -0.059069
v -0.004655 0.427828 -0.056892
v -0.018980 0.427828 -0.053091
v -0.019795 0.426946 -0.055134
v -0.022874 0.426946 -0.053915
v -0.021953 0.427828 -0.051914
v -0.030782 0.427828 -0.047007
v -0.032014 0.426946 -0.048835
v -0.034947 0.426946 -0.046945
v -0.033615 0.427828 -0.045181
v -0.038628 0.427828 -0.041208
v -0.040136 0.426946 -0.042832
v -0.044553 0.426946 -0.038554
v -0.042894 0.427828 -0.037076
v -0.051425 0.427828 -0.024957
v -0.053384 0.426946 -0.026008
v -0.054958 0.426946 -0.023095
v -0.052945 0.427828 -0.022144
v -0.056554 0.427828 -0.012709
v -0.058695 0.426946 -0.013329
v -0.059726 0.426946 -0.009995
v -0.057551 0.427828 -0.009489
v -0.058838 0.427828 -0.003224
v -0.061059 0.426946 -0.003509
v -0.061692 0.426946 0.002607
v -0.059450 0.427828 0.002684
v -0.058194 0.427828 0.017451
v -0.060392 0.426946 0.017894
v -0.059726 0.426946 0.021138
v -0.057551 0.427828 0.020584
v -0.054252 0.427828 0.030130
v -0.056311 0.426946 0.031021
v -0.054958 0.426946 0.034238
v -0.052945 0.427828 0.033238
v -0.049904 0.427828 0.038864
v -0.051810 0.426946 0.040062
v -0.048364 0.426946 0.045155
v -0.046575 0.427828 0.043783
v -0.036121 0.427828 0.054289
v -0.037541 0.426946 0.056031
v -0.034947 0.426946 0.058087
v -0.033615 0.427828 0.056275
v -0.024951 0.427828 0.061467
v -0.025977 0.426946 0.063462
v -0.022874 0.426946 0.065057
v -0.021953 0.427828 0.063008
v -0.016006 0.427828 0.065363
v -0.016717 0.426946 0.067495
v -0.010804 0.426946 0.069181
v -0.010294 0.427828 0.066992
v 0.004466 0.427828 0.068320
v 0.004477 0.426946 0.070556
v 0.007786 0.426946 0.070463
v 0.007663 0.427828 0.068230
v 0.017638 0.427828 0.066638
v 0.018113 0.426946 0.068816
v 0.021515 0.426946 0.068043
v 0.020925 0.427828 0.065892
v 0.026994 0.427828 0.063873
v 0.027798 0.426946 0.065953
v 0.033412 0.426946 0.063444
v 0.032416 0.427828 0.061450
v 0.044578 0.427828 0.052979
v 0.046002 0.426946 0.054674
v 0.048477 0.426946 0.052476
v 0.046969 0.427828 0.050855
v 0.053587 0.427828 0.043224
v 0.055329 0.426946 0.044576
v 0.057438 0.426946 0.041797
v 0.055625 0.427828 0.040540
v 0.058977 0.427828 0.035092
v 0.060908 0.426946 0.036158
v 0.063596 0.426946 0.030627
v 0.061572 0.427828 0.029750
v 0.066075 0.427828 0.008914
v 0.068257 0.426946 0.009056
v 0.068427 0.426946 0.005571
v 0.066240 0.427828 0.005547
v 0.053819 0.427828 -0.032001
v 0.055591 0.426946 -0.033277
v 0.053280 0.426946 -0.036356
v 0.051566 0.427828 -0.034999
v 0.017638 0.427828 -0.055544
v 0.018113 0.426946 -0.057674
v 0.014710 0.426946 -0.058447
v 0.014351 0.427828 -0.056291
v -0.024951 0.427828 -0.050373
v -0.025977 0.426946 -0.052320
v -0.029081 0.426946 -0.050725
v -0.027949 0.427828 -0.048833
v -0.054252 0.427828 -0.019036
v -0.056311 0.426946 -0.019879
v -0.057663 0.426946 -0.016662
v -0.055558 0.427828 -0.015929
v -0.056554 0.427828 0.023803
v -0.058695 0.426946 0.024471
v -0.057663 0.426946 0.027804
v -0.055558 0.427828 0.027023
v -0.030782 0.427828 0.058101
v -0.032014 0.426946 0.059977
v -0.029081 0.426946 0.061867
v -0.027949 0.427828 0.059927
v 0.011007 0.427828 0.067808
v 0.011248 0.426946 0.070026
v 0.014710 0.426946 0.069589
v 0.014351 0.427828 0.067385
v 0.049259 0.427828 0.048382
v 0.050848 0.426946 0.049916
v 0.053219 0.426946 0.047356
v 0.051549 0.427828 0.045909
v 0.065623 0.426946 0.025056
v 0.063531 0.427828 0.024368
v 0.063606 0.426946 -0.019474
v 0.061582 0.427828 -0.018645
v 0.033402 0.426946 -0.052313
v 0.032407 0.427828 -0.050366
v -0.010804 0.426946 -0.058039
v -0.010294 0.427828 -0.055898
v -0.048364 0.426946 -0.034013
v -0.046575 0.427828 -0.032689
v -0.061692 0.426946 0.008535
v -0.059450 0.427828 0.008410
v -0.044553 0.426946 0.049696
v -0.042894 0.427828 0.048170
v -0.004966 0.426946 0.070211
v -0.004655 0.427828 0.067986
v 0.038546 0.426946 0.060480
v 0.037376 0.427828 0.058586
v 0.067120 0.426946 0.019092
v 0.064977 0.427828 0.018608
v 0.065443 0.427828 -0.004350
v 0.067603 0.426946 -0.004675
v 0.061008 0.426946 -0.024910
v 0.059073 0.427828 -0.023896
v 0.048694 0.427828 -0.038099
v 0.050286 0.426946 -0.039590
v 0.047291 0.426946 -0.042823
v 0.045823 0.427828 -0.041199
v 0.043793 0.427828 -0.042856
v 0.045189 0.426946 -0.044539
v 0.027799 0.426946 -0.054811
v 0.026994 0.427828 -0.052779
v 0.004467 0.427828 -0.057226
v 0.004477 0.426946 -0.059414
v -0.016717 0.426946 -0.056353
v -0.016006 0.427828 -0.054269
v -0.036121 0.427828 -0.043195
v -0.037541 0.426946 -0.044889
v -0.051810 0.426946 -0.028920
v -0.049904 0.427828 -0.027770
v -0.058194 0.427828 -0.006357
v -0.060393 0.426946 -0.006752
v -0.061059 0.426946 0.014651
v -0.058838 0.427828 0.014318
v -0.051425 0.427828 0.036051
v -0.053384 0.426946 0.037150
v -0.040136 0.426946 0.053974
v -0.038628 0.427828 0.052302
v -0.018980 0.427828 0.064185
v -0.019795 0.426946 0.066276
v 0.001168 0.426946 0.070649
v 0.001270 0.427828 0.068409
v 0.023959 0.427828 0.064883
v 0.024657 0.426946 0.066998
v 0.043526 0.426946 0.056873
v 0.042186 0.427828 0.055102
v 0.057301 0.427828 0.037816
v 0.059173 0.426946 0.038977
v 0.068323 0.424300 0.015941
v 0.068812 0.424300 0.012628
v 0.068984 0.424300 0.002054
v 0.068812 0.424300 -0.001470
v 0.067834 0.424300 -0.008095
v 0.066321 0.424300 -0.014127
v 0.060082 0.424300 -0.027921
v 0.058511 0.424300 -0.030595
v 0.043529 0.424300 -0.046834
v 0.038837 0.424300 -0.050067
v 0.024889 0.424300 -0.056545
v 0.021712 0.424300 -0.057601
v 0.011329 0.424300 -0.059607
v 0.007828 0.424300 -0.060050
v 0.001134 0.424300 -0.060237
v -0.005069 0.424300 -0.059794
v -0.020067 0.424300 -0.055815
v -0.023180 0.424300 -0.054582
v -0.032424 0.424300 -0.049444
v -0.035390 0.424300 -0.047533
v -0.040639 0.424300 -0.043374
v -0.045106 0.424300 -0.039047
v -0.054037 0.424300 -0.026358
v -0.055629 0.424300 -0.023413
v -0.059408 0.424300 -0.013535
v -0.060452 0.424300 -0.010164
v -0.061799 0.424300 -0.003604
v -0.062440 0.424300 0.002581
v -0.061125 0.424300 0.018042
v -0.060452 0.424300 0.021322
v -0.056997 0.424300 0.031318
v -0.055629 0.424300 0.034571
v -0.052445 0.424300 0.040462
v -0.048960 0.424300 0.045612
v -0.038015 0.424300 0.056611
v -0.035390 0.424300 0.058691
v -0.026319 0.424300 0.064127
v -0.023180 0.424300 0.065740
v -0.016954 0.424300 0.068206
v -0.010974 0.424300 0.069911
v 0.004480 0.424300 0.071302
v 0.007827 0.424300 0.071208
v 0.018271 0.424300 0.069541
v 0.021712 0.424300 0.068759
v 0.028067 0.424300 0.066646
v 0.033744 0.424300 0.064109
v 0.046477 0.424300 0.055240
v 0.048980 0.424300 0.053016
v 0.055909 0.424300 0.045027
v 0.058043 0.424300 0.042216
v 0.061552 0.424300 0.036513
v 0.064270 0.424300 0.030919
v 0.068984 0.424300 0.009104
v 0.069157 0.424300 0.005579
v 0.056181 0.424300 -0.033702
v 0.053852 0.424300 -0.036809
v 0.018271 0.424300 -0.058383
v 0.014830 0.424300 -0.059165
v -0.026319 0.424300 -0.052969
v -0.029458 0.424300 -0.051356
v -0.056997 0.424300 -0.020160
v -0.058365 0.424300 -0.016906
v -0.059408 0.424300 0.024693
v -0.058365 0.424300 0.028064
v -0.032424 0.424300 0.060602
v -0.029458 0.424300 0.062514
v 0.011329 0.424300 0.070766
v 0.014830 0.424300 0.070323
v 0.051378 0.424300 0.050427
v 0.053776 0.424300 0.047838
v 0.066321 0.424300 0.025285
v 0.064280 0.424300 -0.019750
v 0.033734 0.424300 -0.052962
v -0.010974 0.424300 -0.058753
v -0.048960 0.424300 -0.034454
v -0.062440 0.424300 0.008577
v -0.045106 0.424300 0.050205
v -0.005069 0.424300 0.070952
v 0.038937 0.424300 0.061111
v 0.067834 0.424300 0.019253
v 0.068323 0.424300 -0.004783
v 0.061653 0.424300 -0.025248
v 0.050816 0.424300 -0.040086
v 0.047780 0.424300 -0.043364
v 0.045655 0.424300 -0.045099
v 0.028067 0.424300 -0.055488
v 0.004481 0.424300 -0.060144
v -0.016954 0.424300 -0.057048
v -0.038015 0.424300 -0.045453
v -0.052445 0.424300 -0.029304
v -0.061125 0.424300 -0.006884
v -0.061799 0.424300 0.014762
v -0.054037 0.424300 0.037516
v -0.040639 0.424300 0.054532
v -0.020067 0.424300 0.066973
v 0.001134 0.424300 0.071395
v 0.024889 0.424300 0.067703
v 0.043973 0.424300 0.057463
v 0.059798 0.424300 0.039364
v 0.067389 0.420822 0.015780
v 0.067870 0.420822 0.012515
v 0.068038 0.420822 0.002095
v 0.067867 0.420822 -0.001378
v 0.066904 0.420822 -0.007906
v 0.065413 0.420822 -0.013850
v 0.059264 0.420822 -0.027442
v 0.057716 0.420822 -0.030076
v 0.042954 0.420822 -0.046079
v 0.038331 0.420822 -0.049264
v 0.024587 0.420822 -0.055647
v 0.021456 0.420822 -0.056688
v 0.011224 0.420822 -0.058666
v 0.007774 0.420822 -0.059102
v 0.001178 0.420822 -0.059289
v -0.004935 0.420822 -0.058855
v -0.019716 0.420822 -0.054935
v -0.022784 0.420822 -0.053720
v -0.031895 0.420822 -0.048659
v -0.034819 0.420822 -0.046775
v -0.039993 0.420822 -0.042678
v -0.044397 0.420822 -0.038416
v -0.053202 0.420822 -0.025910
v -0.054772 0.420822 -0.023007
v -0.058498 0.420822 -0.013272
v -0.059527 0.420822 -0.009949
v -0.060858 0.420822 -0.003484
v -0.061491 0.420822 0.002614
v -0.060196 0.420822 0.017855
v -0.059532 0.420822 0.021088
v -0.056127 0.420822 0.030942
v -0.054780 0.420822 0.034149
v -0.051642 0.420822 0.039957
v -0.048207 0.420822 0.045035
v -0.037416 0.420822 0.055877
v -0.034828 0.420822 0.057926
v -0.025886 0.420822 0.063285
v -0.022792 0.420822 0.064875
v -0.016654 0.420822 0.067306
v -0.010759 0.420822 0.068987
v 0.004476 0.420822 0.070354
v 0.007775 0.420822 0.070260
v 0.018069 0.420822 0.068616
v 0.021461 0.420822 0.067844
v 0.027724 0.420822 0.065761
v 0.033320 0.420822 0.063260
v 0.045867 0.420822 0.054514
v 0.048334 0.420822 0.052322
v 0.055161 0.420822 0.044446
v 0.057263 0.420822 0.041675
v 0.060721 0.420822 0.036054
v 0.063399 0.420822 0.030542
v 0.068039 0.420822 0.009042
v 0.068208 0.420822 0.005569
v 0.055412 0.420822 -0.033148
v 0.053108 0.420822 -0.036220
v 0.018065 0.420822 -0.057459
v 0.014674 0.420822 -0.058229
v -0.025877 0.420822 -0.052131
v -0.028971 0.420822 -0.050542
v -0.056120 0.420822 -0.019801
v -0.057468 0.420822 -0.016594
v -0.058503 0.420822 0.024411
v -0.057475 0.420822 0.027734
v -0.031904 0.420822 0.059810
v -0.028980 0.420822 0.061694
v 0.011226 0.420822 0.069823
v 0.014677 0.420822 0.069387
v 0.050696 0.420822 0.049769
v 0.053058 0.420822 0.047217
v 0.065419 0.420822 0.024989
v 0.063402 0.420822 -0.019390
v 0.033302 0.420822 -0.052117
v -0.010754 0.420822 -0.057830
v -0.048197 0.420822 -0.033890
v -0.061492 0.420822 0.008524
v -0.044407 0.420822 0.049563
v -0.004938 0.420822 0.070013
v 0.038438 0.420822 0.060303
v 0.066909 0.420822 0.019044
v 0.067386 0.420822 -0.004642
v 0.060813 0.420822 -0.024807
v 0.050126 0.420822 -0.039440
v 0.047144 0.420822 -0.042660
v 0.045049 0.420822 -0.044370
v 0.027717 0.420822 -0.054606
v 0.004476 0.420822 -0.059196
v -0.016648 0.420822 -0.056150
v -0.037406 0.420822 -0.044727
v -0.051633 0.420822 -0.028813
v -0.060192 0.420822 -0.006716
v -0.060860 0.420822 0.014622
v -0.053211 0.420822 0.037053
v -0.040003 0.420822 0.053827
v -0.019723 0.420822 0.066090
v 0.001177 0.420822 0.070447
v 0.024593 0.420822 0.066803
v 0.043400 0.420822 0.056706
v 0.058992 0.420822 0.038865
v 0.064306 0.443766 0.005557
v 0.014007 0.443766 -0.054387
v -0.026997 0.443766 -0.047157
v -0.053760 0.443766 -0.015262
v -0.053760 0.443766 0.026375
v -0.026997 0.443766 0.058270
v 0.014007 0.443766 0.065500
v 0.050066 0.443766 0.044682
v 0.045823 0.434850 -0.041199
v -0.026612 0.435095 0.057624
v 0.013908 0.435095 0.064768
v 0.049541 0.435095 0.044196
v 0.063613 0.435095 0.005532
v 0.053751 0.435095 -0.027640
v 0.013908 0.435095 -0.053704
v -0.026612 0.435095 -0.046559
v -0.053059 0.435095 -0.015040
v -0.053059 0.435095 0.026105
v -0.058647 0.457358 0.020005
v -0.053409 0.457358 -0.023283
v -0.021572 0.457358 -0.053076
v 0.021967 0.457358 -0.055435
v 0.056836 0.457358 -0.029255
v 0.054191 0.443766 -0.028096
v 0.066720 0.457358 0.013213
v 0.046993 0.457358 0.052099
v 0.006886 0.457358 0.069207
v -0.008116 0.495136 -0.069254
v -0.007089 0.495136 -0.068227
v -0.007089 0.494284 -0.068227
v -0.008116 0.494284 -0.069254
v -0.009520 0.495136 -0.069630
v -0.009520 0.494284 -0.069630
v -0.010923 0.495136 -0.069254
v -0.010923 0.494284 -0.069254
v -0.011950 0.495136 -0.068227
v -0.011950 0.494284 -0.068227
v -0.012326 0.495136 -0.066824
v -0.012326 0.494284 -0.066824
v -0.011950 0.495136 -0.065420
v -0.011950 0.494284 -0.065420
v -0.010923 0.495136 -0.064393
v -0.010923 0.494284 -0.064393
v -0.009520 0.495136 -0.064017
v -0.009520 0.494284 -0.064017
v -0.008116 0.495136 -0.064393
v -0.008116 0.494284 -0.064393
v -0.007089 0.495136 -0.065420
v -0.007089 0.494284 -0.065420
v -0.006713 0.495136 -0.066824
v -0.006713 0.494284 -0.066824
v -0.052140 0.502760 -0.041103
v -0.052549 0.502760 -0.040694
v -0.052549 0.502526 -0.040694
v -0.052140 0.502526 -0.041103
v -0.052549 0.502526 -0.042629
v -0.052140 0.502526 -0.042220
v -0.051370 0.502526 -0.042665
v -0.052105 0.502526 -0.043399
v 0.040045 0.495135 0.067221
v 0.041113 0.495135 0.067507
v 0.041448 0.495136 0.066927
v 0.040045 0.495136 0.066551
v 0.071330 0.495128 0.032651
v 0.070548 0.495128 0.031869
v 0.069967 0.495129 0.032204
v 0.070994 0.495129 0.033232
v -0.008552 0.502526 -0.067382
v -0.008402 0.502526 -0.066824
v -0.007513 0.502526 -0.066824
v -0.007782 0.502526 -0.067827
v -0.010078 0.502526 -0.065856
v -0.010487 0.502526 -0.066265
v -0.011257 0.502526 -0.065820
v -0.010523 0.502526 -0.065086
v -0.010598 0.494284 -0.068691
v -0.011387 0.494284 -0.067902
v -0.052603 0.494285 -0.040787
v -0.052233 0.494285 -0.041157
v -0.051240 0.494285 -0.040583
v -0.052030 0.494285 -0.039794
v 0.040550 0.494285 -0.057213
v 0.040919 0.494285 -0.057583
v 0.041912 0.494285 -0.057009
v 0.041123 0.494285 -0.056220
v -0.008961 0.502526 -0.067791
v -0.008516 0.502526 -0.068561
v 0.039035 0.494285 -0.058087
v 0.039170 0.494285 -0.057583
v 0.038177 0.494285 -0.057009
v 0.037889 0.494285 -0.058087
v -0.009525 0.494285 0.077082
v -0.010030 0.494285 0.077217
v -0.010603 0.494285 0.076224
v -0.009525 0.494285 0.075935
v -0.009520 0.494284 -0.067833
v -0.010024 0.494284 -0.067698
v -0.009520 0.494284 -0.068980
v -0.010529 0.494284 -0.066824
v -0.010394 0.494284 -0.066319
v -0.011387 0.494284 -0.065746
v -0.011676 0.494284 -0.066824
v 0.040045 0.494285 -0.055931
v 0.041448 0.494285 -0.055657
v 0.040045 0.494285 -0.055281
v -0.010024 0.494284 -0.065949
v -0.009520 0.494284 -0.065814
v -0.009520 0.494284 -0.064667
v -0.010598 0.494284 -0.064956
v 0.039077 0.502526 -0.057529
v 0.038927 0.502526 -0.058087
v 0.038038 0.502526 -0.058087
v 0.038307 0.502526 -0.057084
v 0.040045 0.494285 -0.059097
v 0.039540 0.494285 -0.058962
v 0.038967 0.494285 -0.059955
v 0.040045 0.494285 -0.060244
v -0.007652 0.494284 -0.067902
v -0.008441 0.494284 -0.068691
v 0.041895 0.495135 -0.059156
v 0.042181 0.495135 -0.058087
v 0.042851 0.495136 -0.058087
v 0.042475 0.495136 -0.059491
v -0.009525 0.494285 0.079101
v -0.009020 0.494285 0.078966
v -0.008447 0.494285 0.079959
v -0.009525 0.494285 0.080248
v -0.008645 0.494284 -0.067329
v -0.008510 0.494284 -0.066824
v -0.009520 0.494284 -0.066824
v -0.008645 0.494284 -0.066319
v -0.009015 0.494284 -0.065949
v -0.010394 0.494284 -0.067329
v -0.009015 0.494284 -0.067698
v -0.008451 0.495135 -0.068674
v -0.007669 0.495135 -0.067892
v -0.010588 0.495135 -0.068674
v -0.009520 0.495135 -0.068960
v 0.072902 0.494285 -0.020407
v 0.072397 0.494285 -0.020542
v 0.072397 0.494285 -0.021689
v 0.073475 0.494285 -0.021400
v -0.011656 0.495135 -0.066824
v -0.011370 0.495135 -0.067892
v 0.039035 0.494285 0.069357
v 0.039170 0.494285 0.069862
v 0.038177 0.494285 0.070436
v 0.037888 0.494285 0.069357
v 0.040045 0.494285 -0.057078
v 0.039486 0.502526 -0.057120
v 0.039042 0.502526 -0.056350
v 0.039077 0.502526 -0.058646
v 0.039486 0.502526 -0.059055
v 0.039042 0.502526 -0.059825
v 0.038307 0.502526 -0.059091
v -0.053108 0.503340 -0.042240
v -0.053609 0.503340 -0.041372
v -0.053108 0.503340 -0.041083
v -0.052607 0.503340 -0.041372
v 0.040045 0.494285 0.070367
v 0.040550 0.494285 0.070232
v 0.041123 0.494285 0.071225
v 0.040045 0.494285 0.071514
v 0.071892 0.494285 -0.020407
v 0.071319 0.494285 -0.021400
v 0.071062 0.495823 -0.017220
v 0.070085 0.495823 -0.018197
v 0.070547 0.495135 -0.018464
v 0.071329 0.495135 -0.017682
v -0.050440 0.495823 0.052927
v -0.050798 0.495823 0.054263
v -0.051261 0.495135 0.053996
v -0.050974 0.495135 0.052927
v -0.012190 0.495823 -0.066824
v -0.011832 0.495823 -0.068159
v -0.006849 0.495823 -0.066824
v -0.007207 0.495823 -0.065489
v -0.007669 0.495135 -0.065756
v -0.007383 0.495135 -0.066824
v -0.010855 0.495823 -0.069136
v -0.008184 0.495823 -0.069136
v -0.007207 0.495823 -0.068159
v -0.009520 0.495823 -0.069494
v -0.010855 0.495823 -0.064511
v -0.011832 0.495823 -0.065489
v -0.011370 0.495135 -0.065756
v -0.010588 0.495135 -0.064974
v 0.041380 0.495823 -0.055775
v 0.040045 0.495823 -0.055417
v 0.040045 0.495135 -0.055951
v 0.041113 0.495135 -0.056237
v -0.053108 0.495823 -0.044332
v -0.051773 0.495823 -0.043974
v -0.052040 0.495135 -0.043512
v -0.053108 0.495135 -0.043798
v -0.071652 0.495823 0.007942
v -0.072630 0.495823 0.006965
v -0.072167 0.495135 0.006698
v -0.071385 0.495135 0.007480
v -0.054655 0.496739 -0.038981
v -0.054443 0.495823 -0.039349
v -0.053108 0.495823 -0.038991
v -0.053108 0.496739 -0.038567
v -0.012620 0.496739 0.078091
v -0.012196 0.495823 0.078091
v -0.011838 0.495823 0.079427
v -0.012206 0.496739 0.079639
v -0.011067 0.496739 -0.069504
v -0.012200 0.496739 -0.068371
v -0.006839 0.496739 -0.068371
v -0.007972 0.496739 -0.069504
v -0.009520 0.496739 -0.069919
v -0.053108 0.496739 -0.044757
v -0.054443 0.495823 -0.043974
v -0.054655 0.496739 -0.044342
v -0.006424 0.496739 -0.066824
v 0.042725 0.496739 -0.059635
v 0.042358 0.495823 -0.059423
v 0.041380 0.495823 -0.060400
v 0.041592 0.496739 -0.060768
v -0.011073 0.496739 0.075411
v -0.010860 0.495823 0.075779
v -0.011838 0.495823 0.076756
v -0.012206 0.496739 0.076544
v -0.050016 0.496739 0.052927
v -0.050798 0.495823 0.051592
v -0.050430 0.496739 0.051380
v 0.040045 0.495823 -0.060758
v 0.040045 0.496739 -0.061183
v -0.006619 0.499380 -0.068498
v -0.006559 0.498027 -0.068533
v -0.007811 0.498027 -0.069784
v -0.007845 0.499380 -0.069724
v -0.006619 0.499380 -0.065149
v -0.006559 0.498027 -0.065115
v -0.006102 0.498027 -0.066824
v -0.006170 0.499380 -0.066824
v -0.011194 0.499380 -0.069724
v -0.011229 0.498027 -0.069784
v -0.012480 0.498027 -0.068533
v -0.012420 0.499380 -0.068498
v -0.012938 0.498027 -0.066824
v -0.012869 0.499380 -0.066824
v 0.072397 0.499380 -0.022882
v 0.072397 0.498027 -0.022950
v 0.070688 0.498027 -0.022492
v 0.070723 0.499380 -0.022433
v -0.007845 0.499380 -0.063923
v -0.007811 0.498027 -0.063864
v -0.012420 0.499380 -0.065149
v -0.012480 0.498027 -0.065115
v -0.011229 0.498027 -0.063864
v -0.011194 0.499380 -0.063923
v -0.009520 0.499380 -0.070173
v -0.009520 0.498027 -0.070242
v 0.069497 0.499373 0.029127
v 0.069438 0.498020 0.029092
v 0.068980 0.498020 0.030801
v 0.069048 0.499373 0.030801
v 0.042945 0.499380 0.071032
v 0.043005 0.498027 0.071066
v 0.043463 0.498027 0.069357
v 0.043394 0.499380 0.069357
v -0.054972 0.501703 -0.042738
v -0.054184 0.501703 -0.043525
v -0.054549 0.500640 -0.044158
v -0.055604 0.500640 -0.043103
v 0.041909 0.501703 -0.057011
v 0.041121 0.501703 -0.056224
v 0.041486 0.500640 -0.055592
v 0.042541 0.500640 -0.056646
v -0.009520 0.501703 -0.068976
v -0.008443 0.501703 -0.068687
v -0.008079 0.500640 -0.069320
v -0.009520 0.500640 -0.069706
v -0.009520 0.501703 -0.064672
v -0.010596 0.501703 -0.064960
v -0.010961 0.500640 -0.064328
v -0.009520 0.500640 -0.063942
v -0.009525 0.501703 0.080243
v -0.010601 0.501703 0.079955
v -0.010966 0.500640 0.080587
v -0.009525 0.500640 0.080973
v -0.007656 0.501703 -0.067900
v -0.007024 0.500640 -0.068265
v -0.010596 0.501703 -0.068687
v -0.010961 0.500640 -0.069320
v -0.008443 0.501703 -0.064960
v -0.008079 0.500640 -0.064328
v -0.011383 0.501703 -0.065748
v -0.011672 0.501703 -0.066824
v -0.012402 0.500640 -0.066824
v -0.012015 0.500640 -0.065383
v -0.007367 0.501703 -0.066824
v -0.006638 0.500640 -0.066824
v -0.011383 0.501703 -0.067900
v -0.012015 0.500640 -0.068265
v -0.007656 0.501703 -0.065748
v -0.007024 0.500640 -0.065383
v -0.007656 0.502335 -0.067900
v -0.007367 0.502335 -0.066824
v -0.008443 0.502335 -0.068687
v -0.009520 0.502335 -0.068976
v -0.010596 0.502335 -0.068687
v -0.011383 0.502335 -0.067900
v -0.011672 0.502335 -0.066824
v -0.011383 0.502335 -0.065748
v -0.010596 0.502335 -0.064960
v -0.009520 0.502335 -0.064672
v -0.008443 0.502335 -0.064960
v -0.007656 0.502335 -0.065748
v -0.009525 0.502335 0.080243
v -0.010601 0.502335 0.079955
v -0.054228 0.502526 0.052927
v -0.054078 0.502526 0.052369
v -0.054848 0.502526 0.051924
v -0.055117 0.502526 0.052927
v 0.037909 0.495135 -0.058087
v 0.038195 0.495135 -0.059156
v 0.037614 0.495136 -0.059491
v 0.037238 0.495136 -0.058087
v 0.041895 0.495135 0.068289
v 0.042475 0.495136 0.067954
v -0.010030 0.494285 0.078966
v -0.010603 0.494285 0.079959
v -0.009018 0.503340 -0.067113
v -0.009520 0.503340 -0.067402
v -0.010021 0.503340 -0.066534
v -0.009018 0.503340 -0.066534
v -0.009520 0.502526 -0.065706
v -0.009520 0.502526 -0.064817
v 0.041055 0.494285 -0.058087
v 0.040919 0.494285 -0.058592
v 0.041912 0.494285 -0.059166
v 0.042201 0.494285 -0.058087
v -0.007652 0.494284 -0.065746
v -0.008441 0.494284 -0.064956
v -0.007363 0.494284 -0.066824
v -0.054972 0.502335 -0.040586
v -0.055260 0.502335 -0.041662
v -0.055260 0.501703 -0.041662
v -0.054972 0.501703 -0.040586
v -0.008961 0.502760 -0.067791
v -0.008552 0.502760 -0.067382
v -0.009525 0.495136 0.080898
v -0.010928 0.495136 0.080522
v -0.010928 0.494285 0.080522
v -0.009525 0.494285 0.080898
v 0.037893 0.502335 -0.058087
v 0.038181 0.502335 -0.059164
v 0.038181 0.501703 -0.059164
v 0.037893 0.501703 -0.058087
v 0.073474 0.502328 0.032665
v 0.072398 0.502328 0.032953
v 0.072398 0.501696 0.032953
v 0.073474 0.501696 0.032665
v -0.010637 0.502760 -0.066824
v -0.010487 0.502760 -0.067382
v -0.010487 0.502526 -0.067382
v -0.010637 0.502526 -0.066824
v -0.009520 0.502760 -0.065706
v -0.010078 0.502760 -0.065856
v -0.010487 0.502760 -0.066265
v -0.011956 0.495136 0.076688
v -0.010928 0.495136 0.075661
v -0.010928 0.494285 0.075661
v -0.011956 0.494285 0.076688
v -0.053108 0.502760 -0.040544
v -0.053108 0.502526 -0.040544
v -0.008552 0.502760 -0.066265
v -0.008961 0.502760 -0.065856
v -0.008961 0.502526 -0.065856
v -0.008552 0.502526 -0.066265
v -0.009525 0.495136 0.075285
v -0.009525 0.494285 0.075285
v -0.009230 0.503340 -0.067325
v -0.009809 0.503340 -0.067325
v -0.010021 0.503340 -0.067113
v -0.010098 0.503340 -0.066824
v -0.009809 0.503340 -0.066323
v -0.009520 0.503340 -0.066245
v -0.009230 0.503340 -0.066323
v -0.008941 0.503340 -0.066824
v -0.009019 0.503068 -0.067691
v -0.008653 0.503068 -0.067324
v 0.041013 0.502760 -0.057529
v 0.040912 0.503068 -0.057587
v 0.040545 0.503068 -0.057221
v 0.040604 0.502760 -0.057120
v -0.008519 0.503068 -0.066824
v -0.008402 0.502760 -0.066824
v -0.010078 0.502760 -0.067791
v -0.010020 0.503068 -0.067691
v -0.009520 0.503068 -0.067825
v -0.009520 0.502760 -0.067941
v -0.010386 0.503068 -0.066323
v -0.010520 0.503068 -0.066824
v -0.008653 0.503068 -0.066323
v -0.009019 0.503068 -0.065957
v -0.009520 0.503068 -0.065823
v -0.010386 0.503068 -0.067324
v -0.010020 0.503068 -0.065957
v 0.071897 0.503061 0.029934
v 0.072108 0.503333 0.030300
v 0.072398 0.503333 0.030222
v 0.072398 0.503061 0.029800
v -0.010026 0.503068 0.077224
v -0.009815 0.503340 0.077590
v -0.009525 0.503340 0.077513
v -0.009525 0.503068 0.077090
v -0.009525 0.503068 0.079092
v -0.009525 0.503340 0.078670
v -0.009815 0.503340 0.078592
v -0.010026 0.503068 0.078958
v -0.009025 0.503068 0.078958
v -0.009236 0.503340 0.078592
v -0.007661 0.502335 0.077015
v -0.007693 0.502478 0.077033
v -0.007410 0.502478 0.078091
v -0.007373 0.502335 0.078091
v -0.011677 0.502335 0.078091
v -0.011641 0.502478 0.078091
v -0.011357 0.502478 0.077033
v -0.011389 0.502335 0.077015
v -0.009520 0.502478 -0.064708
v -0.010577 0.502478 -0.064991
v -0.008462 0.502478 -0.064991
v -0.011635 0.502478 -0.066824
v -0.011352 0.502478 -0.067882
v -0.008449 0.502335 0.076228
v -0.008467 0.502478 0.076259
v -0.007687 0.502478 -0.067882
v -0.007404 0.502478 -0.066824
v -0.010577 0.502478 -0.068656
v -0.009520 0.502478 -0.068939
v -0.010583 0.502478 0.079924
v -0.011357 0.502478 0.079149
v -0.011389 0.502335 0.079167
v -0.008462 0.502478 -0.068656
v -0.011352 0.502478 -0.065766
v -0.007788 0.502526 0.077088
v -0.007519 0.502526 0.078091
v -0.007687 0.502478 -0.065766
v -0.007782 0.502526 -0.065820
v -0.008516 0.502526 -0.065086
v 0.038213 0.502478 -0.057030
v 0.037929 0.502478 -0.058087
v -0.051278 0.502478 0.051870
v -0.051373 0.502526 0.051924
v -0.051104 0.502526 0.052927
v -0.050995 0.502478 0.052927
v -0.010523 0.502526 -0.068561
v -0.009520 0.502526 -0.068830
v -0.011257 0.502526 -0.067827
v -0.050992 0.502478 -0.041662
v -0.051101 0.502526 -0.041662
v -0.051370 0.502526 -0.040658
v -0.051276 0.502478 -0.040604
v -0.011526 0.502526 -0.066824
v 0.038213 0.502478 -0.059145
v 0.038987 0.502478 -0.059920
v -0.050210 0.499380 0.051253
v -0.051436 0.499380 0.050027
v -0.051670 0.500640 0.050432
v -0.050615 0.500640 0.051486
v -0.009520 0.499380 -0.063474
v 0.070850 0.496739 -0.016852
v 0.072397 0.496739 -0.016437
v 0.072397 0.498027 -0.016114
v 0.070688 0.498027 -0.016572
v -0.009525 0.496739 0.081186
v -0.007978 0.496739 0.080772
v -0.007816 0.498027 0.081051
v -0.009525 0.498027 0.081509
v -0.007972 0.496739 -0.064143
v -0.006839 0.496739 -0.065276
v -0.071865 0.496739 0.008310
v -0.070317 0.496739 0.008725
v -0.070317 0.498027 0.009048
v -0.072026 0.498027 0.008590
v 0.038497 0.496739 -0.060768
v 0.037365 0.496739 -0.059635
v 0.037085 0.498027 -0.059796
v 0.038336 0.498027 -0.061048
v -0.012200 0.496739 -0.065276
v -0.011067 0.496739 -0.064143
v -0.053111 0.496739 0.049832
v -0.054658 0.496739 0.050247
v -0.054820 0.498027 0.049967
v -0.053111 0.498027 0.049509
v -0.007978 0.496739 0.075411
v -0.009525 0.496739 0.074996
v -0.009525 0.498027 0.074673
v -0.007816 0.498027 0.075131
v -0.050013 0.496739 -0.041662
v -0.050427 0.496739 -0.043209
v -0.050148 0.498027 -0.043371
v -0.049690 0.498027 -0.041662
v 0.041592 0.496739 -0.055407
v 0.042725 0.496739 -0.056540
v 0.043005 0.498027 -0.056378
v 0.041754 0.498027 -0.055127
v -0.012615 0.496739 -0.066824
v -0.067637 0.496739 0.004082
v -0.068770 0.496739 0.002949
v -0.068608 0.498027 0.002670
v -0.067357 0.498027 0.003921
v 0.041448 0.495136 -0.060518
v 0.042475 0.494285 -0.059491
v 0.041448 0.494285 -0.060518
v 0.040045 0.495136 -0.060894
v 0.040045 0.494285 -0.060894
v 0.038642 0.495136 -0.060518
v 0.038642 0.494285 -0.060518
v 0.037614 0.494285 -0.059491
v 0.037238 0.494285 -0.058087
v 0.037614 0.495136 -0.056684
v 0.037614 0.494285 -0.056684
v 0.038642 0.495136 -0.055657
v 0.038642 0.494285 -0.055657
v 0.040045 0.495136 -0.055281
v 0.041448 0.495136 -0.055657
v 0.042475 0.495136 -0.056684
v 0.042475 0.494285 -0.056684
v 0.042851 0.494285 -0.058087
v 0.072397 0.495136 -0.022339
v 0.073800 0.495136 -0.021963
v 0.073800 0.494285 -0.021963
v 0.072397 0.494285 -0.022339
v -0.050972 0.495135 -0.041662
v -0.051258 0.495135 -0.040593
v -0.050677 0.495136 -0.040258
v -0.050301 0.495136 -0.041662
v 0.070994 0.494285 -0.021963
v -0.051993 0.502526 0.052927
v -0.052143 0.502526 0.053486
v -0.051373 0.502526 0.053931
v -0.010084 0.502526 0.079059
v -0.010493 0.502526 0.078650
v -0.011263 0.502526 0.079095
v -0.010528 0.502526 0.079829
v -0.054076 0.502526 -0.041103
v -0.054225 0.502526 -0.041662
v -0.055114 0.502526 -0.041662
v -0.054845 0.502526 -0.040658
v 0.071839 0.502519 0.029833
v 0.072398 0.502519 0.029684
v 0.072398 0.502519 0.028795
v 0.071394 0.502519 0.029064
v -0.054176 0.495135 -0.043512
v -0.053108 0.495136 -0.044468
v -0.054511 0.495136 -0.044092
v 0.041895 0.495135 -0.057019
v 0.072398 0.495128 0.032937
v 0.072398 0.495129 0.033608
v -0.050952 0.494285 -0.041662
v -0.051240 0.494285 -0.042740
v -0.050677 0.494285 -0.043065
v -0.050301 0.494285 -0.041662
v -0.010026 0.503340 0.078381
v -0.009024 0.503340 0.078381
v 0.041162 0.502526 -0.058087
v 0.041013 0.502526 -0.057529
v 0.041783 0.502526 -0.057084
v 0.042051 0.502526 -0.058087
v -0.008515 0.494285 0.078091
v -0.008651 0.494285 0.077586
v -0.007658 0.494285 0.077013
v -0.007369 0.494285 0.078091
v 0.040045 0.502526 -0.056970
v 0.040045 0.502526 -0.056081
v -0.052236 0.494285 0.053432
v -0.052101 0.494285 0.052927
v -0.050954 0.494285 0.052927
v -0.051243 0.494285 0.054006
v -0.070317 0.502526 0.004512
v -0.069758 0.502526 0.004662
v -0.069314 0.502526 0.003892
v -0.070317 0.502526 0.003623
v 0.039540 0.494285 -0.057213
v 0.038967 0.494285 -0.056220
v 0.040045 0.495135 -0.060224
v 0.041113 0.495135 -0.059938
v -0.052040 0.495135 -0.039812
v -0.053108 0.495135 -0.039525
v -0.053108 0.495136 -0.038855
v -0.051705 0.495136 -0.039231
v 0.040045 0.494285 -0.058087
v 0.039170 0.494285 -0.058592
v 0.040550 0.494285 -0.058962
v 0.038195 0.495135 -0.057019
v 0.038977 0.495135 -0.056237
v 0.070261 0.495135 -0.019532
v 0.070547 0.495135 -0.020601
v 0.069967 0.495136 -0.020936
v 0.069591 0.495136 -0.019532
v 0.041123 0.494285 -0.059955
v -0.010078 0.502526 -0.067791
v -0.009520 0.502526 -0.067941
v -0.053613 0.494285 -0.040787
v -0.053108 0.494285 -0.040652
v -0.053108 0.494285 -0.039505
v -0.054186 0.494285 -0.039794
v -0.054958 0.495135 -0.042730
v -0.055538 0.495136 -0.043065
v 0.038977 0.495135 -0.059938
v -0.008457 0.495135 0.079941
v -0.009525 0.495135 0.080228
v -0.008122 0.495136 0.080522
v 0.073365 0.502519 0.030242
v 0.073515 0.502519 0.030801
v 0.074404 0.502519 0.030801
v 0.074135 0.502519 0.029798
v -0.054176 0.495135 -0.039812
v 0.037732 0.495823 -0.056752
v 0.037375 0.495823 -0.058087
v -0.006855 0.495823 0.078091
v -0.007213 0.495823 0.079427
v -0.007675 0.495135 0.079159
v -0.007389 0.495135 0.078091
v -0.050795 0.495823 -0.042997
v -0.051258 0.495135 -0.042730
v 0.042715 0.495823 -0.058087
v 0.042358 0.495823 -0.056752
v 0.040045 0.495823 0.066687
v 0.041380 0.495823 0.067045
v -0.070317 0.495823 0.008300
v -0.070317 0.495135 0.007766
v -0.009520 0.495823 -0.064153
v -0.009520 0.495135 -0.064687
v -0.055420 0.495823 -0.042997
v 0.036950 0.496739 -0.058087
v 0.037365 0.496739 -0.056540
v 0.070850 0.496732 0.033482
v 0.071062 0.495816 0.033114
v 0.072398 0.495816 0.033471
v 0.072398 0.496732 0.033896
v 0.038710 0.495823 -0.060400
v 0.037732 0.495823 -0.059423
v -0.050437 0.495823 -0.041662
v 0.041592 0.496739 0.066677
v 0.040045 0.496739 0.066262
v -0.051560 0.496739 -0.038981
v -0.051773 0.495823 -0.039349
v -0.050795 0.495823 -0.040326
v -0.050427 0.496739 -0.040114
v 0.040045 0.496739 -0.054992
v -0.055788 0.496739 -0.040114
v -0.055420 0.495823 -0.040326
v -0.008190 0.495823 0.080404
v -0.006845 0.496739 0.079639
v -0.056457 0.499380 -0.041662
v -0.056526 0.498027 -0.041662
v -0.056068 0.498027 -0.039953
v -0.056008 0.499380 -0.039987
v -0.053108 0.499380 -0.038312
v -0.053108 0.498027 -0.038244
v -0.051399 0.498027 -0.038702
v -0.051433 0.499380 -0.038761
v 0.069497 0.499380 -0.017858
v 0.069437 0.498027 -0.017823
v 0.070723 0.499380 -0.016632
v -0.006625 0.499380 0.079766
v -0.006565 0.498027 0.079800
v -0.006107 0.498027 0.078091
v -0.006176 0.499380 0.078091
v 0.041720 0.499380 -0.060988
v 0.041754 0.498027 -0.061048
v 0.040045 0.498027 -0.061505
v 0.040045 0.499380 -0.061437
v -0.006625 0.499380 0.076417
v -0.006565 0.498027 0.076382
v -0.007851 0.499380 0.075191
v -0.050207 0.499380 -0.039987
v -0.050148 0.498027 -0.039953
v -0.049759 0.499380 -0.041662
v 0.037144 0.499380 -0.059762
v 0.036627 0.498027 -0.058087
v 0.036696 0.499380 -0.058087
v 0.042945 0.499380 -0.059762
v 0.043005 0.498027 -0.059796
v 0.038370 0.499380 -0.060988
v 0.072397 0.499380 -0.016183
v 0.074106 0.498027 -0.016572
v 0.074072 0.499380 -0.016632
v -0.072469 0.501703 0.005630
v -0.072181 0.501703 0.004554
v -0.072813 0.500640 0.004189
v -0.073199 0.500640 0.005630
v 0.074261 0.501703 -0.018456
v 0.073473 0.501703 -0.017669
v 0.073838 0.500640 -0.017036
v 0.074893 0.500640 -0.018091
v 0.038969 0.501703 -0.059951
v 0.038604 0.500640 -0.060583
v 0.037549 0.500640 -0.059528
v -0.052032 0.501703 -0.039798
v -0.053108 0.501703 -0.039510
v -0.053108 0.500640 -0.038780
v -0.051667 0.500640 -0.039166
v 0.040045 0.501703 -0.060240
v 0.041121 0.501703 -0.059951
v 0.041486 0.500640 -0.060583
v 0.040045 0.500640 -0.060970
v 0.042197 0.501703 -0.058087
v 0.042927 0.500640 -0.058087
v 0.041909 0.501703 -0.059164
v 0.042541 0.500640 -0.059528
v -0.050956 0.501703 -0.041662
v -0.051244 0.501703 -0.040586
v -0.050612 0.500640 -0.040221
v -0.050226 0.500640 -0.041662
v -0.051244 0.501703 -0.042738
v -0.050612 0.500640 -0.043103
v -0.007373 0.501703 0.078091
v -0.007661 0.501703 0.079167
v -0.007029 0.500640 0.079532
v -0.006643 0.500640 0.078091
v -0.053667 0.502760 -0.042629
v -0.053108 0.502760 -0.042779
v -0.053108 0.502526 -0.042779
v -0.053667 0.502526 -0.042629
v 0.042197 0.502335 -0.058087
v 0.041909 0.502335 -0.057011
v 0.041909 0.502335 -0.059164
v 0.041121 0.502335 -0.059951
v 0.040045 0.502335 -0.060240
v 0.038969 0.502335 -0.059951
v 0.038181 0.502335 -0.057011
v 0.038181 0.501703 -0.057011
v 0.041121 0.502335 -0.056224
v 0.040045 0.502335 -0.055935
v 0.040045 0.501703 -0.055935
v 0.071322 0.502328 0.032665
v 0.071322 0.501696 0.032665
v 0.038969 0.502335 -0.056224
v 0.038969 0.501703 -0.056224
v -0.051990 0.502526 -0.041662
v -0.053108 0.502526 -0.043668
v -0.054111 0.502526 -0.043399
v -0.010535 0.494285 0.078091
v -0.010400 0.494285 0.078596
v -0.011393 0.494285 0.079170
v -0.011682 0.494285 0.078091
v 0.041013 0.502526 -0.058646
v 0.041783 0.502526 -0.059091
v -0.050677 0.495136 -0.043065
v -0.008651 0.494285 0.078596
v -0.007658 0.494285 0.079170
v -0.053108 0.502526 -0.039655
v -0.052105 0.502526 -0.039924
v -0.054076 0.502526 -0.042220
v -0.054845 0.502526 -0.042665
v 0.041162 0.502760 -0.058087
v 0.041013 0.502760 -0.058646
v 0.071280 0.502760 -0.019532
v 0.071429 0.502760 -0.020091
v 0.071429 0.502526 -0.020091
v 0.071280 0.502526 -0.019532
v 0.040045 0.502760 -0.059205
v 0.040604 0.502760 -0.059055
v 0.040604 0.502526 -0.059055
v 0.040045 0.502526 -0.059205
v 0.039077 0.502760 -0.058646
v 0.039486 0.502760 -0.059055
v 0.038927 0.502760 -0.058087
v 0.039077 0.502760 -0.057529
v 0.038370 0.499380 -0.055187
v 0.038336 0.498027 -0.055127
v 0.040045 0.498027 -0.054669
v 0.040045 0.499380 -0.054738
v 0.039486 0.502760 -0.057120
v 0.040045 0.502760 -0.056970
v 0.040604 0.502526 -0.057120
v 0.040546 0.503340 -0.058377
v 0.040334 0.503340 -0.058589
v 0.040045 0.503340 -0.058666
v 0.039756 0.503340 -0.058589
v 0.039544 0.503340 -0.058377
v 0.039466 0.503340 -0.058087
v 0.039544 0.503340 -0.057798
v 0.039756 0.503340 -0.057586
v 0.040045 0.503340 -0.057509
v 0.040334 0.503340 -0.057586
v 0.040546 0.503340 -0.057798
v -0.010493 0.502526 0.077533
v -0.010084 0.502526 0.077124
v -0.010528 0.502526 0.076354
v -0.011263 0.502526 0.077088
v 0.040624 0.503340 -0.058087
v 0.039044 0.503068 -0.058087
v 0.039178 0.503068 -0.058588
v -0.052140 0.502760 -0.042220
v -0.052241 0.503068 -0.042162
v -0.052107 0.503068 -0.041662
v -0.051990 0.502760 -0.041662
v 0.039544 0.503068 -0.057221
v 0.039178 0.503068 -0.057587
v 0.040045 0.503068 -0.057087
v 0.040045 0.503068 -0.059088
v 0.040545 0.503068 -0.058954
v 0.040912 0.503068 -0.058588
v -0.052143 0.502760 0.053486
v -0.052244 0.503068 0.053428
v -0.052610 0.503068 0.053794
v -0.052552 0.502760 0.053895
v -0.054076 0.502760 -0.042220
v -0.053975 0.503068 -0.042162
v -0.053608 0.503068 -0.042528
v -0.071435 0.502760 0.005630
v -0.071318 0.503068 0.005630
v -0.071184 0.503068 0.005129
v -0.071285 0.502760 0.005071
v -0.010084 0.502760 0.079059
v -0.010392 0.503068 0.078592
v -0.010493 0.502760 0.078650
v -0.052241 0.503068 -0.041161
v -0.052607 0.503068 -0.040795
v 0.073399 0.503061 0.030801
v 0.072976 0.503333 0.030801
v 0.072899 0.503333 0.031090
v 0.073264 0.503061 0.031302
v 0.071397 0.503061 0.030801
v 0.071819 0.503333 0.030801
v 0.071896 0.503333 0.030512
v 0.071531 0.503061 0.030301
v 0.071530 0.503068 -0.019032
v 0.071896 0.503340 -0.019243
v 0.071819 0.503340 -0.019532
v 0.071396 0.503068 -0.019532
v 0.041046 0.503068 -0.058087
v -0.053609 0.503340 -0.041951
v -0.053397 0.503340 -0.042163
v -0.008658 0.503068 0.077591
v -0.009024 0.503340 0.077802
v -0.008947 0.503340 0.078091
v -0.008524 0.503068 0.078091
v 0.040545 0.503068 0.070224
v 0.040334 0.503340 0.069859
v 0.040045 0.503340 0.069936
v 0.040045 0.503068 0.070358
v 0.040911 0.503068 0.069858
v 0.040546 0.503340 0.069647
v 0.038181 0.502335 0.068281
v 0.038212 0.502478 0.068300
v 0.038987 0.502478 0.067525
v 0.038969 0.502335 0.067494
v -0.052032 0.502335 -0.039798
v -0.052050 0.502478 -0.039829
v -0.053108 0.502478 -0.039546
v -0.053108 0.502335 -0.039510
v -0.051244 0.502335 -0.040586
v 0.041908 0.502335 0.068281
v 0.041877 0.502478 0.068300
v 0.042160 0.502478 0.069357
v 0.042197 0.502335 0.069357
v 0.040045 0.502478 -0.060203
v 0.041103 0.502478 -0.059920
v -0.054972 0.502335 -0.042738
v -0.054940 0.502478 -0.042719
v -0.054166 0.502478 -0.043494
v -0.054184 0.502335 -0.043525
v -0.055223 0.502478 -0.041662
v -0.010601 0.502335 0.076228
v -0.010583 0.502478 0.076259
v -0.009525 0.502478 0.075976
v -0.009525 0.502335 0.075939
v 0.041103 0.502478 -0.056255
v 0.040045 0.502478 -0.055972
v -0.054184 0.502335 -0.039798
v -0.054166 0.502478 -0.039829
v -0.054940 0.502478 -0.040604
v 0.074229 0.502478 -0.018475
v 0.074135 0.502526 -0.018529
v 0.073400 0.502526 -0.017795
v 0.073455 0.502478 -0.017700
v -0.009525 0.502478 0.080207
v -0.009525 0.502526 0.080098
v 0.040045 0.502526 -0.060094
v -0.007788 0.502526 0.079095
v -0.007693 0.502478 0.079149
v 0.041877 0.502478 -0.059145
v 0.042161 0.502478 -0.058087
v 0.073465 0.495135 -0.021382
v 0.074247 0.495135 -0.020601
v 0.074828 0.495136 -0.020936
v -0.052050 0.502478 -0.043494
v -0.051276 0.502478 -0.042719
v -0.008522 0.502526 0.079829
v -0.008467 0.502478 0.079924
v -0.009525 0.499380 0.074742
v -0.011200 0.499380 0.075191
v -0.010966 0.500640 0.075595
v -0.009525 0.500640 0.075209
v -0.054785 0.499380 0.050027
v -0.056011 0.499380 0.051253
v -0.055607 0.500640 0.051486
v -0.054552 0.500640 0.050432
v -0.012426 0.499380 0.076417
v -0.012021 0.500640 0.076650
v -0.007851 0.499380 0.080992
v -0.008084 0.500640 0.080587
v 0.037144 0.499380 -0.056413
v 0.037549 0.500640 -0.056646
v 0.037163 0.500640 -0.058087
v 0.043394 0.499380 -0.058087
v -0.056008 0.499380 -0.043336
v -0.055990 0.500640 -0.041662
v -0.050207 0.499380 -0.043336
v 0.042927 0.500640 0.069357
v 0.042541 0.500640 0.070798
v -0.068643 0.499380 0.008530
v -0.067417 0.499380 0.007304
v -0.067821 0.500640 0.007071
v -0.068876 0.500640 0.008126
v 0.043140 0.496739 -0.058087
v 0.043463 0.498027 -0.058087
v -0.070317 0.496739 0.002535
v -0.070317 0.498027 0.002212
v -0.055788 0.496739 -0.043209
v -0.056068 0.498027 -0.043371
v -0.054817 0.498027 -0.044622
v 0.040045 0.498027 0.065939
v 0.041754 0.498027 0.066397
v 0.072398 0.496732 0.027706
v 0.070850 0.496732 0.028121
v 0.070689 0.498020 0.027841
v 0.072398 0.498020 0.027383
v -0.012485 0.498027 0.076382
v -0.011234 0.498027 0.075131
v -0.054817 0.498027 -0.038702
v -0.053108 0.498027 -0.045080
v 0.075204 0.495136 -0.019532
v 0.075204 0.494285 -0.019532
v 0.074828 0.494285 -0.020936
v 0.070994 0.495136 -0.021963
v 0.069967 0.494285 -0.020936
v 0.069591 0.494285 -0.019532
v 0.069967 0.495136 -0.018129
v 0.069967 0.494285 -0.018129
v 0.070994 0.495136 -0.017102
v 0.070994 0.494285 -0.017102
v 0.072397 0.495136 -0.016726
v 0.072397 0.494285 -0.016726
v 0.073800 0.495136 -0.017102
v 0.073800 0.494285 -0.017102
v 0.074828 0.495136 -0.018129
v 0.074828 0.494285 -0.018129
v 0.071319 0.494277 0.032669
v 0.072398 0.494277 0.032957
v 0.072398 0.494277 0.033608
v 0.070994 0.494277 0.033232
v 0.041123 0.494285 0.067490
v 0.040045 0.494285 0.067201
v 0.040045 0.494285 0.066551
v 0.041448 0.494285 0.066927
v -0.069239 0.494285 0.003762
v -0.070317 0.494285 0.003473
v -0.070317 0.494285 0.002823
v -0.068914 0.494285 0.003199
v 0.073475 0.494285 -0.017665
v 0.074265 0.494285 -0.018454
v 0.070530 0.494285 -0.020611
v 0.070241 0.494285 -0.019532
v -0.068450 0.494285 0.004551
v -0.067887 0.494285 0.004226
v -0.068450 0.494285 0.006708
v -0.068161 0.494285 0.005630
v -0.067511 0.494285 0.005630
v -0.067887 0.494285 0.007033
v -0.054975 0.494285 -0.040583
v -0.054511 0.494285 -0.039231
v -0.055538 0.494285 -0.040258
v -0.054975 0.494285 -0.042740
v -0.055264 0.494285 -0.041662
v -0.055914 0.494285 -0.041662
v -0.055538 0.494285 -0.043065
v -0.070317 0.494285 0.007786
v -0.069239 0.494285 0.007497
v -0.068914 0.494285 0.008060
v -0.070317 0.494285 0.008436
v -0.071327 0.494285 0.005630
v -0.071192 0.494285 0.006134
v -0.072185 0.494285 0.006708
v -0.072474 0.494285 0.005630
v -0.070317 0.494285 0.004620
v -0.070822 0.494285 0.004755
v -0.071395 0.494285 0.003762
v -0.070818 0.503340 0.005919
v -0.069816 0.503340 0.005919
v -0.070317 0.503340 0.005051
v -0.070818 0.503340 0.005340
v 0.072398 0.494277 0.031811
v 0.072903 0.494277 0.031676
v 0.073476 0.494277 0.032669
v -0.070822 0.494285 0.006504
v -0.070317 0.494285 0.006639
v -0.071395 0.494285 0.007497
v -0.069349 0.502526 0.006188
v -0.069758 0.502526 0.006597
v -0.069314 0.502526 0.007367
v -0.068580 0.502526 0.006633
v 0.071892 0.494285 -0.018658
v 0.072397 0.494285 -0.018523
v 0.072397 0.494285 -0.017376
v 0.071319 0.494285 -0.017665
v -0.069443 0.494285 0.006134
v -0.069307 0.494285 0.005630
v -0.071285 0.502526 0.005071
v -0.070876 0.502526 0.004662
v -0.071320 0.502526 0.003892
v -0.072055 0.502526 0.004626
v 0.073272 0.494285 -0.020037
v 0.073407 0.494285 -0.019532
v 0.072397 0.494285 -0.019532
v 0.073272 0.494285 -0.019028
v 0.072902 0.494285 -0.018658
v 0.071523 0.494285 -0.019028
v 0.071387 0.494285 -0.019532
v 0.071523 0.494285 -0.020037
v -0.052043 0.495135 0.054778
v -0.051707 0.495136 0.055358
v -0.050680 0.495136 0.054331
v -0.072748 0.495136 0.007033
v -0.071720 0.495136 0.008060
v -0.071385 0.495135 0.003780
v -0.070317 0.495135 0.003493
v -0.070317 0.495136 0.002823
v -0.071720 0.495136 0.003199
v -0.072453 0.495135 0.005630
v -0.072167 0.495135 0.004561
v -0.072748 0.495136 0.004226
v -0.073124 0.495136 0.005630
v 0.072397 0.495135 -0.021669
v -0.069249 0.495135 0.003780
v -0.068914 0.495136 0.003199
v -0.069249 0.495135 0.007480
v -0.070317 0.495136 0.008436
v -0.068914 0.495136 0.008060
v -0.053111 0.495135 0.055064
v -0.053111 0.495136 0.055734
v 0.074533 0.495135 -0.019532
v 0.071897 0.503068 -0.018666
v 0.072108 0.503340 -0.019031
v 0.075068 0.495823 -0.019532
v 0.074710 0.495823 -0.018197
v 0.074247 0.495135 -0.018464
v -0.071652 0.495823 0.003317
v -0.070317 0.495823 0.002959
v 0.072397 0.495823 -0.022203
v 0.073732 0.495823 -0.021845
v 0.071062 0.495823 -0.021845
v 0.071329 0.495135 -0.021382
v 0.073732 0.495823 -0.017220
v 0.072397 0.495823 -0.016862
v 0.072397 0.495135 -0.017396
v 0.073465 0.495135 -0.017682
v -0.008184 0.495823 -0.064511
v -0.008451 0.495135 -0.064974
v -0.067647 0.495823 0.005630
v -0.068005 0.495823 0.006965
v -0.068467 0.495135 0.006698
v -0.068181 0.495135 0.005630
v -0.068005 0.495823 0.004294
v -0.068467 0.495135 0.004561
v -0.054958 0.495135 -0.040593
v -0.051563 0.496739 0.050247
v -0.051776 0.495823 0.050615
v -0.053111 0.495823 0.050257
v 0.075078 0.496739 -0.017985
v 0.075492 0.496739 -0.019532
v -0.051247 0.501703 0.051851
v -0.050959 0.501703 0.052927
v -0.050229 0.500640 0.052927
v -0.068982 0.495823 0.003317
v 0.069302 0.496739 -0.019532
v 0.069727 0.495823 -0.019532
v 0.069717 0.496739 -0.017985
v -0.055778 0.495823 -0.041662
v -0.056203 0.496739 -0.041662
v 0.073945 0.496739 -0.016852
v 0.073945 0.496732 0.033482
v 0.073733 0.495816 0.033114
v 0.074710 0.495816 0.032136
v 0.075078 0.496732 0.032349
v -0.068982 0.495823 0.007942
v -0.068770 0.496739 0.008310
v 0.075078 0.496739 -0.021080
v 0.074710 0.495823 -0.020868
v 0.073945 0.496739 -0.022213
v 0.075746 0.499380 -0.019532
v 0.075815 0.498027 -0.019532
v 0.075357 0.498027 -0.021241
v 0.075298 0.499380 -0.021207
v -0.050430 0.496739 0.054475
v -0.049693 0.498027 0.052927
v -0.050151 0.498027 0.054636
v 0.041719 0.499380 0.072258
v 0.041754 0.498027 0.072317
v 0.043005 0.498027 0.067648
v 0.042945 0.499380 0.067683
v -0.067417 0.499380 0.003955
v -0.068643 0.499380 0.002729
v -0.009520 0.498027 -0.063406
v -0.056460 0.499380 0.052927
v -0.056529 0.498027 0.052927
v -0.056071 0.498027 0.054636
v -0.056011 0.499380 0.054602
v -0.071992 0.499380 0.002729
v -0.072026 0.498027 0.002670
v -0.073277 0.498027 0.003921
v -0.073218 0.499380 0.003955
v -0.070317 0.499380 0.008979
v -0.068608 0.498027 0.008590
v -0.011200 0.499380 0.080992
v -0.011234 0.498027 0.081051
v -0.009525 0.499380 0.081441
v 0.074549 0.501703 -0.019532
v 0.075279 0.500640 -0.019532
v 0.070533 0.501703 -0.020608
v 0.071321 0.501703 -0.021396
v 0.070956 0.500640 -0.022028
v 0.069901 0.500640 -0.020973
v -0.055604 0.500640 -0.040221
v 0.071321 0.501703 -0.017669
v 0.070533 0.501703 -0.018456
v 0.069901 0.500640 -0.018091
v 0.070956 0.500640 -0.017036
v 0.072397 0.501703 -0.021684
v 0.073473 0.501703 -0.021396
v 0.073838 0.500640 -0.022028
v 0.072397 0.500640 -0.022414
v -0.071393 0.501703 0.003766
v -0.070317 0.501703 0.003478
v -0.070317 0.500640 0.002748
v -0.071758 0.500640 0.003134
v 0.038181 0.501703 0.070433
v 0.037893 0.501703 0.069357
v 0.037163 0.500640 0.069357
v 0.037549 0.500640 0.070798
v 0.070245 0.501703 -0.019532
v 0.069515 0.500640 -0.019532
v -0.069241 0.501703 0.007493
v -0.070317 0.501703 0.007782
v -0.070317 0.500640 0.008512
v -0.068453 0.501703 0.006706
v 0.070245 0.502335 -0.019532
v 0.070533 0.502335 -0.020608
v 0.072397 0.502335 -0.021684
v 0.073473 0.502335 -0.021396
v 0.071321 0.502335 -0.021396
v 0.074549 0.502335 -0.019532
v 0.074261 0.502335 -0.018456
v 0.074261 0.502335 -0.020608
v 0.074261 0.501703 -0.020608
v 0.072956 0.502753 0.031769
v 0.072398 0.502753 0.031919
v 0.072398 0.502519 0.031919
v 0.072956 0.502519 0.031769
v 0.071839 0.502753 0.029833
v 0.072398 0.502753 0.029684
v -0.054187 0.502335 0.051064
v -0.053111 0.502335 0.050775
v -0.053111 0.501703 0.050775
v -0.054187 0.501703 0.051064
v 0.073365 0.502760 -0.020091
v 0.073515 0.502760 -0.019532
v 0.073515 0.502526 -0.019532
v 0.073365 0.502526 -0.020091
v 0.071321 0.502335 -0.017669
v 0.070533 0.502335 -0.018456
v -0.053111 0.503340 0.052349
v -0.053612 0.503340 0.053217
v -0.053111 0.503340 0.053506
v -0.052610 0.503340 0.053217
v -0.053108 0.494285 -0.043818
v -0.054186 0.494285 -0.043529
v -0.054511 0.494285 -0.044092
v -0.053108 0.494285 -0.044468
v -0.070876 0.502526 0.006597
v -0.071285 0.502526 0.006188
v -0.072055 0.502526 0.006633
v -0.071320 0.502526 0.007367
v -0.069349 0.502526 0.005071
v -0.069200 0.502526 0.005630
v -0.068311 0.502526 0.005630
v -0.068580 0.502526 0.004626
v -0.071435 0.502526 0.005630
v -0.072324 0.502526 0.005630
v 0.038177 0.494285 -0.059166
v 0.071429 0.502526 -0.018974
v 0.070391 0.502526 -0.019532
v 0.070660 0.502526 -0.018529
v 0.072397 0.502526 -0.018415
v 0.071838 0.502526 -0.018565
v 0.071394 0.502526 -0.017795
v 0.072397 0.502526 -0.017526
v 0.072956 0.502526 -0.018565
v 0.072397 0.502526 -0.020650
v 0.072956 0.502526 -0.020500
v 0.073400 0.502526 -0.021270
v 0.072397 0.502526 -0.021539
v -0.069812 0.494285 0.004755
v 0.073473 0.502335 -0.017669
v 0.072956 0.502760 -0.020500
v 0.072397 0.502760 -0.020650
v 0.071838 0.502760 -0.020500
v 0.071838 0.502526 -0.020500
v 0.071429 0.502760 -0.018974
v 0.071838 0.502760 -0.018565
v 0.072397 0.502760 -0.018415
v 0.040045 0.502335 0.071509
v 0.038969 0.502335 0.071221
v 0.038969 0.501703 0.071221
v 0.040045 0.501703 0.071509
v -0.008966 0.502760 0.079059
v -0.009525 0.502760 0.079209
v -0.009525 0.502526 0.079209
v -0.008966 0.502526 0.079059
v 0.073365 0.502760 -0.018974
v 0.073365 0.502526 -0.018974
v 0.072898 0.503340 -0.019822
v 0.072687 0.503340 -0.020034
v 0.072397 0.503340 -0.020111
v 0.072108 0.503340 -0.020034
v 0.071896 0.503340 -0.019822
v 0.072397 0.503340 -0.018954
v 0.072687 0.503340 -0.019031
v 0.072898 0.503340 -0.019243
v 0.072976 0.503340 -0.019532
v -0.053108 0.503068 -0.042663
v -0.070876 0.502760 0.004662
v -0.070818 0.503068 0.004763
v -0.070317 0.503068 0.004629
v -0.070317 0.502760 0.004512
v -0.069817 0.503068 0.004763
v -0.069758 0.502760 0.004662
v -0.069349 0.502760 0.005071
v -0.069450 0.503068 0.005129
v -0.069316 0.503068 0.005630
v -0.069200 0.502760 0.005630
v 0.072397 0.503068 -0.020533
v 0.072898 0.503068 -0.020399
v 0.071897 0.503068 -0.020399
v 0.039544 0.503068 -0.058954
v -0.070317 0.502760 0.006747
v -0.070317 0.503068 0.006631
v -0.070818 0.503068 0.006496
v -0.070876 0.502760 0.006597
v -0.054225 0.502760 -0.041662
v -0.054109 0.503068 -0.041662
v -0.069349 0.502760 0.006188
v -0.069450 0.503068 0.006130
v -0.069817 0.503068 0.006496
v -0.069758 0.502760 0.006597
v -0.069739 0.503340 0.005630
v 0.073398 0.503068 -0.019532
v 0.073264 0.503068 -0.019032
v 0.071530 0.503068 -0.020033
v 0.073264 0.503068 -0.020033
v -0.071184 0.503068 0.006130
v -0.070896 0.503340 0.005630
v -0.070607 0.503340 0.005128
v 0.041877 0.502478 0.070415
v 0.041782 0.502526 0.070361
v 0.041048 0.502526 0.071095
v 0.041102 0.502478 0.071190
v 0.072397 0.503068 -0.018531
v -0.070607 0.503340 0.006131
v -0.070028 0.503340 0.006131
v -0.070317 0.503340 0.006208
v -0.068453 0.502335 0.004554
v -0.068485 0.502478 0.004572
v -0.068202 0.502478 0.005630
v -0.068165 0.502335 0.005630
v 0.070565 0.502478 -0.020590
v 0.071339 0.502478 -0.021365
v 0.074513 0.502478 -0.019532
v 0.074229 0.502478 -0.020590
v 0.071339 0.502478 -0.017700
v 0.070565 0.502478 -0.018475
v 0.072397 0.502335 -0.017380
v 0.072397 0.502478 -0.017417
v -0.069241 0.502335 0.003766
v -0.069259 0.502478 0.003797
v 0.041877 0.502478 -0.057030
v 0.073455 0.502471 0.032633
v 0.072398 0.502471 0.032917
v -0.071393 0.502335 0.007493
v -0.071375 0.502478 0.007462
v -0.072149 0.502478 0.006687
v -0.072181 0.502335 0.006706
v 0.074135 0.502526 -0.020536
v 0.074404 0.502526 -0.019532
v -0.070317 0.502478 0.007745
v -0.070317 0.502526 0.007636
v 0.070660 0.502526 -0.020536
v 0.071394 0.502526 -0.021270
v 0.070282 0.502478 -0.019532
v 0.041048 0.502526 -0.056350
v -0.071375 0.502478 0.003797
v -0.070317 0.502478 0.003514
v -0.054943 0.502478 0.051870
v -0.054114 0.502526 0.051190
v -0.054169 0.502478 0.051095
v -0.052053 0.502478 0.054760
v -0.052107 0.502526 0.054665
v -0.053111 0.502526 0.054934
v -0.053111 0.502478 0.055043
v -0.049761 0.499380 0.052927
v 0.041719 0.499380 0.066457
v 0.040045 0.499380 0.066008
v 0.040045 0.500640 0.066475
v 0.041486 0.500640 0.066861
v 0.069497 0.499380 -0.021207
v 0.069048 0.499380 -0.019532
v -0.073218 0.499380 0.007304
v -0.071992 0.499380 0.008530
v -0.071758 0.500640 0.008126
v -0.072813 0.500640 0.007071
v -0.073666 0.499380 0.005630
v -0.054785 0.499380 0.055828
v -0.053111 0.499380 0.056277
v -0.053111 0.500640 0.055809
v -0.054552 0.500640 0.055423
v 0.075298 0.499373 0.029127
v 0.074072 0.499373 0.027901
v 0.073839 0.500633 0.028305
v 0.074894 0.500633 0.029360
v -0.053111 0.499380 0.049578
v -0.053111 0.500640 0.050045
v -0.054187 0.502335 0.054791
v -0.054169 0.502478 0.054760
v -0.054943 0.502478 0.053985
v -0.054974 0.502335 0.054003
v 0.069717 0.496739 -0.021080
v 0.068979 0.498027 -0.019532
v 0.069437 0.498027 -0.021241
v -0.071865 0.496739 0.002949
v -0.072998 0.496739 0.004082
v -0.073412 0.496739 0.005630
v -0.073735 0.498027 0.005630
v -0.072998 0.496739 0.007177
v -0.073277 0.498027 0.007339
v 0.038497 0.496739 0.066677
v 0.037364 0.496739 0.067810
v 0.037085 0.498027 0.067648
v 0.038336 0.498027 0.066397
v -0.067637 0.496739 0.007177
v -0.067222 0.496739 0.005630
v -0.066899 0.498027 0.005630
v -0.067357 0.498027 0.007339
v 0.069717 0.496732 0.032349
v 0.070689 0.498020 0.033761
v 0.069438 0.498020 0.032510
v 0.075357 0.498027 -0.017823
v 0.072956 0.502760 -0.018565
v 0.074828 0.495129 0.029398
v 0.075204 0.495129 0.030801
v 0.075204 0.494277 0.030801
v 0.074828 0.494277 0.029398
v 0.073801 0.495129 0.028371
v 0.073801 0.494277 0.028371
v 0.072398 0.495129 0.027995
v 0.072398 0.494277 0.027995
v 0.070994 0.495129 0.028371
v 0.070994 0.494277 0.028371
v 0.069967 0.495129 0.029398
v 0.069967 0.494277 0.029398
v 0.069591 0.495129 0.030801
v 0.069591 0.494277 0.030801
v 0.069967 0.494277 0.032204
v 0.073801 0.495129 0.033232
v 0.073801 0.494277 0.033232
v 0.074828 0.495129 0.032204
v 0.074828 0.494277 0.032204
v -0.054978 0.494285 0.051849
v -0.055267 0.494285 0.052927
v -0.055917 0.494285 0.052927
v -0.055541 0.494285 0.051524
v 0.070241 0.494277 0.030801
v 0.070530 0.494277 0.031879
v 0.038966 0.494285 0.067490
v 0.038177 0.494285 0.068279
v 0.037614 0.494285 0.067954
v 0.038641 0.494285 0.066927
v -0.053111 0.494285 0.055084
v -0.052033 0.494285 0.054795
v -0.051707 0.494285 0.055358
v -0.053111 0.494285 0.055734
v -0.053111 0.494285 0.050771
v -0.054189 0.494285 0.051060
v -0.054514 0.494285 0.050497
v -0.053111 0.494285 0.050121
v 0.038966 0.494285 0.071225
v 0.038641 0.494285 0.071788
v 0.037614 0.494285 0.070761
v 0.037238 0.494285 0.069357
v 0.074265 0.494277 0.029723
v 0.073476 0.494277 0.028934
v -0.051705 0.495136 -0.044092
v 0.072398 0.494277 0.028645
v 0.071319 0.494277 0.028934
v -0.054118 0.494285 -0.041662
v -0.053982 0.494285 -0.041157
v 0.071523 0.494277 0.030296
v 0.071388 0.494277 0.030801
v 0.070530 0.494277 0.029723
v -0.052606 0.494285 0.053802
v -0.053108 0.494285 -0.042671
v -0.053613 0.494285 -0.042536
v 0.074554 0.494285 -0.019532
v -0.052043 0.495135 0.051077
v -0.051261 0.495135 0.051859
v -0.050680 0.495136 0.051524
v -0.051707 0.495136 0.050497
v -0.052236 0.494285 0.052423
v -0.052606 0.494285 0.052053
v -0.052033 0.494285 0.051060
v -0.051243 0.494285 0.051849
v 0.039170 0.494285 0.068852
v 0.039540 0.494285 0.070232
v -0.053111 0.494285 0.051918
v -0.053616 0.494285 0.052053
v -0.052098 0.494285 -0.041662
v -0.052233 0.494285 -0.042167
v 0.073272 0.494277 0.030296
v 0.073407 0.494277 0.030801
v 0.072398 0.494277 0.030801
v 0.073272 0.494277 0.031306
v 0.071893 0.494277 0.031676
v 0.071523 0.494277 0.031306
v 0.071893 0.494277 0.029927
v 0.072398 0.494277 0.029791
v 0.072903 0.494277 0.029927
v 0.074534 0.495128 0.030801
v 0.074248 0.495128 0.031869
v 0.071330 0.495128 0.028951
v 0.072398 0.495128 0.028665
v -0.054179 0.495135 0.054778
v -0.054514 0.495136 0.055358
v 0.073466 0.495128 0.028951
v 0.074248 0.495128 0.029733
v -0.054961 0.495135 0.053996
v -0.055247 0.495135 0.052927
v -0.055917 0.495136 0.052927
v -0.055541 0.495136 0.054331
v 0.037908 0.495135 0.069357
v 0.038195 0.495135 0.068289
v 0.037614 0.495136 0.067954
v 0.037238 0.495136 0.069357
v -0.054961 0.495135 0.051859
v -0.054179 0.495135 0.051077
v -0.054514 0.495136 0.050497
v -0.055541 0.495136 0.051524
v -0.053111 0.495135 0.050791
v -0.053111 0.495136 0.050121
v 0.041113 0.495135 0.071207
v 0.040045 0.495135 0.071494
v 0.040045 0.495136 0.072164
v 0.041448 0.495136 0.071788
v -0.011956 0.494285 0.079495
v -0.012332 0.494285 0.078091
v 0.074710 0.495816 0.029466
v 0.075068 0.495816 0.030801
v 0.042357 0.495823 0.070693
v 0.041380 0.495823 0.071670
v 0.041895 0.495135 0.070426
v 0.073466 0.495128 0.032651
v 0.072398 0.495816 0.028131
v 0.073733 0.495816 0.028489
v 0.037732 0.495823 0.068022
v 0.038709 0.495823 0.067045
v 0.038977 0.495135 0.067507
v 0.042715 0.495823 0.069357
v 0.042181 0.495135 0.069357
v -0.055423 0.495823 0.054263
v -0.055781 0.495823 0.052927
v -0.054446 0.495823 0.055240
v -0.053111 0.495823 0.055598
v 0.040045 0.495823 0.072028
v -0.011073 0.496739 0.080772
v -0.010860 0.495823 0.080404
v -0.009525 0.495823 0.080762
v 0.075493 0.496732 0.030801
v 0.041592 0.496739 0.072038
v 0.042725 0.496739 0.070905
v -0.054446 0.495823 0.050615
v 0.073945 0.496732 0.028121
v 0.036950 0.496739 0.069357
v 0.037374 0.495823 0.069357
v 0.037732 0.495823 0.070693
v 0.037364 0.496739 0.070905
v 0.038709 0.495823 0.071670
v 0.038497 0.496739 0.072038
v 0.040045 0.496739 0.072452
v 0.071062 0.495816 0.028489
v 0.075078 0.496732 0.029254
v 0.038370 0.499380 0.066457
v 0.037144 0.499380 0.067683
v -0.054820 0.498027 0.055888
v -0.053111 0.498027 0.056345
v 0.075747 0.499373 0.030801
v 0.075816 0.498020 0.030801
v 0.075358 0.498020 0.029092
v 0.074107 0.498020 0.027841
v -0.070317 0.499380 0.002280
v 0.075298 0.499373 0.032476
v 0.075358 0.498020 0.032510
v 0.075298 0.499380 -0.017858
v 0.038969 0.501703 0.067494
v 0.040045 0.501703 0.067205
v 0.038604 0.500640 0.066861
v -0.011677 0.501703 0.078091
v -0.011389 0.501703 0.077015
v -0.012407 0.500640 0.078091
v -0.010601 0.501703 0.076228
v 0.070957 0.500633 0.033297
v 0.072398 0.500633 0.033683
v -0.053111 0.501703 0.055080
v -0.054187 0.501703 0.054791
v -0.054974 0.501703 0.054003
v -0.055607 0.500640 0.054368
v 0.038604 0.500640 -0.055592
v -0.055263 0.501703 0.052927
v -0.055993 0.500640 0.052927
v 0.040045 0.500640 -0.055205
v 0.041121 0.501703 0.071221
v 0.040045 0.500640 0.072239
v 0.041486 0.500640 0.071853
v -0.008449 0.501703 0.079955
v 0.074550 0.502328 0.030801
v 0.074261 0.502328 0.031877
v 0.074261 0.501696 0.031877
v 0.074550 0.501696 0.030801
v 0.074261 0.502328 0.029725
v 0.074261 0.501696 0.029725
v -0.053667 0.502760 -0.040694
v -0.053667 0.502526 -0.040694
v 0.072398 0.502328 0.028649
v 0.073474 0.502328 0.028937
v 0.073474 0.501696 0.028937
v 0.072398 0.501696 0.028649
v 0.070534 0.502328 0.029725
v 0.071322 0.502328 0.028937
v 0.071322 0.501696 0.028937
v 0.070534 0.501696 0.029725
v 0.070246 0.502328 0.030801
v 0.070246 0.501696 0.030801
v 0.070534 0.502328 0.031877
v 0.070534 0.501696 0.031877
v -0.070317 0.502526 0.006747
v 0.073365 0.502519 0.031360
v 0.074135 0.502519 0.031804
v -0.053669 0.502526 0.051960
v 0.039486 0.502526 0.068390
v 0.040045 0.502526 0.068240
v 0.040045 0.502526 0.067351
v 0.039041 0.502526 0.067620
v 0.072956 0.502519 0.029833
v 0.073401 0.502519 0.029064
v 0.071280 0.502519 0.030801
v 0.071430 0.502519 0.030242
v 0.070660 0.502519 0.029798
v 0.070391 0.502519 0.030801
v -0.053111 0.502526 0.051810
v -0.052552 0.502526 0.051960
v -0.052107 0.502526 0.051190
v -0.053111 0.502526 0.050921
v -0.052143 0.502526 0.052369
v 0.073515 0.502753 0.030801
v 0.073365 0.502753 0.031360
v 0.073365 0.502753 0.030242
v -0.052035 0.502335 0.051064
v -0.052035 0.501703 0.051064
v 0.072956 0.502753 0.029833
v 0.071430 0.502753 0.030242
v 0.071280 0.502753 0.030801
v 0.071430 0.502753 0.031360
v 0.071430 0.502519 0.031360
v 0.071839 0.502753 0.031769
v 0.071839 0.502519 0.031769
v 0.072899 0.503333 0.030512
v 0.072687 0.503333 0.030300
v 0.071896 0.503333 0.031090
v 0.072108 0.503333 0.031302
v 0.072398 0.503333 0.031380
v 0.072687 0.503333 0.031302
v 0.040045 0.503340 0.068779
v 0.039544 0.503340 0.069647
v -0.054228 0.502760 0.052927
v -0.054112 0.503068 0.052927
v -0.053978 0.503068 0.052427
v -0.054078 0.502760 0.052369
v 0.039077 0.502760 0.069916
v 0.039178 0.503068 0.069858
v 0.039044 0.503068 0.069357
v 0.038927 0.502760 0.069357
v 0.040603 0.502760 0.068390
v 0.040545 0.503068 0.068491
v 0.040911 0.503068 0.068857
v 0.041012 0.502760 0.068799
v -0.053111 0.502760 0.051810
v -0.053111 0.503068 0.051927
v -0.052610 0.503068 0.052061
v -0.052552 0.502760 0.051960
v -0.053611 0.503068 0.052061
v -0.053669 0.502760 0.051960
v -0.052143 0.502760 0.052369
v -0.052244 0.503068 0.052427
v -0.052110 0.503068 0.052927
v -0.051993 0.502760 0.052927
v 0.073264 0.503061 0.030301
v -0.053669 0.502760 0.053895
v -0.053611 0.503068 0.053794
v -0.053978 0.503068 0.053428
v -0.054078 0.502760 0.053486
v 0.040045 0.502760 0.068240
v 0.040045 0.503068 0.068356
v -0.053111 0.503068 0.053928
v -0.053111 0.502760 0.054045
v 0.041012 0.502760 0.069916
v 0.040603 0.502760 0.070325
v -0.052532 0.503340 0.052927
v 0.041046 0.503068 0.069357
v 0.040623 0.503340 0.069357
v -0.052821 0.503340 0.052426
v 0.039755 0.503340 0.069859
v 0.039544 0.503068 0.070224
v -0.053689 0.503340 0.052927
v -0.052610 0.503340 0.052638
v -0.053400 0.503340 0.053429
v 0.039544 0.503068 0.068491
v 0.039755 0.503340 0.068856
v -0.052818 0.503340 -0.041160
v -0.053108 0.503068 -0.040661
v -0.052821 0.503340 0.053429
v 0.038181 0.502335 0.070433
v 0.038212 0.502478 0.070415
v 0.037929 0.502478 0.069357
v 0.037893 0.502335 0.069357
v 0.038987 0.502478 0.071190
v -0.053111 0.502335 0.055080
v -0.053111 0.502478 0.050812
v 0.041908 0.502335 0.070433
v 0.041121 0.502335 0.071221
v -0.052053 0.502478 0.051095
v -0.051247 0.502335 0.051851
v -0.069241 0.502335 0.007493
v -0.069259 0.502478 0.007462
v -0.070317 0.502335 0.007782
v 0.073455 0.502471 0.028969
v 0.074230 0.502471 0.029743
v -0.055226 0.502478 0.052927
v 0.038038 0.502526 0.069357
v 0.038307 0.502526 0.068354
v 0.039041 0.502526 0.071095
v 0.038307 0.502526 0.070361
v 0.072398 0.502519 0.032808
v 0.071394 0.502519 0.032539
v 0.071340 0.502471 0.032633
v -0.054114 0.502526 0.054665
v -0.054848 0.502526 0.053931
v -0.051278 0.502478 0.053985
v -0.068485 0.502478 0.006687
v 0.040045 0.502526 0.071364
v 0.040045 0.502478 0.071473
v 0.040045 0.502478 0.067242
v 0.041048 0.502526 0.067620
v 0.041102 0.502478 0.067525
v 0.041720 0.499380 -0.055187
v 0.042945 0.499380 -0.056413
v 0.070723 0.499373 0.033702
v 0.072398 0.499373 0.034150
v 0.069497 0.499373 0.032476
v 0.069902 0.500633 0.032242
v 0.069516 0.500633 0.030801
v 0.036695 0.499380 0.069357
v 0.037144 0.499380 0.071032
v 0.042541 0.500640 0.067916
v 0.074893 0.500640 -0.020973
v -0.054782 0.499380 -0.044562
v -0.012485 0.498027 0.079800
v -0.012943 0.498027 0.078091
v 0.042725 0.496739 0.067810
v -0.051560 0.496739 -0.044342
v -0.051399 0.498027 -0.044622
v -0.053111 0.496739 0.056022
v -0.051563 0.496739 0.055608
v -0.051402 0.498027 0.055888
v -0.056206 0.496739 0.052927
v -0.055791 0.496739 0.054475
v -0.054658 0.496739 0.055608
v 0.040045 0.498027 0.072775
v 0.038336 0.498027 0.072317
v 0.042851 0.495136 0.069357
v 0.042851 0.494285 0.069357
v 0.042475 0.494285 0.067954
v 0.038641 0.495136 0.066927
v 0.037614 0.495136 0.070761
v 0.038641 0.495136 0.071788
v 0.040045 0.494285 0.072164
v 0.041448 0.494285 0.071788
v 0.042475 0.495136 0.070761
v 0.042475 0.494285 0.070761
v -0.054978 0.494285 0.054006
v -0.055541 0.494285 0.054331
v 0.074265 0.494277 0.031879
v 0.074554 0.494277 0.030801
v -0.069443 0.494285 0.005125
v -0.054189 0.494285 0.054795
v -0.054514 0.494285 0.055358
v 0.042201 0.494285 0.069357
v 0.041912 0.494285 0.068279
v 0.041912 0.494285 0.070436
v 0.074265 0.494285 -0.020611
v -0.053111 0.494285 0.053937
v 0.040919 0.494285 0.068852
v 0.040550 0.494285 0.068483
v -0.053108 0.494285 -0.038855
v -0.053985 0.494285 0.052423
v -0.069812 0.494285 0.006504
v -0.009020 0.494285 0.077217
v -0.008447 0.494285 0.076224
v -0.053982 0.494285 -0.042167
v -0.072185 0.494285 0.004551
v -0.073124 0.494285 0.005630
v -0.072748 0.494285 0.004226
v -0.071720 0.494285 0.003199
v 0.041054 0.494285 0.069357
v 0.040045 0.494285 0.069357
v 0.040919 0.494285 0.069862
v 0.039540 0.494285 0.068483
v 0.040045 0.494285 0.068348
v 0.038977 0.495135 0.071207
v 0.038195 0.495135 0.070426
v 0.070261 0.495128 0.030801
v 0.070548 0.495128 0.029733
v -0.055423 0.495823 0.051592
v 0.070085 0.495816 0.032136
v 0.069727 0.495816 0.030801
v 0.042357 0.495823 0.068022
v -0.051776 0.495823 0.055240
v -0.055791 0.496739 0.051380
v 0.043140 0.496739 0.069357
v 0.070085 0.495816 0.029466
v 0.069717 0.496732 0.029254
v 0.072398 0.498020 0.034219
v 0.038370 0.499380 0.072258
v 0.040045 0.499380 0.072707
v 0.072398 0.499373 0.027452
v 0.074107 0.498020 0.033761
v 0.074072 0.499373 0.033702
v -0.050151 0.498027 0.051218
v -0.051402 0.498027 0.049967
v 0.073839 0.500633 0.033297
v 0.074894 0.500633 0.032242
v -0.054974 0.501703 0.051851
v -0.052035 0.501703 0.054791
v -0.051670 0.500640 0.055423
v 0.041121 0.501703 0.067494
v 0.070957 0.500633 0.028305
v 0.069902 0.500633 0.029360
v 0.041908 0.501703 0.068281
v 0.072398 0.500633 0.027919
v 0.038604 0.500640 0.071853
v -0.011389 0.501703 0.079167
v -0.012021 0.500640 0.079532
v 0.041908 0.501703 0.070433
v 0.042197 0.501703 0.069357
v 0.041121 0.502335 0.067494
v 0.038181 0.501703 0.068281
v 0.040603 0.502526 0.068390
v 0.041012 0.502526 0.068799
v 0.041162 0.502526 0.069357
v 0.042051 0.502526 0.069357
v 0.041782 0.502526 0.068354
v 0.038927 0.502526 0.069357
v 0.039077 0.502526 0.068799
v 0.070660 0.502519 0.031804
v 0.073401 0.502519 0.032539
v 0.040045 0.502526 0.070475
v 0.039486 0.502526 0.070325
v 0.039077 0.502526 0.069916
v -0.052552 0.502526 0.053895
v -0.053111 0.502526 0.054045
v 0.041162 0.502760 0.069357
v 0.041012 0.502526 0.069916
v 0.040045 0.502760 0.070475
v 0.039486 0.502760 0.070325
v 0.039077 0.502760 0.068799
v 0.039486 0.502760 0.068390
v 0.040603 0.502526 0.070325
v 0.040546 0.503340 0.069068
v 0.040334 0.503340 0.068856
v 0.039544 0.503340 0.069068
v 0.039466 0.503340 0.069357
v -0.050304 0.495136 0.052927
v 0.071531 0.503061 0.031302
v 0.070850 0.496739 -0.022213
v 0.070085 0.495823 -0.020868
v 0.072898 0.503061 0.029934
v 0.072898 0.503061 0.031668
v 0.072398 0.503061 0.031802
v -0.052529 0.503340 -0.041662
v 0.071897 0.503061 0.031668
v -0.053400 0.503340 0.052426
v 0.074513 0.502471 0.030801
v 0.072398 0.502471 0.028685
v -0.052035 0.502335 0.054791
v 0.070565 0.502471 0.029743
v 0.071340 0.502471 0.028969
v 0.074230 0.502471 0.031859
v -0.055263 0.502335 0.052927
v -0.054974 0.502335 0.051851
v 0.038987 0.502478 -0.056255
v 0.073455 0.502478 -0.021365
v -0.072149 0.502478 0.004572
v 0.070723 0.499373 0.027901
v -0.053108 0.499380 -0.045011
v -0.053108 0.500640 -0.044544
v -0.056071 0.498027 0.051218
v 0.069303 0.496732 0.030801
v 0.037085 0.498027 0.071066
v 0.036627 0.498027 0.069357
v -0.007095 0.495136 0.076688
v -0.006719 0.495136 0.078091
v -0.006719 0.494285 0.078091
v -0.007095 0.494285 0.076688
v -0.008122 0.495136 0.075661
v -0.008122 0.494285 0.075661
v -0.012332 0.495136 0.078091
v -0.011956 0.495136 0.079495
v -0.008122 0.494285 0.080522
v -0.007095 0.495136 0.079495
v -0.007095 0.494285 0.079495
v -0.011393 0.494285 0.077013
v -0.050680 0.494285 0.054331
v -0.008557 0.502526 0.078650
v -0.050680 0.494285 0.051524
v -0.050304 0.494285 0.052927
v -0.010400 0.494285 0.077586
v 0.041048 0.502526 -0.059825
v -0.052030 0.494285 -0.043529
v -0.051705 0.494285 -0.044092
v -0.010643 0.502526 0.078091
v -0.011532 0.502526 0.078091
v -0.009525 0.494285 0.078091
v -0.010593 0.495135 0.076241
v -0.009525 0.495135 0.075955
v -0.011375 0.495135 0.079159
v -0.011661 0.495135 0.078091
v -0.008457 0.495135 0.076241
v -0.007675 0.495135 0.077023
v -0.011375 0.495135 0.077023
v -0.067887 0.495136 0.007033
v -0.009525 0.502526 0.076974
v -0.009525 0.502526 0.076085
v -0.010593 0.495135 0.079941
v -0.007213 0.495823 0.076756
v -0.009525 0.495823 0.075421
v -0.006845 0.496739 0.076544
v -0.008190 0.495823 0.075779
v -0.009520 0.496739 -0.063729
v -0.006430 0.496739 0.078091
v -0.012874 0.499380 0.078091
v 0.037085 0.498027 -0.056378
v -0.050210 0.499380 0.054602
v -0.008449 0.501703 0.076228
v -0.007661 0.501703 0.077015
v -0.007029 0.500640 0.076650
v -0.008084 0.500640 0.075595
v -0.009525 0.501703 0.075939
v -0.051247 0.501703 0.054003
v -0.050615 0.500640 0.054368
v -0.007661 0.502335 0.079167
v -0.008449 0.502335 0.079955
v -0.008557 0.502526 0.077533
v -0.008408 0.502526 0.078091
v -0.008966 0.502526 0.077124
v -0.008522 0.502526 0.076354
v 0.070530 0.494285 -0.018454
v -0.008408 0.502760 0.078091
v -0.008557 0.502760 0.078650
v -0.008557 0.502760 0.077533
v -0.009525 0.502760 0.076974
v -0.008966 0.502760 0.077124
v -0.010084 0.502760 0.077124
v -0.010643 0.502760 0.078091
v -0.010493 0.502760 0.077533
v -0.009236 0.503340 0.077590
v -0.010026 0.503340 0.077802
v -0.010104 0.503340 0.078091
v -0.010526 0.503068 0.078091
v -0.010392 0.503068 0.077591
v -0.008658 0.503068 0.078592
v -0.009025 0.503068 0.077224
v -0.052818 0.503340 -0.042163
v -0.052607 0.503068 -0.042528
v 0.072898 0.503068 -0.018666
v -0.053608 0.503068 -0.040795
v -0.053397 0.503340 -0.041160
v -0.053975 0.503068 -0.041161
v 0.072397 0.502478 -0.021648
v -0.012426 0.499380 0.079766
v -0.066968 0.499380 0.005630
v -0.067435 0.500640 0.005630
v -0.054782 0.499380 -0.038761
v -0.054549 0.500640 -0.039166
v 0.075280 0.500633 0.030801
v -0.051433 0.499380 -0.044562
v -0.051667 0.500640 -0.044158
v 0.038497 0.496739 -0.055407
v -0.051707 0.494285 0.050497
v -0.071192 0.494285 0.005125
v -0.054120 0.494285 0.052927
v -0.053985 0.494285 0.053432
v -0.053111 0.494285 0.052927
v -0.053616 0.494285 0.053802
v -0.072630 0.495823 0.004294
v 0.038710 0.495823 -0.055775
v -0.051436 0.499380 0.055828
v 0.072397 0.501703 -0.017380
v 0.072397 0.500640 -0.016650
v 0.037549 0.500640 0.067916
v -0.050959 0.502335 0.052927
v -0.051247 0.502335 0.054003
v 0.040045 0.502335 0.067205
v -0.053669 0.502526 0.053895
v -0.054078 0.502526 0.053486
v -0.051705 0.494285 -0.039231
v -0.053612 0.503340 0.052638
v 0.039178 0.503068 0.068857
v -0.050956 0.502335 -0.041662
v -0.052032 0.502335 -0.043525
v -0.051244 0.502335 -0.042738
v -0.072433 0.502478 0.005630
v -0.072469 0.502335 0.005630
v 0.070282 0.502471 0.030801
v 0.070565 0.502471 0.031859
v -0.054111 0.502526 -0.039924
v -0.067887 0.495136 0.004226
v -0.067511 0.495136 0.005630
v -0.072748 0.494285 0.007033
v -0.071720 0.494285 0.008060
v -0.050677 0.494285 -0.040258
v -0.052603 0.494285 -0.042536
v -0.070317 0.494285 0.005630
v -0.072988 0.495823 0.005630
v 0.072397 0.496739 -0.022627
v 0.074072 0.499380 -0.022433
v 0.074106 0.498027 -0.022492
v -0.069241 0.501703 0.003766
v -0.068876 0.500640 0.003134
v -0.072181 0.501703 0.006706
v -0.071393 0.501703 0.007493
v -0.068453 0.501703 0.004554
v -0.068165 0.501703 0.005630
v -0.067821 0.500640 0.004189
v -0.054184 0.501703 -0.039798
v -0.068453 0.502335 0.006706
v -0.070317 0.502335 0.003478
v -0.071393 0.502335 0.003766
v -0.072181 0.502335 0.004554
v -0.071285 0.502760 0.006188
v -0.069816 0.503340 0.005340
v -0.070028 0.503340 0.005128
v -0.055914 0.495136 -0.041662
v -0.055538 0.495136 -0.040258
v -0.054511 0.495136 -0.039231
v -0.053108 0.494285 -0.041662
v -0.055244 0.495135 -0.041662
v -0.053108 0.501703 -0.043814
v -0.052032 0.501703 -0.043525
v -0.053108 0.502335 -0.043814
v -0.052549 0.502760 -0.042629
v -0.054076 0.502760 -0.041103
v -0.052607 0.503340 -0.041951
v -0.053687 0.503340 -0.041662
v -0.053108 0.502478 -0.043777
v -0.024838 0.433437 0.060461
v -0.025195 0.434994 0.060245
v -0.025585 0.434994 0.060892
v -0.025228 0.433437 0.061107
v -0.026172 0.436135 0.059656
v -0.026562 0.436135 0.060303
v -0.027506 0.436552 0.058852
v -0.027896 0.436552 0.059499
v -0.028839 0.436135 0.058048
v -0.029229 0.436135 0.058694
v -0.029816 0.434994 0.057459
v -0.030206 0.434994 0.058106
v -0.030173 0.433437 0.057243
v -0.030563 0.433437 0.057890
v -0.029816 0.431879 0.057459
v -0.030206 0.431879 0.058106
v -0.028839 0.430739 0.058048
v -0.029229 0.430739 0.058694
v -0.027506 0.430322 0.058852
v -0.027896 0.430322 0.059499
v -0.026172 0.430739 0.059656
v -0.026562 0.430739 0.060303
v -0.025195 0.431879 0.060245
v -0.025585 0.431879 0.060892
v -0.026111 0.434860 0.061315
v -0.025785 0.433437 0.061512
v -0.027004 0.435902 0.060776
v -0.028223 0.436284 0.060041
v -0.029442 0.435902 0.059306
v -0.030334 0.434860 0.058768
v -0.030661 0.433437 0.058571
v -0.030334 0.432014 0.058768
v -0.029442 0.430971 0.059306
v -0.028223 0.430590 0.060041
v -0.027004 0.430971 0.060776
v -0.026111 0.432014 0.061315
v -0.027028 0.434473 0.061535
v -0.026790 0.433437 0.061679
v -0.026378 0.433437 0.061676
v -0.026656 0.434649 0.061508
v -0.027677 0.435232 0.061143
v -0.027416 0.435536 0.061050
v -0.028565 0.435510 0.060608
v -0.028454 0.435861 0.060424
v -0.029452 0.435232 0.060073
v -0.029492 0.435536 0.059799
v -0.030102 0.434473 0.059681
v -0.030251 0.434649 0.059341
v -0.030340 0.433437 0.059538
v -0.030529 0.433437 0.059173
v -0.030102 0.432401 0.059681
v -0.030251 0.432225 0.059341
v -0.029452 0.431642 0.060073
v -0.029492 0.431338 0.059799
v -0.028565 0.431364 0.060608
v -0.028454 0.431013 0.060424
v -0.027677 0.431642 0.061143
v -0.027416 0.431338 0.061050
v -0.027028 0.432401 0.061535
v -0.026656 0.432225 0.061508
v -0.027258 0.433437 0.061498
v -0.027439 0.434226 0.061389
v -0.027874 0.433944 0.061163
v -0.027758 0.433437 0.061233
v -0.027934 0.434804 0.061091
v -0.028192 0.434315 0.060971
v -0.028610 0.435015 0.060683
v -0.028626 0.434450 0.060710
v -0.029285 0.434804 0.060276
v -0.029060 0.434315 0.060448
v -0.029780 0.434226 0.059977
v -0.029377 0.433944 0.060256
v -0.029961 0.433437 0.059868
v -0.029494 0.433437 0.060186
v -0.029780 0.432648 0.059977
v -0.029377 0.432930 0.060256
v -0.029285 0.432070 0.060276
v -0.029060 0.432559 0.060448
v -0.028610 0.431859 0.060683
v -0.028626 0.432423 0.060710
v -0.027934 0.432070 0.061091
v -0.028192 0.432559 0.060971
v -0.027439 0.432648 0.061389
v -0.027874 0.432930 0.061163
v -0.028626 0.433437 0.060710
v 0.016999 0.433437 0.065752
v 0.016586 0.434994 0.065816
v 0.016702 0.434994 0.066562
v 0.017115 0.433437 0.066498
v 0.015460 0.436135 0.065990
v 0.015576 0.436135 0.066737
v 0.013921 0.436552 0.066229
v 0.014036 0.436552 0.066975
v 0.012381 0.436135 0.066468
v 0.012497 0.436135 0.067214
v 0.011255 0.434994 0.066643
v 0.011371 0.434994 0.067389
v 0.010842 0.433437 0.066707
v 0.010958 0.433437 0.067453
v 0.011255 0.431879 0.066643
v 0.011371 0.431879 0.067389
v 0.012381 0.430739 0.066468
v 0.012497 0.430739 0.067214
v 0.013921 0.430322 0.066229
v 0.014036 0.430322 0.066975
v 0.015460 0.430739 0.065990
v 0.015576 0.430739 0.066737
v 0.016586 0.431879 0.065816
v 0.016702 0.431879 0.066562
v 0.016570 0.434860 0.067223
v 0.016947 0.433437 0.067165
v 0.015540 0.435902 0.067383
v 0.014134 0.436284 0.067602
v 0.012727 0.435902 0.067820
v 0.011697 0.434860 0.067980
v 0.011320 0.433437 0.068038
v 0.011697 0.432014 0.067980
v 0.012727 0.430971 0.067820
v 0.014134 0.430590 0.067602
v 0.015540 0.430971 0.067383
v 0.016570 0.432014 0.067223
v 0.016009 0.434473 0.067981
v 0.016283 0.433437 0.067938
v 0.016597 0.433437 0.067672
v 0.016276 0.434649 0.067722
v 0.015259 0.435232 0.068097
v 0.015400 0.435536 0.067858
v 0.014235 0.435510 0.068256
v 0.014202 0.435861 0.068044
v 0.013211 0.435232 0.068415
v 0.013005 0.435536 0.068229
v 0.012461 0.434473 0.068531
v 0.012128 0.434649 0.068366
v 0.012187 0.433437 0.068574
v 0.011807 0.433437 0.068415
v 0.012461 0.432401 0.068531
v 0.012128 0.432225 0.068366
v 0.013211 0.431642 0.068415
v 0.013005 0.431338 0.068229
v 0.014235 0.431364 0.068256
v 0.014202 0.431013 0.068044
v 0.015259 0.431642 0.068097
v 0.015400 0.431338 0.067858
v 0.016009 0.432401 0.067981
v 0.016276 0.432225 0.067722
v 0.015808 0.433437 0.068100
v 0.015599 0.434226 0.068133
v 0.015121 0.433944 0.068238
v 0.015255 0.433437 0.068217
v 0.015028 0.434804 0.068221
v 0.014754 0.434315 0.068295
v 0.014249 0.435015 0.068342
v 0.014253 0.434450 0.068373
v 0.013469 0.434804 0.068463
v 0.013752 0.434315 0.068450
v 0.012898 0.434226 0.068552
v 0.013386 0.433944 0.068507
v 0.012689 0.433437 0.068584
v 0.013252 0.433437 0.068528
v 0.012898 0.432648 0.068552
v 0.013386 0.432930 0.068507
v 0.013469 0.432070 0.068463
v 0.013752 0.432559 0.068450
v 0.014249 0.431859 0.068342
v 0.014253 0.432423 0.068373
v 0.015028 0.432070 0.068221
v 0.014754 0.432559 0.068295
v 0.015599 0.432648 0.068133
v 0.015121 0.432930 0.068238
v 0.014253 0.433437 0.068373
v 0.052462 0.433437 0.042790
v 0.052185 0.434994 0.043102
v 0.052749 0.434994 0.043604
v 0.053026 0.433437 0.043292
v 0.051427 0.436135 0.043954
v 0.051991 0.436135 0.044456
v 0.050391 0.436552 0.045118
v 0.050955 0.436552 0.045620
v 0.049356 0.436135 0.046281
v 0.049920 0.436135 0.046783
v 0.048598 0.434994 0.047133
v 0.049162 0.434994 0.047635
v 0.048321 0.433437 0.047445
v 0.048885 0.433437 0.047947
v 0.048598 0.431879 0.047133
v 0.049162 0.431879 0.047635
v 0.049356 0.430739 0.046281
v 0.049920 0.430739 0.046783
v 0.050391 0.430322 0.045118
v 0.050955 0.430322 0.045620
v 0.051427 0.430739 0.043954
v 0.051991 0.430739 0.044456
v 0.052185 0.431879 0.043102
v 0.052749 0.431879 0.043604
v 0.053068 0.434860 0.044199
v 0.053321 0.433437 0.043914
v 0.052375 0.435902 0.044977
v 0.051429 0.436284 0.046041
v 0.050483 0.435902 0.047104
v 0.049790 0.434860 0.047883
v 0.049537 0.433437 0.048168
v 0.049790 0.432014 0.047883
v 0.050483 0.430971 0.047104
v 0.051429 0.430590 0.046041
v 0.052375 0.430971 0.044977
v 0.053068 0.432014 0.044199
v 0.053117 0.434473 0.045140
v 0.053301 0.433437 0.044932
v 0.053374 0.433437 0.044527
v 0.053158 0.434649 0.044770
v 0.052612 0.435232 0.045707
v 0.052569 0.435536 0.045433
v 0.051923 0.435510 0.046481
v 0.051763 0.435861 0.046338
v 0.051235 0.435232 0.047255
v 0.050958 0.435536 0.047243
v 0.050730 0.434473 0.047822
v 0.050368 0.434649 0.047906
v 0.050546 0.433437 0.048029
v 0.050152 0.433437 0.048149
v 0.050730 0.432401 0.047822
v 0.050368 0.432225 0.047906
v 0.051235 0.431642 0.047255
v 0.050958 0.431338 0.047243
v 0.051923 0.431364 0.046481
v 0.051763 0.431013 0.046338
v 0.052612 0.431642 0.045707
v 0.052569 0.431338 0.045433
v 0.053117 0.432401 0.045140
v 0.053158 0.432225 0.044770
v 0.053038 0.433437 0.045360
v 0.052897 0.434226 0.045518
v 0.052595 0.433944 0.045904
v 0.052686 0.433437 0.045802
v 0.052513 0.434804 0.045949
v 0.052349 0.434315 0.046181
v 0.051989 0.435015 0.046539
v 0.052012 0.434450 0.046559
v 0.051464 0.434804 0.047128
v 0.051675 0.434315 0.046938
v 0.051080 0.434226 0.047560
v 0.051428 0.433944 0.047215
v 0.050940 0.433437 0.047718
v 0.051338 0.433437 0.047317
v 0.051080 0.432648 0.047560
v 0.051428 0.432930 0.047215
v 0.051464 0.432070 0.047128
v 0.051675 0.432559 0.046938
v 0.051989 0.431859 0.046539
v 0.052012 0.432423 0.046559
v 0.052513 0.432070 0.045949
v 0.052349 0.432559 0.046181
v 0.052897 0.432648 0.045518
v 0.052595 0.432930 0.045904
v 0.052012 0.433437 0.046559
v 0.064717 0.433437 0.002518
v 0.064717 0.434994 0.002936
v 0.065472 0.434994 0.002936
v 0.065472 0.433437 0.002518
v 0.064717 0.436135 0.004076
v 0.065472 0.436135 0.004076
v 0.064717 0.436552 0.005633
v 0.065472 0.436552 0.005633
v 0.064717 0.436135 0.007191
v 0.065472 0.436135 0.007191
v 0.064717 0.434994 0.008331
v 0.065472 0.434994 0.008331
v 0.064717 0.433437 0.008749
v 0.065472 0.433437 0.008749
v 0.064717 0.431879 0.008331
v 0.065472 0.431879 0.008331
v 0.064717 0.430739 0.007191
v 0.065472 0.430739 0.007191
v 0.064717 0.430322 0.005633
v 0.065472 0.430322 0.005633
v 0.064717 0.430739 0.004076
v 0.065472 0.430739 0.004076
v 0.064717 0.431879 0.002936
v 0.065472 0.431879 0.002936
v 0.066106 0.434860 0.003168
v 0.066106 0.433437 0.002787
v 0.066106 0.435902 0.004210
v 0.066106 0.436284 0.005633
v 0.066106 0.435902 0.007057
v 0.066106 0.434860 0.008099
v 0.066106 0.433437 0.008480
v 0.066106 0.432014 0.008099
v 0.066106 0.430971 0.007057
v 0.066106 0.430590 0.005633
v 0.066106 0.430971 0.004210
v 0.066106 0.432014 0.003168
v 0.066768 0.434473 0.003839
v 0.066768 0.433437 0.003561
v 0.066553 0.433437 0.003210
v 0.066553 0.434649 0.003535
v 0.066768 0.435232 0.004597
v 0.066553 0.435536 0.004422
v 0.066768 0.435510 0.005633
v 0.066553 0.435861 0.005633
v 0.066768 0.435232 0.006670
v 0.066553 0.435536 0.006845
v 0.066768 0.434473 0.007428
v 0.066553 0.434649 0.007732
v 0.066768 0.433437 0.007706
v 0.066553 0.433437 0.008057
v 0.066768 0.432401 0.007428
v 0.066553 0.432225 0.007732
v 0.066768 0.431642 0.006670
v 0.066553 0.431338 0.006845
v 0.066768 0.431364 0.005633
v 0.066553 0.431013 0.005633
v 0.066768 0.431642 0.004597
v 0.066553 0.431338 0.004422
v 0.066768 0.432401 0.003839
v 0.066553 0.432225 0.003535
v 0.066855 0.433437 0.004055
v 0.066855 0.434226 0.004267
v 0.066886 0.433944 0.004756
v 0.066886 0.433437 0.004620
v 0.066855 0.434804 0.004844
v 0.066886 0.434315 0.005127
v 0.066855 0.435015 0.005633
v 0.066886 0.434450 0.005633
v 0.066855 0.434804 0.006423
v 0.066886 0.434315 0.006140
v 0.066855 0.434226 0.007000
v 0.066886 0.433944 0.006511
v 0.066855 0.433437 0.007212
v 0.066886 0.433437 0.006647
v 0.066855 0.432648 0.007000
v 0.066886 0.432930 0.006511
v 0.066855 0.432070 0.006423
v 0.066886 0.432559 0.006140
v 0.066855 0.431859 0.005633
v 0.066886 0.432423 0.005633
v 0.066855 0.432070 0.004844
v 0.066886 0.432559 0.005127
v 0.066855 0.432648 0.004267
v 0.066886 0.432930 0.004756
v 0.066886 0.433437 0.005633
v 0.048404 0.433437 -0.036290
v 0.048669 0.434994 -0.035968
v 0.049252 0.434994 -0.036449
v 0.048986 0.433437 -0.036771
v 0.049395 0.436135 -0.035089
v 0.049977 0.436135 -0.035569
v 0.050386 0.436552 -0.033887
v 0.050968 0.436552 -0.034368
v 0.051377 0.436135 -0.032686
v 0.051960 0.436135 -0.033166
v 0.052103 0.434994 -0.031806
v 0.052685 0.434994 -0.032287
v 0.052368 0.433437 -0.031485
v 0.052951 0.433437 -0.031965
v 0.052103 0.431879 -0.031806
v 0.052685 0.431879 -0.032287
v 0.051377 0.430739 -0.032686
v 0.051960 0.430739 -0.033166
v 0.050386 0.430322 -0.033887
v 0.050968 0.430322 -0.034368
v 0.049395 0.430739 -0.035089
v 0.049977 0.430739 -0.035569
v 0.048669 0.431879 -0.035968
v 0.049252 0.431879 -0.036449
v 0.049888 0.434860 -0.036673
v 0.049645 0.433437 -0.036967
v 0.050551 0.435902 -0.035869
v 0.051457 0.436284 -0.034771
v 0.052363 0.435902 -0.033673
v 0.053026 0.434860 -0.032869
v 0.053269 0.433437 -0.032575
v 0.053026 0.432013 -0.032869
v 0.052363 0.430971 -0.033673
v 0.051457 0.430590 -0.034771
v 0.050551 0.430971 -0.035869
v 0.049888 0.432013 -0.036673
v 0.050826 0.434473 -0.036577
v 0.050649 0.433437 -0.036791
v 0.050260 0.433437 -0.036925
v 0.050467 0.434649 -0.036675
v 0.051308 0.435232 -0.035992
v 0.051031 0.435536 -0.035991
v 0.051968 0.435510 -0.035193
v 0.051802 0.435861 -0.035056
v 0.052627 0.435232 -0.034393
v 0.052573 0.435536 -0.034121
v 0.053110 0.434473 -0.033808
v 0.053138 0.434649 -0.033437
v 0.053287 0.433437 -0.033594
v 0.053345 0.433437 -0.033186
v 0.053110 0.432401 -0.033808
v 0.053138 0.432225 -0.033437
v 0.052627 0.431642 -0.034393
v 0.052573 0.431338 -0.034121
v 0.051968 0.431364 -0.035193
v 0.051802 0.431013 -0.035056
v 0.051308 0.431642 -0.035992
v 0.051031 0.431338 -0.035991
v 0.050826 0.432401 -0.036577
v 0.050467 0.432225 -0.036675
v 0.051031 0.433437 -0.036465
v 0.051166 0.434226 -0.036302
v 0.051501 0.433944 -0.035945
v 0.051414 0.433437 -0.036050
v 0.051533 0.434804 -0.035857
v 0.051737 0.434315 -0.035659
v 0.052035 0.435015 -0.035248
v 0.052059 0.434450 -0.035268
v 0.052537 0.434804 -0.034640
v 0.052382 0.434315 -0.034877
v 0.052905 0.434226 -0.034194
v 0.052618 0.433944 -0.034591
v 0.053040 0.433437 -0.034031
v 0.052704 0.433437 -0.034486
v 0.052905 0.432648 -0.034194
v 0.052618 0.432930 -0.034591
v 0.052537 0.432070 -0.034640
v 0.052382 0.432559 -0.034877
v 0.052035 0.431859 -0.035248
v 0.052059 0.432423 -0.035268
v 0.051533 0.432070 -0.035857
v 0.051737 0.432559 -0.035659
v 0.051166 0.432648 -0.036302
v 0.051501 0.432930 -0.035945
v 0.052059 0.433437 -0.035268
v 0.010824 0.433437 -0.055432
v 0.011237 0.434994 -0.055369
v 0.011351 0.434994 -0.056116
v 0.010938 0.433437 -0.056179
v 0.012364 0.436135 -0.055197
v 0.012478 0.436135 -0.055943
v 0.013903 0.436552 -0.054962
v 0.014017 0.436552 -0.055708
v 0.015443 0.436135 -0.054726
v 0.015557 0.436135 -0.055473
v 0.016570 0.434994 -0.054554
v 0.016684 0.434994 -0.055301
v 0.016983 0.433437 -0.054491
v 0.017097 0.433437 -0.055238
v 0.016570 0.431879 -0.054554
v 0.016684 0.431879 -0.055301
v 0.015443 0.430739 -0.054726
v 0.015557 0.430739 -0.055473
v 0.013903 0.430322 -0.054962
v 0.014017 0.430322 -0.055708
v 0.012364 0.430739 -0.055197
v 0.012478 0.430739 -0.055943
v 0.011237 0.431879 -0.055369
v 0.011351 0.431879 -0.056116
v 0.011676 0.434860 -0.056707
v 0.011299 0.433437 -0.056764
v 0.012706 0.435902 -0.056550
v 0.014113 0.436284 -0.056335
v 0.015520 0.435902 -0.056120
v 0.016550 0.434860 -0.055962
v 0.016927 0.433437 -0.055905
v 0.016550 0.432013 -0.055962
v 0.015520 0.430971 -0.056120
v 0.014113 0.430590 -0.056335
v 0.012706 0.430971 -0.056550
v 0.011676 0.432013 -0.056707
v 0.012439 0.434473 -0.057260
v 0.012164 0.433437 -0.057302
v 0.011785 0.433437 -0.057143
v 0.012106 0.434649 -0.057094
v 0.013189 0.435232 -0.057145
v 0.012983 0.435536 -0.056960
v 0.014213 0.435510 -0.056989
v 0.014181 0.435861 -0.056777
v 0.015238 0.435232 -0.056832
v 0.015379 0.435536 -0.056594
v 0.015987 0.434473 -0.056718
v 0.016256 0.434649 -0.056460
v 0.016262 0.433437 -0.056676
v 0.016577 0.433437 -0.056411
v 0.015987 0.432401 -0.056718
v 0.016256 0.432225 -0.056460
v 0.015238 0.431642 -0.056832
v 0.015379 0.431338 -0.056594
v 0.014213 0.431364 -0.056989
v 0.014181 0.431013 -0.056777
v 0.013189 0.431642 -0.057145
v 0.012983 0.431338 -0.056960
v 0.012439 0.432401 -0.057260
v 0.012106 0.432225 -0.057094
v 0.012666 0.433437 -0.057314
v 0.012875 0.434226 -0.057282
v 0.013363 0.433944 -0.057238
v 0.013229 0.433437 -0.057259
v 0.013446 0.434804 -0.057195
v 0.013730 0.434315 -0.057182
v 0.014226 0.435015 -0.057075
v 0.014231 0.434450 -0.057106
v 0.015006 0.434804 -0.056956
v 0.014732 0.434315 -0.057029
v 0.015577 0.434226 -0.056869
v 0.015099 0.433944 -0.056973
v 0.015786 0.433437 -0.056837
v 0.015233 0.433437 -0.056953
v 0.015577 0.432648 -0.056869
v 0.015099 0.432930 -0.056973
v 0.015006 0.432070 -0.056956
v 0.014732 0.432559 -0.057029
v 0.014226 0.431859 -0.057075
v 0.014231 0.432423 -0.057106
v 0.013446 0.432070 -0.057195
v 0.013730 0.432559 -0.057182
v 0.012875 0.432648 -0.057282
v 0.013363 0.432930 -0.057238
v 0.014231 0.433437 -0.057106
v -0.030140 0.433437 -0.046066
v -0.029782 0.434994 -0.046281
v -0.030172 0.434994 -0.046928
v -0.030530 0.433437 -0.046712
v -0.028806 0.436135 -0.046870
v -0.029196 0.436135 -0.047517
v -0.027472 0.436552 -0.047674
v -0.027862 0.436552 -0.048321
v -0.026138 0.436135 -0.048479
v -0.026528 0.436135 -0.049125
v -0.025162 0.434994 -0.049068
v -0.025552 0.434994 -0.049714
v -0.024804 0.433437 -0.049283
v -0.025194 0.433437 -0.049930
v -0.025162 0.431879 -0.049068
v -0.025552 0.431879 -0.049714
v -0.026138 0.430739 -0.048479
v -0.026528 0.430739 -0.049125
v -0.027472 0.430322 -0.047674
v -0.027862 0.430322 -0.048321
v -0.028806 0.430739 -0.046870
v -0.029196 0.430739 -0.047517
v -0.029782 0.431879 -0.046281
v -0.030172 0.431879 -0.046928
v -0.030300 0.434860 -0.047590
v -0.030627 0.433437 -0.047393
v -0.029408 0.435902 -0.048129
v -0.028189 0.436284 -0.048864
v -0.026970 0.435902 -0.049599
v -0.026078 0.434860 -0.050137
v -0.025751 0.433437 -0.050334
v -0.026078 0.432013 -0.050137
v -0.026970 0.430971 -0.049599
v -0.028189 0.430590 -0.048864
v -0.029408 0.430971 -0.048129
v -0.030300 0.432013 -0.047590
v -0.030068 0.434473 -0.048504
v -0.030306 0.433437 -0.048360
v -0.030496 0.433437 -0.047995
v -0.030218 0.434649 -0.048163
v -0.029419 0.435232 -0.048895
v -0.029458 0.435536 -0.048621
v -0.028531 0.435510 -0.049431
v -0.028420 0.435861 -0.049247
v -0.027644 0.435232 -0.049966
v -0.027382 0.435536 -0.049873
v -0.026994 0.434473 -0.050358
v -0.026623 0.434649 -0.050331
v -0.026756 0.433437 -0.050501
v -0.026345 0.433437 -0.050498
v -0.026994 0.432401 -0.050358
v -0.026623 0.432225 -0.050331
v -0.027644 0.431642 -0.049966
v -0.027382 0.431338 -0.049873
v -0.028531 0.431364 -0.049431
v -0.028420 0.431013 -0.049247
v -0.029419 0.431642 -0.048895
v -0.029458 0.431338 -0.048621
v -0.030068 0.432401 -0.048504
v -0.030218 0.432225 -0.048163
v -0.029928 0.433437 -0.048691
v -0.029747 0.434226 -0.048800
v -0.029344 0.433944 -0.049079
v -0.029460 0.433437 -0.049008
v -0.029252 0.434804 -0.049098
v -0.029026 0.434315 -0.049270
v -0.028576 0.435015 -0.049506
v -0.028592 0.434450 -0.049532
v -0.027901 0.434804 -0.049913
v -0.028158 0.434315 -0.049794
v -0.027406 0.434226 -0.050211
v -0.027841 0.433944 -0.049985
v -0.027225 0.433437 -0.050320
v -0.027724 0.433437 -0.050055
v -0.027406 0.432648 -0.050211
v -0.027841 0.432930 -0.049985
v -0.027901 0.432070 -0.049913
v -0.028158 0.432559 -0.049794
v -0.028576 0.431859 -0.049506
v -0.028592 0.432423 -0.049532
v -0.029252 0.432070 -0.049098
v -0.029026 0.432559 -0.049270
v -0.029747 0.432648 -0.048800
v -0.029344 0.432930 -0.049079
v -0.028592 0.433437 -0.049532
v -0.055568 0.433437 -0.012483
v -0.055423 0.434994 -0.012874
v -0.056131 0.434994 -0.013136
v -0.056276 0.433437 -0.012745
v -0.055027 0.436135 -0.013944
v -0.055736 0.436135 -0.014205
v -0.054487 0.436552 -0.015404
v -0.055195 0.436552 -0.015666
v -0.053947 0.436135 -0.016865
v -0.054655 0.436135 -0.017127
v -0.053551 0.434994 -0.017935
v -0.054260 0.434994 -0.018197
v -0.053407 0.433437 -0.018326
v -0.054115 0.433437 -0.018588
v -0.053551 0.431879 -0.017935
v -0.054260 0.431879 -0.018197
v -0.053947 0.430739 -0.016865
v -0.054655 0.430739 -0.017127
v -0.054487 0.430322 -0.015404
v -0.055195 0.430322 -0.015666
v -0.055027 0.430739 -0.013944
v -0.055736 0.430739 -0.014205
v -0.055423 0.431879 -0.012874
v -0.056131 0.431879 -0.013136
v -0.056645 0.434860 -0.013574
v -0.056777 0.433437 -0.013216
v -0.056283 0.435902 -0.014551
v -0.055790 0.436284 -0.015886
v -0.055296 0.435902 -0.017221
v -0.054934 0.434860 -0.018199
v -0.054802 0.433437 -0.018556
v -0.054934 0.432013 -0.018199
v -0.055296 0.430971 -0.017221
v -0.055790 0.430590 -0.015886
v -0.056283 0.430971 -0.014551
v -0.056645 0.432013 -0.013574
v -0.057033 0.434473 -0.014432
v -0.057129 0.433437 -0.014172
v -0.057050 0.433437 -0.013768
v -0.056937 0.434649 -0.014073
v -0.056770 0.435232 -0.015144
v -0.056630 0.435536 -0.014905
v -0.056411 0.435510 -0.016116
v -0.056209 0.435861 -0.016041
v -0.056051 0.435232 -0.017088
v -0.055789 0.435536 -0.017178
v -0.055788 0.434473 -0.017799
v -0.055481 0.434649 -0.018010
v -0.055692 0.433437 -0.018060
v -0.055369 0.433437 -0.018314
v -0.055788 0.432401 -0.017799
v -0.055481 0.432225 -0.018010
v -0.056051 0.431642 -0.017088
v -0.055789 0.431338 -0.017178
v -0.056411 0.431364 -0.016116
v -0.056209 0.431013 -0.016041
v -0.056770 0.431642 -0.015144
v -0.056630 0.431338 -0.014905
v -0.057033 0.432401 -0.014432
v -0.056937 0.432225 -0.014073
v -0.057040 0.433437 -0.014666
v -0.056967 0.434226 -0.014864
v -0.056826 0.433944 -0.015334
v -0.056873 0.433437 -0.015206
v -0.056766 0.434804 -0.015406
v -0.056697 0.434315 -0.015681
v -0.056493 0.435015 -0.016146
v -0.056522 0.434450 -0.016157
v -0.056219 0.434804 -0.016886
v -0.056346 0.434315 -0.016632
v -0.056019 0.434226 -0.017428
v -0.056217 0.433944 -0.016980
v -0.055945 0.433437 -0.017626
v -0.056170 0.433437 -0.017107
v -0.056019 0.432648 -0.017428
v -0.056217 0.432930 -0.016980
v -0.056219 0.432070 -0.016886
v -0.056346 0.432559 -0.016632
v -0.056493 0.431859 -0.016146
v -0.056522 0.432423 -0.016157
v -0.056766 0.432070 -0.015406
v -0.056697 0.432559 -0.015681
v -0.056967 0.432648 -0.014864
v -0.056826 0.432930 -0.015334
v -0.056522 0.433437 -0.016157
v -0.053582 0.433437 0.029617
v -0.053715 0.434994 0.029221
v -0.054431 0.434994 0.029461
v -0.054298 0.433437 0.029857
v -0.054077 0.436135 0.028140
v -0.054793 0.436135 0.028380
v -0.054571 0.436552 0.026663
v -0.055287 0.436552 0.026903
v -0.055066 0.436135 0.025186
v -0.055782 0.436135 0.025426
v -0.055428 0.434994 0.024105
v -0.056144 0.434994 0.024345
v -0.055561 0.433437 0.023709
v -0.056277 0.433437 0.023949
v -0.055428 0.431879 0.024105
v -0.056144 0.431879 0.024345
v -0.055066 0.430739 0.025186
v -0.055782 0.430739 0.025426
v -0.054571 0.430322 0.026663
v -0.055287 0.430322 0.026903
v -0.054077 0.430739 0.028140
v -0.054793 0.430739 0.028380
v -0.053715 0.431879 0.029221
v -0.054431 0.431879 0.029461
v -0.055105 0.434860 0.029442
v -0.054984 0.433437 0.029804
v -0.055436 0.435902 0.028454
v -0.055888 0.436284 0.027104
v -0.056340 0.435902 0.025754
v -0.056671 0.434860 0.024766
v -0.056793 0.433437 0.024405
v -0.056671 0.432014 0.024766
v -0.056340 0.430971 0.025754
v -0.055888 0.430590 0.027104
v -0.055436 0.430971 0.028454
v -0.055105 0.432014 0.029442
v -0.055946 0.434473 0.029016
v -0.055858 0.433437 0.029280
v -0.055543 0.433437 0.029544
v -0.055646 0.434649 0.029237
v -0.056187 0.435232 0.028297
v -0.055928 0.435536 0.028395
v -0.056516 0.435510 0.027314
v -0.056312 0.435861 0.027246
v -0.056845 0.435232 0.026332
v -0.056697 0.435536 0.026097
v -0.057086 0.434473 0.025612
v -0.056979 0.434649 0.025256
v -0.057174 0.433437 0.025349
v -0.057082 0.433437 0.024948
v -0.057086 0.432401 0.025612
v -0.056979 0.432225 0.025256
v -0.056845 0.431642 0.026332
v -0.056697 0.431338 0.026097
v -0.056516 0.431364 0.027314
v -0.056312 0.431013 0.027246
v -0.056187 0.431642 0.028297
v -0.055928 0.431338 0.028395
v -0.055946 0.432401 0.029016
v -0.055646 0.432225 0.029237
v -0.056098 0.433437 0.028839
v -0.056165 0.434226 0.028638
v -0.056349 0.433944 0.028184
v -0.056306 0.433437 0.028313
v -0.056348 0.434804 0.028090
v -0.056467 0.434315 0.027833
v -0.056599 0.435015 0.027342
v -0.056628 0.434450 0.027352
v -0.056850 0.434804 0.026594
v -0.056789 0.434315 0.026872
v -0.057033 0.434226 0.026046
v -0.056907 0.433944 0.026520
v -0.057100 0.433437 0.025846
v -0.056950 0.433437 0.026391
v -0.057033 0.432648 0.026046
v -0.056907 0.432930 0.026520
v -0.056850 0.432070 0.026594
v -0.056789 0.432559 0.026872
v -0.056599 0.431859 0.027342
v -0.056628 0.432423 0.027352
v -0.056348 0.432070 0.028090
v -0.056467 0.432559 0.027833
v -0.056165 0.432648 0.028638
v -0.056349 0.432930 0.028184
v -0.056628 0.433437 0.027352
vn 0.9948 -0.0913 0.0450
vn 0.7811 0.5853 -0.2177
vn 0.8156 0.4433 -0.3719
vn 0.9906 -0.0950 0.0983
vn 0.9883 -0.0966 -0.1179
vn 0.8814 0.2124 0.4219
vn 0.8156 0.4433 0.3719
vn 0.9906 -0.0949 -0.0983
vn 0.8624 -0.1074 -0.4946
vn 0.3893 0.0787 -0.9177
vn 0.9237 -0.2006 -0.3263
vn 0.9136 -0.1257 -0.3867
vn 0.7984 -0.0887 -0.5955
vn 0.4596 0.5907 -0.6632
vn 0.3842 0.4465 -0.8081
vn 0.8303 -0.0910 -0.5499
vn 0.6572 -0.0920 -0.7481
vn 0.9465 0.2186 -0.2373
vn 0.8627 0.4484 -0.2337
vn 0.6828 -0.0882 -0.7252
vn 0.3314 -0.1078 -0.9373
vn -0.2924 0.0782 -0.9531
vn 0.4948 -0.2005 -0.8455
vn 0.4445 -0.1256 -0.8869
vn 0.2171 -0.0913 -0.9719
vn -0.0788 0.5853 -0.8070
vn -0.2246 0.4432 -0.8678
vn 0.2688 -0.0950 -0.9585
vn 0.0555 -0.0966 -0.9938
vn 0.5686 0.2124 -0.7947
vn 0.5079 0.4433 -0.7386
vn 0.0753 -0.0949 -0.9926
vn -0.3482 -0.1079 -0.9312
vn -0.8365 0.0781 -0.5424
vn -0.1617 -0.2008 -0.9662
vn -0.2256 -0.1259 -0.9661
vn -0.4584 -0.0913 -0.8841
vn -0.5791 0.5853 -0.5675
vn -0.7299 0.4433 -0.5204
vn -0.4102 -0.0950 -0.9070
vn -0.5962 -0.0966 -0.7970
vn -0.0753 0.2124 -0.9743
vn -0.0857 0.4433 -0.8923
vn -0.5804 -0.0949 -0.8088
vn -0.8652 -0.1078 -0.4897
vn -0.9895 0.0780 0.1218
vn -0.7453 -0.2005 -0.6359
vn -0.7937 -0.1258 -0.5952
vn -0.9194 -0.0913 -0.3826
vn -0.8084 0.5853 -0.0625
vn -0.8936 0.4433 0.0705
vn -0.8973 -0.0950 -0.4312
vn -0.9690 -0.0966 -0.2273
vn -0.6840 0.2124 -0.6979
vn -0.6392 0.4433 -0.6284
vn -0.9645 -0.0949 -0.2465
vn -0.9776 -0.1078 0.1810
vn -0.6797 0.0780 0.7293
vn -0.9797 -0.2005 -0.0080
vn -0.9906 -0.1257 0.0542
vn -0.9502 -0.0913 0.2979
vn -0.6595 0.5853 0.4717
vn -0.6392 0.4433 0.6284
vn -0.9645 -0.0950 0.2464
vn -0.8884 -0.0966 0.4488
vn -0.9726 0.2124 -0.0950
vn -0.8936 0.4432 -0.0705
vn -0.8973 -0.0949 0.4312
vn -0.6325 -0.1078 0.7670
vn -0.0519 0.0780 0.9956
vn -0.7556 -0.2005 0.6236
vn -0.7240 -0.1257 0.6783
vn -0.5364 -0.0913 0.8390
vn -0.2020 0.5853 0.7853
vn -0.0857 0.4433 0.8923
vn -0.5804 -0.0950 0.8087
vn -0.3921 -0.0966 0.9148
vn -0.8061 0.2124 0.5524
vn -0.7299 0.4432 0.5204
vn -0.4102 -0.0949 0.9070
vn -0.1186 -0.1258 0.9849
vn 0.0085 -0.1078 0.9941
vn 0.6002 0.0780 0.7960
vn -0.1780 -0.2005 0.9634
vn 0.1284 -0.0913 0.9875
vn 0.3500 0.5853 0.7314
vn 0.5079 0.4433 0.7386
vn 0.0752 -0.0950 0.9926
vn 0.2877 -0.0966 0.9528
vn -0.2624 0.2124 0.9413
vn -0.2246 0.4433 0.8678
vn 0.2688 -0.0949 0.9585
vn 0.6455 -0.1078 0.7561
vn 0.9715 0.0780 0.2240
vn 0.4829 -0.2005 0.8524
vn 0.5422 -0.1257 0.8308
vn 0.7331 -0.0913 0.6740
vn 0.7383 0.5853 0.3353
vn 0.8638 0.4433 0.2394
vn 0.6957 -0.0950 0.7121
vn 0.8329 -0.0966 0.5450
vn 0.4040 0.2124 0.8898
vn 0.3857 0.4433 0.8092
vn 0.8220 -0.0949 0.5615
vn 0.9960 -0.0888 -0.0044
vn 0.9964 -0.0800 -0.0296
vn 0.7913 0.5747 0.2087
vn 0.7654 0.6435 -0.0081
vn 0.7621 -0.0818 -0.6422
vn 0.7463 -0.0732 -0.6616
vn 0.7378 0.5797 -0.3458
vn 0.5777 0.6467 -0.4981
vn 0.1686 -0.0888 -0.9817
vn 0.1439 -0.0800 -0.9864
vn 0.3429 0.5747 -0.7431
vn 0.1249 0.6435 -0.7552
vn -0.5019 -0.0888 -0.8604
vn -0.5238 -0.0800 -0.8481
vn -0.2150 0.5747 -0.7896
vn -0.3897 0.6435 -0.6588
vn -0.9375 -0.0888 -0.3364
vn -0.9464 -0.0800 -0.3130
vn -0.6723 0.5746 -0.4668
vn -0.7220 0.6435 -0.2541
vn -0.9344 -0.0888 0.3449
vn -0.9261 -0.0800 0.3686
vn -0.8150 0.5747 0.0746
vn -0.7165 0.6435 0.2694
vn -0.4941 -0.0888 0.8648
vn -0.4726 -0.0800 0.8777
vn -0.5764 0.5747 0.5810
vn -0.3757 0.6435 0.6669
vn 0.1773 -0.0888 0.9801
vn 0.2021 -0.0800 0.9761
vn -0.0681 0.5747 0.8155
vn 0.1409 0.6435 0.7524
vn 0.7659 -0.0888 0.6368
vn 0.7823 -0.0800 0.6178
vn 0.4721 0.5747 0.6685
vn 0.5916 0.6435 0.4858
vn 0.9122 -0.1260 0.3898
vn 0.9494 -0.1260 0.2878
vn 0.9176 -0.2009 0.3431
vn 0.9235 -0.2009 0.3269
vn 0.9495 -0.1259 -0.2874
vn 0.9177 -0.2008 -0.3428
vn 0.5304 -0.1252 -0.8385
vn 0.4798 -0.1995 -0.8544
vn -0.1185 -0.1259 -0.9849
vn -0.1785 -0.2008 -0.9632
vn -0.7240 -0.1259 -0.6782
vn -0.7557 -0.2005 -0.6235
vn -0.9906 -0.1258 -0.0541
vn -0.9797 -0.2005 0.0080
vn -0.7936 -0.1258 0.5953
vn -0.7453 -0.2005 0.6358
vn -0.2253 -0.1258 0.9661
vn -0.1623 -0.2005 0.9662
vn 0.4484 -0.1258 0.8849
vn 0.4967 -0.2005 0.8444
vn 0.8880 0.0787 -0.4530
vn 0.9803 -0.1099 0.1641
vn 0.9883 -0.0966 0.1179
vn 0.8815 0.2108 -0.4225
vn -0.3416 0.6957 -0.6319
vn -0.5609 0.3682 -0.7415
vn -0.9436 0.1976 -0.2655
vn -0.9844 0.1371 0.1103
vn -0.6633 0.6583 0.3560
vn -0.5960 0.5176 0.6139
vn -0.9815 0.1377 0.1334
vn 0.0469 0.3665 0.9292
vn -0.6324 0.1489 0.7602
vn -0.6523 0.1303 0.7466
vn -0.0611 0.5154 0.8547
vn -0.6679 0.6957 -0.2645
vn -0.9064 0.3682 -0.2072
vn -0.8935 0.1976 0.4032
vn -0.6784 0.1301 0.7231
vn -0.2798 0.6579 0.6991
vn 0.6333 0.3667 0.6815
vn -0.0060 0.1531 0.9882
vn -0.0386 0.1370 0.9898
vn 0.5013 0.5172 0.6937
vn -0.6816 0.6957 0.2266
vn -0.8276 0.3683 0.4236
vn -0.4254 0.1976 0.8832
vn -0.0623 0.1372 0.9886
vn 0.2354 0.6583 0.7150
vn 0.9232 0.3667 0.1149
vn 0.6305 0.1544 0.7607
vn 0.6066 0.1382 0.7829
vn 0.8299 0.5172 0.2092
vn -0.3765 0.6957 0.6117
vn -0.3617 0.3683 0.8565
vn 0.2418 0.1976 0.9500
vn 0.5877 0.1384 0.7972
vn 0.6399 0.6583 0.3964
vn 0.7811 0.3667 -0.5054
vn 0.9717 0.1557 0.1774
vn 0.9677 0.1396 0.2098
vn 0.7702 0.5172 -0.3732
vn 0.1049 0.6957 0.7106
vn 0.2735 0.3682 0.8886
vn 0.7959 0.1976 0.5722
vn 0.9624 0.1397 0.2329
vn 0.7450 0.6583 -0.1077
vn 0.2735 0.3667 -0.8892
vn 0.8584 0.1564 -0.4886
vn 0.8761 0.1403 -0.4612
vn 0.3501 0.5172 -0.7810
vn 0.5371 0.6957 0.4769
vn 0.7807 0.3682 0.5049
vn 0.9775 0.1976 -0.0733
vn 0.8868 0.1406 -0.4402
vn 0.5015 0.6583 -0.5614
vn -0.3621 0.3667 -0.8570
vn 0.3435 0.1562 -0.9261
vn 0.3747 0.1402 -0.9165
vn -0.2338 0.5172 -0.8233
vn 0.7180 0.6957 0.0201
vn 0.9226 0.3683 -0.1150
vn 0.7018 0.1976 -0.6845
vn 0.3965 0.1405 -0.9072
vn 0.0233 0.6583 -0.7524
vn -0.8282 0.3667 -0.4237
vn -0.3322 0.1551 -0.9304
vn -0.3021 0.1392 -0.9431
vn -0.7083 0.5172 -0.4804
vn 0.5629 0.6957 -0.4461
vn 0.6328 0.3682 -0.6812
vn 0.0976 0.1976 -0.9754
vn -0.2794 0.1396 -0.9500
vn -0.4658 0.6583 -0.5914
vn -0.9068 0.3667 0.2078
vn -0.8527 0.1538 -0.4993
vn -0.8378 0.1379 -0.5283
vn -0.8514 0.5172 0.0873
vn 0.1445 0.6957 -0.7036
vn 0.0470 0.3682 -0.9286
vn -0.5522 0.1976 -0.8099
vn -0.8248 0.1383 -0.5482
vn -0.7369 0.6583 -0.1536
vn 0.8295 0.5179 -0.2093
vn 0.6397 0.6584 -0.3967
vn 0.5874 0.1402 -0.7971
vn 0.6064 0.1404 -0.7827
vn -0.4200 0.7058 0.5705
vn -0.7415 0.1244 0.6593
vn -0.7588 0.1289 0.6385
vn -0.5268 0.7268 0.4406
vn -0.1202 0.1269 0.9846
vn 0.0566 0.7152 0.6966
vn 0.5407 0.1281 0.8314
vn 0.4912 0.7152 0.4972
vn 0.9485 0.1294 0.2893
vn 0.6958 0.7152 0.0652
vn 0.9124 0.1303 -0.3880
vn 0.5749 0.7152 -0.3973
vn 0.4495 0.1303 -0.8837
vn 0.1850 0.7152 -0.6740
vn -0.2237 0.1294 -0.9660
vn -0.2915 0.7152 -0.6353
vn -0.7924 0.1281 -0.5963
vn -0.6316 0.7152 -0.2993
vn -0.9449 0.1803 -0.2731
vn -0.8993 0.1804 -0.3983
vn -0.8937 0.1974 -0.4030
vn -0.8999 0.1790 0.3977
vn -0.9451 0.1794 0.2730
vn -0.9436 0.1974 0.2657
vn -0.4326 0.1790 0.8836
vn -0.5470 0.1775 0.8181
vn -0.5521 0.1974 0.8101
vn 0.2361 0.1803 0.9549
vn 0.1047 0.1801 0.9781
vn 0.0979 0.1974 0.9754
vn 0.7944 0.1816 0.5796
vn 0.7088 0.1814 0.6817
vn 0.7020 0.1974 0.6843
vn 0.9809 0.1828 -0.0666
vn 0.9809 0.1826 0.0666
vn 0.9776 0.1973 0.0730
vn 0.7086 0.1833 -0.6814
vn 0.7942 0.1832 -0.5794
vn 0.7958 0.1974 -0.5725
vn 0.1049 0.1828 -0.9775
vn 0.2359 0.1829 -0.9544
vn 0.2417 0.1973 -0.9501
vn -0.5481 0.1817 -0.8164
vn -0.4328 0.1818 -0.8830
vn -0.4255 0.1974 -0.8832
vn 0.6303 0.1546 -0.7608
vn -0.3416 0.6957 0.6319
vn 0.7826 0.5677 0.2555
vn 0.4355 0.5680 -0.6983
vn -0.6446 0.7019 0.3030
vn 0.9715 0.0780 -0.2237
vn 0.1443 0.6957 0.7037
vn 0.7622 0.5690 -0.3087
vn -0.1174 0.5671 -0.8152
vn -0.2867 0.7145 0.6382
vn -0.1180 0.7146 0.6895
vn 0.6013 0.0764 -0.7954
vn 0.5630 0.6957 0.4461
vn 0.3873 0.5678 -0.7264
vn -0.6123 0.5678 -0.5502
vn 0.1906 0.7145 0.6732
vn 0.3527 0.7146 0.6040
vn -0.0510 0.0763 -0.9958
vn 0.7180 0.6957 -0.0201
vn -0.1702 0.5678 -0.8054
vn -0.8227 0.5678 -0.0278
vn 0.5787 0.7145 0.3932
vn 0.6585 0.7146 0.2360
vn -0.6792 0.0762 -0.7300
vn 0.5371 0.6957 -0.4770
vn -0.6481 0.5678 -0.5075
vn -0.6481 0.5678 0.5075
vn 0.6960 0.7145 -0.0708
vn 0.6561 0.7147 -0.2425
vn -0.9895 0.0762 -0.1226
vn 0.1048 0.6957 -0.7106
vn -0.8227 0.5678 0.0278
vn -0.1702 0.5678 0.8054
vn 0.4897 0.7058 -0.5119
vn 0.3467 0.7146 -0.6075
vn -0.8368 0.0762 0.5422
vn -0.3765 0.6957 -0.6118
vn -0.6123 0.5679 0.5501
vn 0.3873 0.5679 0.7263
vn 0.0511 0.7145 -0.6978
vn -0.1249 0.7146 -0.6883
vn -0.2925 0.0762 0.9532
vn -0.6816 0.6957 -0.2267
vn -0.1155 0.5679 0.8150
vn 0.7635 0.5679 0.3075
vn -0.4094 0.7145 -0.5674
vn -0.5381 0.7146 -0.4470
vn 0.3881 0.0764 0.9184
vn -0.6678 0.6957 0.2645
vn 0.4354 0.5678 0.6986
vn 0.7826 0.5678 -0.2552
vn -0.6908 0.7024 -0.1716
vn -0.6884 0.7253 0.0018
vn -0.6914 0.7001 0.1784
vn 0.8877 0.0764 0.4541
vn -0.5611 0.3668 0.7421
vn 0.4026 0.2141 -0.8900
vn 0.8416 -0.0957 -0.5316
vn -0.2628 0.2113 -0.9414
vn 0.2872 -0.0978 -0.9529
vn -0.8064 0.2113 -0.5523
vn -0.3925 -0.0978 -0.9145
vn -0.9727 0.2114 0.0953
vn -0.8885 -0.0978 -0.4483
vn -0.6839 0.2114 0.6983
vn -0.9688 -0.0978 0.2277
vn -0.0750 0.2114 0.9745
vn -0.5958 -0.0978 0.7972
vn 0.5689 0.2114 0.7948
vn 0.0560 -0.0978 0.9936
vn 0.9467 0.2114 0.2431
vn 0.6816 -0.0978 0.7252
vn -0.9741 0.1535 -0.1658
vn 0.9805 -0.1079 -0.1641
vn -0.8515 0.5170 -0.0873
vn -0.7083 0.5172 0.4804
vn -0.2338 0.5172 0.8233
vn 0.3501 0.5172 0.7810
vn 0.7702 0.5172 0.3732
vn 0.5013 0.5172 -0.6937
vn -0.0619 0.5172 -0.8536
vn -0.5961 0.5172 -0.6141
vn 0.6996 -0.7071 0.1032
vn 0.7042 -0.6961 0.1399
vn 0.7063 -0.7071 -0.0346
vn 0.7178 -0.6963 -0.0000
vn 0.6868 -0.6958 -0.2102
vn 0.7042 -0.6961 -0.1399
vn 0.6096 -0.7071 -0.3583
vn 0.6327 -0.6976 -0.3363
vn 0.5188 -0.7071 -0.4805
vn 0.5540 -0.6948 -0.4586
vn 0.3805 -0.6974 -0.6073
vn 0.6237 -0.1092 -0.7740
vn 0.4299 -0.6981 -0.5726
vn 0.2231 -0.7071 -0.6710
vn 0.2597 -0.6962 -0.6692
vn 0.0886 -0.7071 -0.7015
vn 0.1246 -0.6963 -0.7069
vn -0.0881 -0.6957 -0.7129
vn 0.0086 -0.1104 -0.9939
vn -0.0155 -0.6961 -0.7178
vn -0.3831 -0.7071 -0.5944
vn -0.3589 -0.6963 -0.6216
vn -0.5257 -0.6957 -0.4895
vn -0.6324 -0.1104 -0.7667
vn -0.4733 -0.6961 -0.5399
vn -0.6221 -0.7071 -0.3363
vn -0.6138 -0.6961 -0.3723
vn -0.6755 -0.7071 -0.2091
vn -0.6745 -0.6963 -0.2455
vn -0.7174 -0.6957 -0.0371
vn -0.9773 -0.1104 -0.1809
vn -0.7096 -0.6961 -0.1093
vn -0.6927 -0.7071 0.1423
vn -0.7096 -0.6961 0.1093
vn -0.6519 -0.7071 0.2740
vn -0.6745 -0.6963 0.2455
vn -0.5734 -0.6957 0.4327
vn -0.8649 -0.1104 0.4896
vn -0.6139 -0.6961 0.3723
vn -0.4392 -0.7071 0.5542
vn -0.4733 -0.6961 0.5399
vn -0.3232 -0.7071 0.6289
vn -0.3589 -0.6963 0.6216
vn -0.1611 -0.6957 0.7001
vn -0.3479 -0.1104 0.9310
vn -0.2309 -0.6961 0.6798
vn 0.0198 -0.7071 0.7069
vn -0.0155 -0.6961 0.7178
vn 0.1567 -0.7071 0.6895
vn 0.1246 -0.6963 0.7069
vn 0.3266 -0.6957 0.6398
vn 0.3320 -0.1104 0.9368
vn 0.2601 -0.6961 0.6692
vn 0.4695 -0.7071 0.5287
vn 0.4495 -0.6961 0.5598
vn 0.5633 -0.7071 0.4275
vn 0.5499 -0.6963 0.4614
vn 0.6615 -0.6957 0.2802
vn 0.8564 -0.1104 0.5044
vn 0.6294 -0.6961 0.3454
vn 0.7063 -0.7071 0.0346
vn 0.7144 -0.6963 0.0700
vn 0.5689 -0.7071 -0.4200
vn 0.5996 -0.6955 -0.3959
vn 0.1567 -0.7071 -0.6895
vn 0.1930 -0.6963 -0.6913
vn -0.3232 -0.7071 -0.6289
vn -0.2965 -0.6963 -0.6537
vn -0.6519 -0.7071 -0.2740
vn -0.6473 -0.6963 -0.3101
vn -0.6755 -0.7071 0.2091
vn -0.6952 -0.6963 0.1785
vn -0.3831 -0.7071 0.5944
vn -0.4178 -0.6963 0.5836
vn 0.0886 -0.7071 0.7016
vn 0.0551 -0.6963 0.7157
vn 0.5188 -0.7071 0.4805
vn 0.5022 -0.6963 0.5128
vn 0.6868 -0.6957 0.2105
vn 0.6620 -0.6963 -0.2775
vn 0.3235 -0.6964 -0.6406
vn -0.1611 -0.6957 -0.7001
vn -0.5734 -0.6957 -0.4327
vn -0.7174 -0.6957 0.0371
vn -0.5257 -0.6957 0.4895
vn -0.0881 -0.6957 0.7129
vn 0.3908 -0.6957 0.6028
vn 0.6995 -0.7071 -0.1032
vn 0.7144 -0.6963 -0.0700
vn 0.4471 -0.7071 -0.5478
vn 0.4944 -0.6918 -0.5263
vn 0.0198 -0.7071 -0.7068
vn 0.0551 -0.6963 -0.7157
vn -0.2309 -0.6961 -0.6798
vn -0.4392 -0.7071 -0.5542
vn -0.4178 -0.6963 -0.5836
vn -0.6927 -0.7071 -0.1423
vn -0.6952 -0.6963 -0.1785
vn -0.6221 -0.7071 0.3363
vn -0.6473 -0.6963 0.3101
vn -0.2604 -0.7071 0.6574
vn -0.2965 -0.6963 0.6537
vn 0.2231 -0.7071 0.6710
vn 0.1930 -0.6963 0.6913
vn 0.6022 -0.7071 0.3706
vn 0.5922 -0.6963 0.4055
vn 0.6995 -0.7071 0.1032
vn 0.6822 -0.7184 0.1356
vn 0.6958 -0.7183 -0.0000
vn 0.6648 -0.7188 -0.2034
vn 0.6822 -0.7184 -0.1356
vn 0.6157 -0.7169 -0.3272
vn 0.5345 -0.7205 -0.4418
vn 0.3701 -0.7170 -0.5907
vn 0.4189 -0.7164 -0.5580
vn 0.2517 -0.7183 -0.6486
vn 0.1208 -0.7183 -0.6852
vn -0.0852 -0.7189 -0.6899
vn -0.0150 -0.7184 -0.6954
vn -0.2604 -0.7071 -0.6574
vn -0.2237 -0.7184 -0.6586
vn -0.3479 -0.7183 -0.6026
vn -0.5087 -0.7189 -0.4737
vn -0.4585 -0.7184 -0.5230
vn -0.6220 -0.7071 -0.3363
vn -0.5947 -0.7184 -0.3607
vn -0.6538 -0.7183 -0.2380
vn -0.6942 -0.7189 -0.0359
vn -0.6875 -0.7184 -0.1059
vn -0.6875 -0.7184 0.1059
vn -0.6538 -0.7183 0.2380
vn -0.5548 -0.7189 0.4187
vn -0.5947 -0.7184 0.3607
vn -0.4585 -0.7184 0.5231
vn -0.3479 -0.7183 0.6026
vn -0.1559 -0.7189 0.6774
vn -0.2237 -0.7184 0.6586
vn 0.0198 -0.7071 0.7068
vn -0.0151 -0.7184 0.6954
vn 0.1208 -0.7183 0.6852
vn 0.3160 -0.7189 0.6191
vn 0.2520 -0.7184 0.6483
vn 0.4355 -0.7184 0.5424
vn 0.5632 -0.7071 0.4275
vn 0.5330 -0.7183 0.4472
vn 0.6401 -0.7189 0.2711
vn 0.6098 -0.7184 0.3347
vn 0.6925 -0.7182 0.0679
vn 0.5673 -0.7080 -0.4205
vn 0.5793 -0.7194 -0.3833
vn 0.1871 -0.7182 -0.6702
vn -0.2875 -0.7182 -0.6336
vn -0.6275 -0.7182 -0.3006
vn -0.6739 -0.7182 0.1731
vn -0.4050 -0.7182 0.5658
vn 0.0886 -0.7071 0.7015
vn 0.0534 -0.7182 0.6937
vn 0.4868 -0.7182 0.4971
vn 0.6646 -0.7189 0.2037
vn 0.6417 -0.7182 -0.2690
vn 0.3137 -0.7181 -0.6212
vn -0.1559 -0.7189 -0.6774
vn -0.5548 -0.7189 -0.4187
vn -0.6942 -0.7189 0.0359
vn -0.5087 -0.7189 0.4737
vn -0.0852 -0.7189 0.6899
vn 0.3782 -0.7189 0.5833
vn 0.6925 -0.7182 -0.0679
vn 0.4729 -0.7231 -0.5035
vn 0.0534 -0.7183 -0.6937
vn -0.4050 -0.7182 -0.5658
vn -0.6739 -0.7183 -0.1731
vn -0.6220 -0.7071 0.3363
vn -0.6275 -0.7182 0.3006
vn -0.2875 -0.7182 0.6336
vn 0.1871 -0.7182 0.6702
vn 0.5741 -0.7182 0.3931
vn 0.9893 -0.0000 0.1460
vn 0.9952 -0.0000 0.0975
vn 0.9988 -0.0000 -0.0489
vn 0.9952 -0.0000 -0.0975
vn 0.9808 -0.0000 -0.1949
vn 0.9562 -0.0000 -0.2926
vn 0.8621 -0.0000 -0.5067
vn 0.8333 -0.0006 -0.5528
vn 0.7337 -0.0000 -0.6795
vn 0.7689 -0.0018 -0.6393
vn 0.6003 -0.0000 -0.7997
vn 0.5309 -0.0000 -0.8474
vn 0.3156 -0.0000 -0.9489
vn 0.2689 -0.0000 -0.9632
vn 0.1253 -0.0000 -0.9921
vn 0.0768 -0.0000 -0.9970
vn -0.0216 -0.0000 -0.9998
vn -0.1226 -0.0000 -0.9925
vn -0.3682 -0.0000 -0.9297
vn -0.4131 -0.0000 -0.9107
vn -0.5417 -0.0000 -0.8406
vn -0.5821 -0.0000 -0.8131
vn -0.6592 -0.0000 -0.7520
vn -0.7319 -0.0000 -0.6815
vn -0.8797 -0.0000 -0.4755
vn -0.9019 -0.0000 -0.4320
vn -0.9553 -0.0000 -0.2957
vn -0.9686 -0.0000 -0.2487
vn -0.9883 -0.0000 -0.1523
vn -0.9987 -0.0000 -0.0516
vn -0.9796 -0.0000 0.2012
vn -0.9686 -0.0000 0.2487
vn -0.9219 -0.0000 0.3875
vn -0.9019 -0.0000 0.4320
vn -0.8550 -0.0000 0.5186
vn -0.7982 -0.0000 0.6024
vn -0.6211 -0.0000 0.7838
vn -0.5821 -0.0000 0.8131
vn -0.4571 -0.0000 0.8894
vn -0.4131 -0.0000 0.9107
vn -0.3216 -0.0000 0.9469
vn -0.2242 -0.0000 0.9745
vn 0.0280 -0.0000 0.9996
vn 0.0768 -0.0000 0.9970
vn 0.2216 -0.0000 0.9751
vn 0.2689 -0.0000 0.9632
vn 0.3623 -0.0000 0.9321
vn 0.4547 -0.0000 0.8907
vn 0.6640 -0.0000 0.7477
vn 0.6997 -0.0000 0.7144
vn 0.7965 -0.0000 0.6046
vn 0.8251 -0.0000 0.5650
vn 0.8766 -0.0000 0.4811
vn 0.9208 -0.0000 0.3900
vn 0.9988 -0.0000 0.0489
vn 1.0000 -0.0000 -0.0000
vn 0.8021 -0.0024 -0.5972
vn 0.2216 -0.0000 -0.9751
vn 0.1736 -0.0000 -0.9848
vn -0.4571 -0.0000 -0.8894
vn -0.5000 -0.0000 -0.8660
vn -0.9219 -0.0000 -0.3875
vn -0.9397 -0.0000 -0.3420
vn -0.9553 -0.0000 0.2957
vn -0.9397 -0.0000 0.3420
vn -0.5417 -0.0000 0.8406
vn -0.5000 -0.0000 0.8660
vn 0.1253 -0.0000 0.9921
vn 0.1736 -0.0000 0.9848
vn 0.7337 -0.0000 0.6795
vn 0.7660 -0.0000 0.6428
vn 0.9561 -0.0000 0.2931
vn 0.9223 -0.0000 -0.3866
vn 0.4508 -0.0000 -0.8926
vn -0.2242 -0.0000 -0.9745
vn -0.7982 -0.0000 -0.6024
vn -0.9987 -0.0000 0.0516
vn -0.7319 -0.0000 0.6815
vn -0.1226 -0.0000 0.9925
vn 0.5440 -0.0000 0.8391
vn 0.9808 -0.0000 0.1949
vn 0.9893 -0.0000 -0.1460
vn 0.8830 -0.0000 -0.4693
vn 0.6323 -0.0000 -0.7747
vn 0.3618 -0.0000 -0.9323
vn 0.0280 -0.0000 -0.9996
vn -0.3216 -0.0000 -0.9469
vn -0.6211 -0.0000 -0.7838
vn -0.8550 -0.0000 -0.5186
vn -0.9796 -0.0000 -0.2012
vn -0.9883 -0.0000 0.1523
vn -0.8797 -0.0000 0.4755
vn -0.6592 -0.0000 0.7520
vn -0.3682 -0.0000 0.9297
vn -0.0216 -0.0000 0.9998
vn 0.3156 -0.0000 0.9489
vn 0.6261 -0.0000 0.7798
vn 0.8517 -0.0000 0.5241
vn -0.6995 -0.7071 -0.1032
vn 0.1534 -0.9879 0.0224
vn 0.1568 -0.9871 0.0310
vn -0.6822 -0.7184 -0.1356
vn -0.7062 -0.7071 0.0346
vn 0.1548 -0.9879 -0.0076
vn 0.1595 -0.9872 -0.0002
vn -0.6958 -0.7183 -0.0000
vn -0.6648 -0.7188 0.2035
vn 0.1527 -0.9872 -0.0467
vn 0.1565 -0.9872 -0.0311
vn -0.6822 -0.7184 0.1356
vn -0.6096 -0.7071 0.3583
vn 0.1336 -0.9879 -0.0785
vn 0.1403 -0.9873 -0.0746
vn -0.6157 -0.7169 0.3272
vn -0.5188 -0.7071 0.4805
vn 0.1140 -0.9879 -0.1055
vn 0.1226 -0.9871 -0.1025
vn -0.5334 -0.7187 0.4461
vn -0.3701 -0.7170 0.5907
vn 0.0844 -0.9873 -0.1348
vn 0.0952 -0.9873 -0.1270
vn -0.4189 -0.7164 0.5580
vn -0.2231 -0.7071 0.6710
vn 0.0489 -0.9879 -0.1471
vn 0.0576 -0.9872 -0.1487
vn -0.2517 -0.7183 0.6486
vn -0.0886 -0.7071 0.7015
vn 0.0195 -0.9879 -0.1538
vn 0.0278 -0.9872 -0.1571
vn -0.1208 -0.7183 0.6852
vn 0.0852 -0.7189 0.6899
vn -0.0194 -0.9871 -0.1587
vn -0.0032 -0.9872 -0.1596
vn 0.0150 -0.7184 0.6954
vn 0.2604 -0.7071 0.6574
vn -0.0571 -0.9879 -0.1441
vn -0.0513 -0.9872 -0.1511
vn 0.2237 -0.7184 0.6586
vn 0.3830 -0.7071 0.5944
vn -0.0839 -0.9879 -0.1304
vn -0.0796 -0.9872 -0.1382
vn 0.3479 -0.7183 0.6025
vn 0.5087 -0.7189 0.4737
vn -0.1168 -0.9871 -0.1091
vn -0.1050 -0.9872 -0.1203
vn 0.4585 -0.7185 0.5230
vn 0.6220 -0.7071 0.3362
vn -0.1363 -0.9879 -0.0737
vn -0.1364 -0.9872 -0.0828
vn 0.5947 -0.7184 0.3607
vn 0.6755 -0.7071 0.2091
vn -0.1481 -0.9879 -0.0460
vn -0.1498 -0.9872 -0.0547
vn 0.6538 -0.7183 0.2380
vn 0.6942 -0.7189 0.0359
vn -0.1596 -0.9871 -0.0085
vn -0.1578 -0.9872 -0.0246
vn 0.6875 -0.7185 0.1059
vn 0.6926 -0.7071 -0.1422
vn -0.1518 -0.9879 0.0312
vn -0.1577 -0.9872 0.0243
vn 0.6875 -0.7184 -0.1059
vn 0.6518 -0.7071 -0.2740
vn -0.1429 -0.9879 0.0600
vn -0.1499 -0.9872 0.0545
vn 0.6538 -0.7183 -0.2380
vn 0.5548 -0.7189 -0.4187
vn -0.1276 -0.9871 0.0962
vn -0.1366 -0.9872 0.0826
vn 0.5947 -0.7185 -0.3607
vn 0.4392 -0.7071 -0.5542
vn -0.0962 -0.9879 0.1215
vn -0.1051 -0.9872 0.1201
vn 0.4585 -0.7184 -0.5230
vn 0.3232 -0.7071 -0.6289
vn -0.0708 -0.9879 0.1379
vn -0.0797 -0.9872 0.1381
vn 0.3479 -0.7183 -0.6025
vn 0.1559 -0.7189 -0.6774
vn -0.0358 -0.9872 0.1557
vn -0.0514 -0.9872 0.1511
vn 0.2237 -0.7184 -0.6586
vn -0.0198 -0.7071 -0.7068
vn 0.0045 -0.9879 0.1549
vn -0.0032 -0.9872 0.1596
vn 0.0151 -0.7184 -0.6954
vn -0.1567 -0.7071 -0.6895
vn 0.0344 -0.9879 0.1511
vn 0.0279 -0.9872 0.1570
vn -0.1208 -0.7183 -0.6852
vn -0.3160 -0.7189 -0.6191
vn 0.0727 -0.9872 0.1423
vn 0.0578 -0.9872 0.1487
vn -0.2520 -0.7184 -0.6483
vn -0.4695 -0.7071 -0.5287
vn 0.1031 -0.9879 0.1158
vn 0.1002 -0.9872 0.1242
vn -0.4355 -0.7184 -0.5424
vn -0.5632 -0.7071 -0.4275
vn 0.1235 -0.9879 0.0936
vn 0.1223 -0.9872 0.1023
vn -0.5330 -0.7183 -0.4472
vn -0.6401 -0.7189 -0.2711
vn 0.1472 -0.9872 0.0622
vn 0.1399 -0.9872 0.0767
vn -0.6098 -0.7184 -0.3347
vn -0.7062 -0.7071 -0.0346
vn 0.1548 -0.9879 0.0075
vn 0.1587 -0.9872 0.0153
vn -0.6925 -0.7183 -0.0679
vn -0.5647 -0.7071 0.4256
vn 0.1239 -0.9879 -0.0930
vn 0.1333 -0.9871 -0.0889
vn -0.5770 -0.7202 0.3852
vn -0.1567 -0.7071 0.6895
vn 0.0344 -0.9879 -0.1512
vn 0.0429 -0.9872 -0.1536
vn -0.1871 -0.7183 0.6701
vn 0.3232 -0.7071 0.6289
vn -0.0708 -0.9879 -0.1379
vn -0.0658 -0.9872 -0.1453
vn 0.2874 -0.7183 0.6336
vn 0.6518 -0.7071 0.2740
vn -0.1429 -0.9879 -0.0601
vn -0.1438 -0.9872 -0.0690
vn 0.6275 -0.7183 0.3006
vn 0.6755 -0.7071 -0.2091
vn -0.1481 -0.9879 0.0458
vn -0.1545 -0.9872 0.0397
vn 0.6739 -0.7183 -0.1731
vn 0.3831 -0.7071 -0.5944
vn -0.0839 -0.9879 0.1303
vn -0.0927 -0.9872 0.1298
vn 0.4050 -0.7183 -0.5657
vn -0.0886 -0.7071 -0.7015
vn 0.0196 -0.9879 0.1538
vn 0.0125 -0.9872 0.1590
vn -0.0534 -0.7183 -0.6937
vn -0.5188 -0.7071 -0.4804
vn 0.1138 -0.9879 0.1052
vn 0.1118 -0.9872 0.1137
vn -0.4868 -0.7183 -0.4971
vn -0.6646 -0.7189 -0.2037
vn 0.1528 -0.9872 0.0466
vn -0.6417 -0.7182 0.2690
vn 0.1471 -0.9872 -0.0617
vn -0.3137 -0.7181 0.6212
vn 0.0718 -0.9872 -0.1423
vn 0.1559 -0.7189 0.6774
vn -0.0357 -0.9871 -0.1558
vn 0.5548 -0.7189 0.4187
vn -0.1275 -0.9871 -0.0964
vn 0.6942 -0.7189 -0.0359
vn -0.1596 -0.9872 0.0082
vn 0.5087 -0.7189 -0.4737
vn -0.1169 -0.9872 0.1089
vn 0.0852 -0.7189 -0.6899
vn -0.0194 -0.9872 0.1586
vn -0.3782 -0.7189 -0.5833
vn 0.0871 -0.9872 0.1339
vn -0.6995 -0.7071 0.1032
vn 0.1533 -0.9879 -0.0226
vn 0.1587 -0.9872 -0.0156
vn -0.6925 -0.7183 0.0679
vn -0.4471 -0.7071 0.5478
vn 0.0979 -0.9879 -0.1201
vn 0.1107 -0.9869 -0.1176
vn -0.4729 -0.7231 0.5035
vn -0.0198 -0.7071 0.7068
vn 0.0045 -0.9879 -0.1550
vn 0.0125 -0.9872 -0.1591
vn -0.0534 -0.7183 0.6937
vn 0.4392 -0.7071 0.5542
vn -0.0962 -0.9879 -0.1217
vn -0.0926 -0.9872 -0.1299
vn 0.4050 -0.7183 0.5657
vn 0.6926 -0.7071 0.1422
vn -0.1519 -0.9879 -0.0314
vn -0.1545 -0.9872 -0.0400
vn 0.6739 -0.7183 0.1731
vn 0.6220 -0.7071 -0.3362
vn -0.1364 -0.9879 0.0736
vn -0.1439 -0.9872 0.0688
vn 0.6275 -0.7183 -0.3006
vn 0.2604 -0.7071 -0.6574
vn -0.0571 -0.9879 0.1441
vn -0.0659 -0.9872 0.1452
vn 0.2875 -0.7183 -0.6336
vn -0.2231 -0.7071 -0.6710
vn 0.0489 -0.9879 0.1471
vn 0.0429 -0.9872 0.1536
vn -0.1871 -0.7183 -0.6701
vn -0.6022 -0.7071 -0.3706
vn 0.1320 -0.9879 0.0812
vn 0.1316 -0.9872 0.0900
vn -0.5741 -0.7183 -0.3931
vn -0.9881 0.0465 -0.1465
vn -0.9795 0.0457 -0.1961
vn -0.9977 0.0460 0.0489
vn -0.9989 0.0464 -0.0000
vn -0.9548 0.0433 0.2940
vn -0.9795 0.0451 0.1963
vn -0.8604 0.0432 0.5078
vn -0.8824 0.0434 0.4685
vn -0.7331 0.0415 0.6789
vn -0.7666 0.0413 0.6409
vn -0.5305 0.0412 0.8467
vn -0.6002 0.0415 0.7988
vn -0.3157 0.0459 0.9478
vn -0.3630 0.0449 0.9307
vn -0.1248 0.0461 0.9911
vn -0.1735 0.0463 0.9837
vn 0.1240 0.0440 0.9913
vn 0.0232 0.0456 0.9987
vn 0.3671 0.0471 0.9290
vn 0.3196 0.0461 0.9464
vn 0.5412 0.0472 0.8396
vn 0.4994 0.0475 0.8651
vn 0.7322 0.0454 0.6796
vn 0.6597 0.0469 0.7501
vn 0.8784 0.0484 0.4754
vn 0.8531 0.0475 0.5196
vn 0.9542 0.0486 0.2952
vn 0.9385 0.0489 0.3417
vn 0.9977 0.0467 0.0500
vn 0.9874 0.0483 0.1505
vn 0.9785 0.0496 -0.2002
vn 0.9874 0.0487 -0.1504
vn 0.9207 0.0496 -0.3872
vn 0.9385 0.0499 -0.3416
vn 0.7963 0.0474 -0.6030
vn 0.8531 0.0490 -0.5194
vn 0.6209 0.0499 -0.7823
vn 0.6597 0.0491 -0.7499
vn 0.4564 0.0496 -0.8884
vn 0.4994 0.0500 -0.8650
vn 0.2224 0.0470 -0.9738
vn 0.3198 0.0487 -0.9462
vn -0.0275 0.0491 -0.9984
vn 0.0234 0.0484 -0.9986
vn -0.2214 0.0487 -0.9740
vn -0.1735 0.0491 -0.9836
vn -0.4556 0.0458 -0.8890
vn -0.3633 0.0476 -0.9305
vn -0.6628 0.0478 -0.7473
vn -0.6242 0.0471 -0.7799
vn -0.7957 0.0473 -0.6038
vn -0.7652 0.0477 -0.6420
vn -0.9205 0.0444 -0.3881
vn -0.8765 0.0462 -0.4792
vn -0.9977 0.0462 -0.0489
vn -0.9942 0.0464 -0.0972
vn -0.7973 0.0418 0.6021
vn -0.8304 0.0425 0.5555
vn -0.2214 0.0459 0.9741
vn -0.2685 0.0460 0.9622
vn 0.4562 0.0472 0.8886
vn 0.4125 0.0473 0.9097
vn 0.9207 0.0485 0.3872
vn 0.9006 0.0487 0.4319
vn 0.9542 0.0496 -0.2949
vn 0.9675 0.0499 -0.2480
vn 0.5411 0.0497 -0.8395
vn 0.5817 0.0500 -0.8119
vn -0.1251 0.0489 -0.9909
vn -0.0769 0.0491 -0.9958
vn -0.7328 0.0475 -0.6788
vn -0.6987 0.0479 -0.7138
vn -0.9547 0.0442 -0.2943
vn -0.9219 0.0429 0.3851
vn -0.4523 0.0428 0.8908
vn 0.2224 0.0442 0.9740
vn 0.7963 0.0456 0.6031
vn 0.9977 0.0469 -0.0499
vn 0.7321 0.0474 -0.6795
vn 0.1240 0.0469 -0.9912
vn -0.5422 0.0457 -0.8390
vn -0.9881 0.0461 0.1466
vn -0.9942 0.0461 0.0973
vn -0.6333 0.0409 0.7728
vn -0.6843 0.0411 0.7281
vn -0.0272 0.0464 0.9986
vn -0.0766 0.0464 0.9960
vn 0.6207 0.0476 0.7826
vn 0.5816 0.0477 0.8121
vn 0.9784 0.0488 0.2008
vn 0.9674 0.0489 0.2486
vn 0.8783 0.0498 -0.4755
vn 0.9007 0.0500 -0.4316
vn 0.3673 0.0496 -0.9288
vn 0.4127 0.0497 -0.9095
vn -0.3158 0.0486 -0.9476
vn -0.2685 0.0488 -0.9621
vn -0.8510 0.0473 -0.5230
vn -0.8244 0.0475 -0.5641
vn 0.6635 0.0911 -0.7426
vn 0.7345 0.0877 -0.6729
vn 0.6207 0.0929 -0.7786
vn 0.5332 0.1570 -0.8313
vn 0.5408 0.0926 -0.8361
vn 0.5815 0.0930 -0.8082
vn 0.4537 0.0925 -0.8864
vn 0.4092 0.0927 -0.9077
vn 0.3639 0.0925 -0.9268
vn 0.3113 0.0906 -0.9460
vn 0.2155 0.0870 -0.9726
vn 0.1302 0.0868 -0.9877
vn -0.0059 0.1562 -0.9877
vn 0.0310 0.0899 -0.9955
vn -0.0391 0.1408 -0.9893
vn -0.0247 0.0914 -0.9955
vn -0.0623 0.1396 -0.9882
vn -0.1432 0.1439 -0.9792
vn -0.1232 0.0910 -0.9882
vn -0.0741 0.0915 -0.9930
vn -0.2222 0.0907 -0.9708
vn -0.2700 0.0908 -0.9586
vn -0.3170 0.0905 -0.9441
vn -0.3696 0.0885 -0.9250
vn -0.4602 0.0848 -0.8838
vn -0.5353 0.0844 -0.8404
vn -0.6395 0.1550 -0.7530
vn -0.6162 0.0874 -0.7827
vn -0.6660 0.1395 -0.7328
vn -0.6592 0.0889 -0.7467
vn -0.6831 0.1383 -0.7171
vn -0.7392 0.1426 -0.6582
vn -0.7297 0.0883 -0.6780
vn -0.6952 0.0889 -0.7133
vn -0.7944 0.0879 -0.6009
vn -0.8232 0.0881 -0.5609
vn -0.8499 0.0877 -0.5196
vn -0.8779 0.0857 -0.4711
vn -0.9208 0.0820 -0.3813
vn -0.9505 0.0816 -0.2998
vn -0.9754 0.0848 -0.2036
vn -0.9814 0.1382 -0.1333
vn -0.9852 0.0863 -0.1483
vn -0.9844 0.1370 -0.1102
vn -0.9913 0.1245 -0.0415
vn -0.9950 0.0858 -0.0503
vn -0.9913 0.0863 -0.0995
vn -0.9951 0.0855 0.0503
vn -0.9906 0.1267 0.0523
vn -0.9913 0.0857 0.0995
vn -0.9852 0.0854 0.1483
vn -0.9742 0.1531 0.1657
vn -0.9755 0.0836 0.2036
vn -0.9507 0.0799 0.2996
vn -0.9218 0.0790 0.3795
vn -0.8538 0.1517 0.4980
vn -0.8815 0.0807 0.4653
vn -0.8392 0.1349 0.5268
vn -0.8557 0.0797 0.5113
vn -0.7940 0.0769 0.6030
vn -0.7833 0.1212 0.6097
vn -0.7641 0.0761 0.6406
vn -0.7320 0.0766 0.6770
vn -0.6365 0.0752 0.7676
vn -0.6856 0.0754 0.7241
vn -0.5288 0.0755 0.8454
vn -0.5998 0.0761 0.7965
vn -0.4584 0.0789 0.8853
vn -0.3323 0.1529 0.9307
vn -0.3696 0.0832 0.9255
vn -0.3018 0.1377 0.9434
vn -0.3172 0.0852 0.9445
vn -0.2794 0.1366 0.9504
vn -0.2004 0.1411 0.9695
vn -0.2223 0.0852 0.9712
vn -0.2702 0.0854 0.9590
vn -0.1232 0.0854 0.9887
vn -0.0741 0.0859 0.9935
vn -0.0250 0.0859 0.9960
vn 0.0310 0.0843 0.9960
vn 0.1302 0.0812 0.9882
vn 0.2156 0.0815 0.9731
vn 0.3437 0.1539 0.9264
vn 0.3114 0.0854 0.9464
vn 0.3752 0.1387 0.9165
vn 0.3641 0.0873 0.9273
vn 0.3968 0.1377 0.9075
vn 0.4695 0.1423 0.8714
vn 0.4539 0.0875 0.8868
vn 0.4094 0.0876 0.9081
vn 0.5410 0.0879 0.8364
vn 0.5817 0.0884 0.8086
vn 0.6209 0.0884 0.7789
vn 0.6638 0.0869 0.7428
vn 0.7348 0.0839 0.6731
vn 0.7905 0.0843 0.6067
vn 0.8585 0.1553 0.4887
vn 0.8467 0.0881 0.5247
vn 0.8764 0.1400 0.4608
vn 0.8747 0.0901 0.4762
vn 0.8871 0.1390 0.4401
vn 0.9196 0.1436 0.3656
vn 0.9175 0.0903 0.3874
vn 0.8971 0.0904 0.4324
vn 0.9518 0.0906 0.2929
vn 0.9651 0.0911 0.2454
vn 0.9761 0.0912 0.1975
vn 0.9858 0.0895 0.1423
vn 0.9953 0.0865 0.0433
vn 0.9953 0.0867 -0.0433
vn 0.9716 0.1564 -0.1774
vn 0.9857 0.0904 -0.1423
vn 0.9674 0.1411 -0.2103
vn 0.9760 0.0923 -0.1975
vn 0.9623 0.1401 -0.2331
vn 0.9393 0.1446 -0.3110
vn 0.9517 0.0923 -0.2929
vn 0.9650 0.0925 -0.2454
vn 0.9173 0.0925 -0.3874
vn 0.8969 0.0928 -0.4323
vn 0.8745 0.0928 -0.4760
vn 0.8465 0.0910 -0.5245
vn 0.7902 0.0877 -0.6065
vn 0.8191 0.5680 0.0801
vn 0.8198 0.5598 0.1210
vn 0.7380 0.6659 0.1089
vn 0.7484 0.6592 0.0734
vn 0.8193 0.5677 -0.0803
vn 0.8280 0.5593 -0.0405
vn 0.7457 0.6652 -0.0365
vn 0.7488 0.6587 -0.0734
vn 0.7869 0.5681 -0.2408
vn 0.8073 0.5679 -0.1604
vn 0.7380 0.6587 -0.1467
vn 0.7196 0.6585 -0.2202
vn 0.6849 0.5686 -0.4557
vn 0.7148 0.5592 -0.4201
vn 0.6439 0.6650 -0.3784
vn 0.6271 0.6575 -0.4176
vn 0.4374 0.5668 -0.6982
vn 0.4948 0.5663 -0.6592
vn 0.4511 0.6599 -0.6009
vn 0.3991 0.6595 -0.6370
vn 0.2214 0.5675 -0.7930
vn 0.2616 0.5592 -0.7867
vn 0.2357 0.6650 -0.7087
vn 0.2024 0.6585 -0.7249
vn 0.0633 0.5678 -0.8207
vn 0.1039 0.5593 -0.8225
vn 0.0936 0.6652 -0.7408
vn 0.0577 0.6589 -0.7500
vn -0.1007 0.5689 -0.8162
vn -0.0176 0.5683 -0.8227
vn -0.0163 0.6593 -0.7517
vn -0.0922 0.6596 -0.7460
vn -0.3398 0.5688 -0.7490
vn -0.3050 0.5603 -0.7701
vn -0.2744 0.6668 -0.6928
vn -0.3102 0.6604 -0.6838
vn -0.4785 0.5692 -0.6687
vn -0.4486 0.5606 -0.6960
vn -0.4035 0.6673 -0.6260
vn -0.4368 0.6611 -0.6101
vn -0.6010 0.5704 -0.5598
vn -0.5416 0.5697 -0.6181
vn -0.4944 0.6615 -0.5639
vn -0.5486 0.6619 -0.5108
vn -0.7408 0.5703 -0.3549
vn -0.7277 0.5619 -0.3934
vn -0.6536 0.6693 -0.3533
vn -0.6753 0.6628 -0.3235
vn -0.7953 0.5707 -0.2044
vn -0.7901 0.5621 -0.2446
vn -0.7094 0.6697 -0.2196
vn -0.7247 0.6634 -0.1861
vn -0.8193 0.5719 -0.0425
vn -0.8112 0.5712 -0.1252
vn -0.7392 0.6638 -0.1139
vn -0.7467 0.6641 -0.0386
vn -0.7948 0.5715 0.2041
vn -0.8095 0.5631 0.1663
vn -0.7262 0.6711 0.1491
vn -0.7237 0.6646 0.1858
vn -0.7400 0.5717 0.3544
vn -0.7618 0.5631 0.3203
vn -0.6833 0.6712 0.2873
vn -0.6736 0.6649 0.3227
vn -0.6545 0.5725 0.4939
vn -0.7014 0.5720 0.4253
vn -0.6385 0.6651 0.3873
vn -0.5960 0.6651 0.4499
vn -0.4775 0.5717 0.6672
vn -0.5131 0.5634 0.6475
vn -0.4601 0.6716 0.5807
vn -0.4348 0.6650 0.6073
vn -0.3390 0.5716 0.7472
vn -0.3777 0.5631 0.7350
vn -0.3388 0.6713 0.6593
vn -0.3086 0.6648 0.6803
vn -0.1839 0.5722 0.7993
vn -0.2639 0.5718 0.7768
vn -0.2403 0.6648 0.7074
vn -0.1676 0.6645 0.7282
vn 0.0632 0.5709 0.8186
vn 0.0232 0.5626 0.8264
vn 0.0208 0.6705 0.7416
vn 0.0574 0.6637 0.7458
vn 0.2208 0.5706 0.7910
vn 0.1832 0.5622 0.8065
vn 0.1645 0.6697 0.7241
vn 0.2012 0.6632 0.7209
vn 0.3733 0.5709 0.7312
vn 0.2975 0.5707 0.7654
vn 0.2712 0.6630 0.6978
vn 0.3405 0.6626 0.6671
vn 0.5753 0.5695 0.5872
vn 0.5496 0.5612 0.6189
vn 0.4940 0.6683 0.5563
vn 0.5247 0.6615 0.5358
vn 0.6785 0.5690 0.4646
vn 0.6596 0.5607 0.5006
vn 0.5932 0.6674 0.4503
vn 0.6193 0.6608 0.4241
vn 0.7570 0.5694 0.3206
vn 0.7208 0.5691 0.3956
vn 0.6581 0.6606 0.3612
vn 0.6916 0.6602 0.2930
vn 0.8232 0.5678 -0.0001
vn 0.8279 0.5594 0.0405
vn 0.7455 0.6655 0.0365
vn 0.7523 0.6588 -0.0000
vn 0.6320 0.5672 -0.5280
vn 0.6642 0.5582 -0.4973
vn 0.5973 0.6651 -0.4481
vn 0.5781 0.6583 -0.4822
vn 0.1430 0.5676 -0.8108
vn 0.1837 0.5591 -0.8085
vn 0.1655 0.6650 -0.7283
vn 0.1307 0.6586 -0.7411
vn -0.4111 0.5689 -0.7123
vn -0.3786 0.5604 -0.7366
vn -0.3406 0.6670 -0.6627
vn -0.3754 0.6606 -0.6501
vn -0.7718 0.5705 -0.2810
vn -0.7625 0.5619 -0.3206
vn -0.6849 0.6694 -0.2879
vn -0.7035 0.6630 -0.2560
vn -0.7711 0.5715 0.2806
vn -0.7895 0.5630 0.2444
vn -0.7082 0.6711 0.2192
vn -0.7021 0.6646 0.2556
vn -0.4102 0.5716 0.7106
vn -0.4476 0.5632 0.6946
vn -0.4015 0.6714 0.6230
vn -0.3735 0.6648 0.6470
vn 0.1427 0.5707 0.8087
vn 0.1036 0.5623 0.8204
vn 0.0930 0.6700 0.7365
vn 0.1299 0.6634 0.7369
vn 0.6299 0.5692 0.5284
vn 0.6074 0.5609 0.5625
vn 0.5462 0.6677 0.5058
vn 0.5748 0.6610 0.4823
vn 0.7862 0.5692 0.2408
vn 0.7183 0.6599 0.2202
vn 0.7592 0.5677 -0.3183
vn 0.6939 0.6587 -0.2909
vn 0.3711 0.5676 -0.7349
vn 0.3392 0.6588 -0.6715
vn -0.1843 0.5691 -0.8013
vn -0.1685 0.6599 -0.7322
vn -0.6554 0.5707 -0.4947
vn -0.5981 0.6622 -0.4514
vn -0.8192 0.5720 0.0423
vn -0.7465 0.6643 0.0386
vn -0.6000 0.5725 0.5587
vn -0.5465 0.6651 0.5089
vn -0.1005 0.5720 0.8141
vn -0.0917 0.6643 0.7418
vn 0.4469 0.5707 0.6889
vn 0.4076 0.6623 0.6287
vn 0.8070 0.5685 0.1602
vn 0.7372 0.6596 0.1465
vn 0.8201 0.5593 -0.1210
vn 0.7386 0.6652 -0.1090
vn 0.7277 0.5665 -0.3868
vn 0.6639 0.6594 -0.3528
vn 0.5620 0.5714 -0.5981
vn 0.6083 0.5591 -0.5634
vn 0.5480 0.6649 -0.5076
vn 0.5167 0.6561 -0.5501
vn 0.5241 0.5594 -0.6421
vn 0.4720 0.6655 -0.5783
vn 0.2978 0.5676 -0.7675
vn 0.2723 0.6586 -0.7015
vn 0.0232 0.5596 -0.8285
vn 0.0209 0.6656 -0.7460
vn -0.2645 0.5688 -0.7788
vn -0.2416 0.6602 -0.7112
vn -0.5141 0.5610 -0.6488
vn -0.4623 0.6679 -0.5833
vn -0.7023 0.5704 -0.4260
vn -0.6404 0.6626 -0.3884
vn -0.8099 0.5624 -0.1663
vn -0.7270 0.6702 -0.1493
vn -0.8109 0.5717 0.1250
vn -0.7385 0.6646 0.1138
vn -0.7268 0.5633 0.3929
vn -0.6518 0.6715 0.3524
vn -0.5406 0.5720 0.6168
vn -0.4922 0.6652 0.5615
vn -0.3043 0.5632 0.7683
vn -0.2729 0.6713 0.6891
vn -0.0176 0.5714 0.8205
vn -0.0162 0.6641 0.7474
vn 0.2610 0.5621 0.7848
vn 0.2344 0.6696 0.7047
vn 0.5146 0.5700 0.6406
vn 0.4692 0.6620 0.5845
vn 0.7053 0.5606 0.4340
vn 0.6344 0.6672 0.3904
vn 0.9893 0.0017 0.1459
vn 0.9952 0.0016 0.0977
vn 0.9988 0.0013 -0.0489
vn 0.9952 0.0012 -0.0975
vn 0.9808 0.0013 -0.1949
vn 0.9562 0.0013 -0.2926
vn 0.8621 0.0011 -0.5067
vn 0.8324 0.0011 -0.5541
vn 0.6004 0.0013 -0.7997
vn 0.5309 0.0012 -0.8474
vn 0.3155 0.0011 -0.9489
vn 0.2689 0.0011 -0.9632
vn 0.1253 0.0012 -0.9921
vn 0.0766 0.0013 -0.9971
vn -0.0218 0.0016 -0.9998
vn -0.1227 0.0019 -0.9924
vn -0.3682 0.0022 -0.9297
vn -0.4132 0.0022 -0.9106
vn -0.5417 0.0024 -0.8406
vn -0.5822 0.0026 -0.8130
vn -0.6594 0.0029 -0.7518
vn -0.7319 0.0032 -0.6814
vn -0.8797 0.0036 -0.4755
vn -0.9019 0.0036 -0.4320
vn -0.9553 0.0038 -0.2957
vn -0.9686 0.0039 -0.2486
vn -0.9884 0.0042 -0.1521
vn -0.9987 0.0045 -0.0515
vn -0.9795 0.0047 0.2012
vn -0.9686 0.0046 0.2487
vn -0.9219 0.0047 0.3875
vn -0.9018 0.0048 0.4321
vn -0.8549 0.0049 0.5187
vn -0.7982 0.0051 0.6024
vn -0.6210 0.0050 0.7838
vn -0.5821 0.0049 0.8131
vn -0.4571 0.0047 0.8894
vn -0.4131 0.0047 0.9107
vn -0.3216 0.0048 0.9469
vn -0.2243 0.0048 0.9745
vn 0.0281 0.0044 0.9996
vn 0.0766 0.0042 0.9971
vn 0.2216 0.0039 0.9751
vn 0.2689 0.0038 0.9632
vn 0.3623 0.0037 0.9321
vn 0.4546 0.0037 0.8907
vn 0.6640 0.0031 0.7477
vn 0.6996 0.0029 0.7146
vn 0.7965 0.0025 0.6046
vn 0.8251 0.0024 0.5650
vn 0.8766 0.0024 0.4812
vn 0.9208 0.0023 0.3901
vn 0.9988 0.0015 0.0488
vn 1.0000 0.0013 0.0001
vn 0.8001 0.0013 -0.5999
vn 0.7680 0.0013 -0.6404
vn 0.2216 0.0011 -0.9751
vn 0.1736 0.0011 -0.9848
vn -0.4571 0.0022 -0.8894
vn -0.5001 0.0023 -0.8660
vn -0.9218 0.0036 -0.3875
vn -0.9397 0.0037 -0.3419
vn -0.9553 0.0047 0.2957
vn -0.9397 0.0046 0.3421
vn -0.5417 0.0048 0.8406
vn -0.5000 0.0047 0.8660
vn 0.1253 0.0041 0.9921
vn 0.1736 0.0039 0.9848
vn 0.7337 0.0028 0.6794
vn 0.7660 0.0026 0.6429
vn 0.9560 0.0022 0.2932
vn 0.9223 0.0012 -0.3865
vn 0.4509 0.0012 -0.8926
vn -0.2243 0.0021 -0.9745
vn -0.7982 0.0034 -0.6024
vn -0.9987 0.0046 0.0516
vn -0.7319 0.0051 0.6814
vn -0.1227 0.0047 0.9924
vn 0.5439 0.0035 0.8392
vn 0.9808 0.0019 0.1951
vn 0.9893 0.0013 -0.1460
vn 0.8830 0.0011 -0.4693
vn 0.7337 0.0013 -0.6795
vn 0.6845 0.0014 -0.7290
vn 0.6323 0.0014 -0.7747
vn 0.3618 0.0012 -0.9322
vn 0.0281 0.0015 -0.9996
vn -0.3216 0.0021 -0.9469
vn -0.6210 0.0028 -0.7838
vn -0.8550 0.0035 -0.5186
vn -0.9795 0.0041 -0.2012
vn -0.9883 0.0047 0.1523
vn -0.8797 0.0049 0.4755
vn -0.6593 0.0050 0.7519
vn -0.3682 0.0048 0.9297
vn -0.0218 0.0045 0.9998
vn 0.3156 0.0038 0.9489
vn 0.6259 0.0033 0.7799
vn 0.8517 0.0024 0.5241
vn 0.7153 -0.6909 0.1053
vn 0.7262 -0.6838 0.0709
vn 0.7221 -0.6909 -0.0354
vn 0.7261 -0.6839 -0.0712
vn 0.7157 -0.6838 -0.1422
vn 0.6980 -0.6835 -0.2136
vn 0.6232 -0.6910 -0.3663
vn 0.6081 -0.6828 -0.4049
vn 0.4373 -0.6851 -0.5826
vn 0.3869 -0.6847 -0.6177
vn 0.2281 -0.6909 -0.6860
vn 0.1962 -0.6839 -0.7027
vn 0.0908 -0.6909 -0.7172
vn 0.0562 -0.6838 -0.7275
vn -0.0156 -0.6837 -0.7296
vn -0.0893 -0.6834 -0.7245
vn -0.2662 -0.6909 -0.6721
vn -0.3014 -0.6839 -0.6644
vn -0.3915 -0.6909 -0.6078
vn -0.4245 -0.6838 -0.5934
vn -0.4809 -0.6837 -0.5489
vn -0.5341 -0.6834 -0.4977
vn -0.6359 -0.6909 -0.3438
vn -0.6580 -0.6839 -0.3153
vn -0.6906 -0.6909 -0.2140
vn -0.7067 -0.6838 -0.1817
vn -0.7212 -0.6837 -0.1114
vn -0.7290 -0.6834 -0.0379
vn -0.7081 -0.6910 0.1455
vn -0.7067 -0.6839 0.1815
vn -0.6665 -0.6909 0.2801
vn -0.6580 -0.6839 0.3151
vn -0.6240 -0.6837 0.3783
vn -0.5827 -0.6835 0.4397
vn -0.4489 -0.6909 0.5667
vn -0.4246 -0.6839 0.5933
vn -0.3304 -0.6909 0.6430
vn -0.3014 -0.6839 0.6644
vn -0.2347 -0.6838 0.6909
vn -0.1637 -0.6835 0.7114
vn 0.0205 -0.6909 0.7227
vn 0.0562 -0.6838 0.7275
vn 0.1603 -0.6909 0.7050
vn 0.1962 -0.6839 0.7027
vn 0.2644 -0.6838 0.6801
vn 0.3319 -0.6835 0.6501
vn 0.4803 -0.6909 0.5404
vn 0.5107 -0.6838 0.5211
vn 0.5759 -0.6909 0.4370
vn 0.6020 -0.6839 0.4121
vn 0.6397 -0.6838 0.3511
vn 0.6722 -0.6835 0.2847
vn 0.7221 -0.6909 0.0352
vn 0.7296 -0.6839 -0.0001
vn 0.5783 -0.6909 -0.4338
vn 0.5606 -0.6833 -0.4677
vn 0.1602 -0.6909 -0.7050
vn 0.1268 -0.6839 -0.7185
vn -0.3303 -0.6909 -0.6431
vn -0.3647 -0.6839 -0.6319
vn -0.6664 -0.6909 -0.2803
vn -0.6856 -0.6839 -0.2497
vn -0.6906 -0.6909 0.2137
vn -0.6856 -0.6839 0.2495
vn -0.3916 -0.6909 0.6077
vn -0.3647 -0.6839 0.6319
vn 0.0908 -0.6909 0.7172
vn 0.1268 -0.6839 0.7185
vn 0.5306 -0.6909 0.4911
vn 0.5590 -0.6839 0.4689
vn 0.6980 -0.6834 0.2138
vn 0.6728 -0.6839 -0.2821
vn 0.3289 -0.6840 -0.6512
vn -0.1636 -0.6835 -0.7114
vn -0.5826 -0.6835 -0.4399
vn -0.7290 -0.6835 0.0376
vn -0.5342 -0.6835 0.4975
vn -0.0894 -0.6834 0.7245
vn 0.3973 -0.6834 0.6124
vn 0.7158 -0.6837 0.1420
vn 0.7152 -0.6909 -0.1055
vn 0.6435 -0.6848 -0.3421
vn 0.5307 -0.6905 -0.4915
vn 0.5015 -0.6808 -0.5339
vn 0.4570 -0.6910 -0.5601
vn 0.2639 -0.6838 -0.6802
vn 0.0205 -0.6909 -0.7227
vn -0.2346 -0.6838 -0.6910
vn -0.4488 -0.6909 -0.5668
vn -0.6239 -0.6838 -0.3785
vn -0.7081 -0.6909 -0.1457
vn -0.7212 -0.6838 0.1112
vn -0.6360 -0.6909 0.3436
vn -0.4809 -0.6837 0.5488
vn -0.2662 -0.6909 0.6721
vn -0.0155 -0.6837 0.7296
vn 0.2281 -0.6909 0.6860
vn 0.4571 -0.6837 0.5689
vn 0.6157 -0.6909 0.3788
vn -0.9905 0.1372 0.0043
vn -0.1762 0.1371 0.9748
vn 0.4915 0.1383 0.8598
vn 0.9290 0.1396 0.3427
vn 0.9318 0.1406 -0.3346
vn 0.4987 0.1407 -0.8553
vn -0.1677 0.1398 -0.9759
vn -0.7558 0.1385 -0.6399
vn 0.6846 -0.0000 -0.7289
vn 0.4978 0.0931 -0.8623
vn -0.1729 0.0914 -0.9807
vn -0.7630 0.0887 -0.6403
vn -0.9963 0.0861 -0.0000
vn -0.8260 0.0786 0.5582
vn -0.1730 0.0858 0.9812
vn 0.4981 0.0882 0.8627
vn 0.9358 0.0910 0.3406
vn 0.9356 0.0929 -0.3405
vn 0.7624 0.6387 0.1041
vn 0.5171 0.6387 0.5698
vn 0.0298 0.6387 0.7689
vn -0.4714 0.6387 0.6082
vn -0.7515 0.6392 0.1635
vn -0.7958 0.1496 0.5868
vn -0.6808 0.6387 -0.3586
vn -0.2910 0.6387 -0.7123
vn 0.2349 0.6387 -0.7327
vn 0.3786 -0.6532 -0.6557
vn 0.3784 0.6537 -0.6554
vn 0.6554 0.6537 -0.3784
vn 0.6557 -0.6532 -0.3786
vn -0.0000 -0.6532 -0.7572
vn -0.0000 0.6537 -0.7567
vn -0.3786 -0.6532 -0.6557
vn -0.3784 0.6537 -0.6554
vn -0.6557 -0.6532 -0.3786
vn -0.6554 0.6537 -0.3784
vn -0.7572 -0.6532 -0.0000
vn -0.7567 0.6537 -0.0000
vn -0.6557 -0.6532 0.3786
vn -0.6554 0.6537 0.3784
vn -0.3786 -0.6532 0.6557
vn -0.3784 0.6537 0.6553
vn -0.0000 -0.6532 0.7572
vn -0.0000 0.6537 0.7567
vn 0.3786 -0.6532 0.6557
vn 0.3784 0.6537 0.6554
vn 0.6557 -0.6532 0.3786
vn 0.6554 0.6537 0.3784
vn 0.7572 -0.6532 -0.0000
vn 0.7567 0.6537 -0.0000
vn 0.5523 0.7703 0.3189
vn 0.8527 0.1744 0.4924
vn 0.4923 0.1744 0.8527
vn 0.3189 0.7703 0.5523
vn 0.1189 0.9713 -0.2059
vn 0.3189 0.7703 -0.5523
vn 0.5523 0.7703 -0.3189
vn 0.2059 0.9713 -0.1189
vn -0.0000 0.5118 -0.8591
vn 0.4296 0.5118 -0.7440
vn -0.4296 0.5118 0.7440
vn -0.7440 0.5118 0.4296
vn -0.6553 0.6537 0.3784
vn 0.6377 0.7703 -0.0000
vn 0.2377 0.9713 -0.0000
vn -0.1189 0.9713 0.2059
vn -0.3189 0.7703 0.5523
vn -0.5523 0.7703 0.3189
vn -0.2059 0.9713 0.1189
vn -0.0000 -1.0000 -0.0000
vn -0.5523 0.7703 0.3188
vn -0.6377 0.7703 -0.0000
vn -0.2377 0.9713 -0.0000
vn 0.6553 0.6537 -0.3784
vn 0.7440 0.5118 -0.4296
vn 0.8591 0.5118 -0.0000
vn -0.4296 0.5118 -0.7440
vn -0.8591 0.5118 -0.0000
vn -0.7440 0.5118 -0.4296
vn -0.2059 0.9713 -0.1189
vn -0.5523 0.7703 -0.3188
vn -0.3188 0.7703 -0.5523
vn -0.1189 0.9713 -0.2059
vn 0.2805 0.9461 0.1620
vn -0.0000 0.9461 -0.3239
vn -0.2805 0.9461 0.1619
vn -0.0000 0.9461 0.3239
vn -0.4295 0.5118 0.7440
vn -0.4295 -0.5121 0.7438
vn -0.7438 -0.5121 0.4295
vn 0.8589 -0.5121 -0.0000
vn 0.7438 -0.5121 0.4295
vn 0.7440 0.5118 0.4296
vn -0.8589 -0.5121 -0.0000
vn -0.7438 -0.5121 -0.4295
vn 0.7439 -0.5121 0.4295
vn -0.4295 -0.5121 -0.7438
vn 0.4295 -0.5121 -0.7438
vn 0.7438 -0.5121 -0.4295
vn -0.0000 -0.5121 -0.8589
vn 0.4296 0.5118 0.7440
vn 0.4295 -0.5121 0.7439
vn -0.0000 -0.5121 0.8589
vn -0.0000 0.5118 0.8591
vn -0.4295 -0.5121 0.7439
vn -0.7440 0.5118 0.4295
vn -0.0000 -0.3287 0.9444
vn -0.4722 -0.3287 0.8179
vn -0.8179 -0.3287 0.4722
vn -0.9444 -0.3287 -0.0000
vn -0.8179 -0.3287 -0.4722
vn -0.4722 -0.3287 -0.8179
vn 0.4722 -0.3287 -0.8179
vn 0.8179 -0.3287 -0.4722
vn -0.0000 -0.3287 -0.9444
vn 0.9444 -0.3287 -0.0000
vn 0.4902 0.1968 -0.8491
vn 0.8491 0.1968 -0.4902
vn 0.8621 -0.0950 -0.4977
vn 0.4977 -0.0950 -0.8621
vn 0.9804 0.1968 -0.0000
vn 0.8491 0.1968 0.4902
vn 0.8621 -0.0950 0.4977
vn 0.9955 -0.0950 -0.0000
vn -0.8491 0.1968 -0.4902
vn -0.4902 0.1968 -0.8491
vn -0.4977 -0.0950 -0.8621
vn -0.8621 -0.0950 -0.4977
vn -0.9804 0.1968 -0.0000
vn -0.9955 -0.0950 -0.0000
vn -0.0000 0.1968 -0.9804
vn -0.0000 -0.0950 -0.9955
vn 0.4902 0.1968 0.8491
vn 0.4977 -0.0950 0.8621
vn -0.4902 0.1968 0.8491
vn -0.8491 0.1968 0.4902
vn -0.8621 -0.0950 0.4977
vn -0.4977 -0.0950 0.8621
vn -0.7723 0.4524 -0.4459
vn -0.8230 0.3113 -0.4751
vn -0.4752 0.3113 -0.8230
vn -0.4459 0.4524 -0.7723
vn 0.7723 0.4524 0.4459
vn 0.8230 0.3113 0.4752
vn 0.4752 0.3113 0.8230
vn 0.4459 0.4524 0.7723
vn -0.0000 0.4524 -0.8918
vn -0.0000 0.3113 -0.9503
vn 0.4752 0.3113 -0.8230
vn 0.4459 0.4524 -0.7723
vn -0.0000 0.4524 0.8918
vn -0.0000 0.3113 0.9503
vn -0.4752 0.3113 0.8230
vn -0.4459 0.4524 0.7723
vn -0.4751 0.3113 0.8230
vn 0.8230 0.3113 -0.4752
vn 0.7723 0.4524 -0.4459
vn -0.7723 0.4524 0.4459
vn -0.8230 0.3113 0.4752
vn -0.9503 0.3113 -0.0000
vn -0.8918 0.4524 -0.0000
vn 0.9503 0.3113 -0.0000
vn 0.8918 0.4524 -0.0000
vn -0.8230 0.3113 -0.4752
vn 0.8230 0.3113 0.4751
vn 0.8596 0.1212 -0.4963
vn 0.9926 0.1212 -0.0000
vn 0.4963 0.1212 -0.8596
vn -0.0000 0.1212 -0.9926
vn -0.4963 0.1212 -0.8596
vn -0.8596 0.1212 -0.4963
vn -0.9926 0.1211 -0.0000
vn -0.8596 0.1212 0.4963
vn -0.4963 0.1212 0.8596
vn -0.0000 0.1211 0.9926
vn 0.4963 0.1212 0.8596
vn 0.8597 0.1211 0.4963
vn -0.4963 0.1210 0.8597
vn -0.5523 0.7703 -0.3189
vn 0.2805 0.9461 0.1619
vn 0.2805 0.9461 -0.1620
vn -0.0000 0.9713 0.2377
vn -0.0000 0.7703 0.6377
vn -0.9926 0.1212 -0.0000
vn 0.4923 0.1744 -0.8528
vn 0.8528 0.1744 -0.4923
vn -0.3784 0.6537 0.6554
vn -0.0000 0.1212 0.9926
vn -0.9847 0.1744 -0.0000
vn -0.8527 0.1744 -0.4924
vn -0.0000 0.1744 0.9847
vn -0.4923 0.1744 0.8527
vn -0.8528 0.1744 0.4923
vn 0.5523 0.7703 0.3188
vn 0.8527 0.1744 0.4923
vn 0.4923 0.1744 0.8528
vn 0.1619 0.9461 -0.2804
vn -0.1619 0.9461 -0.2805
vn -0.2805 0.9461 -0.1619
vn -0.3239 0.9461 -0.0000
vn -0.1619 0.9461 0.2805
vn 0.1620 0.9461 0.2805
vn 0.3239 0.9461 -0.0000
vn 0.3983 0.6046 -0.6898
vn 0.6898 0.6046 -0.3983
vn 0.8528 0.1744 0.4923
vn 0.6898 0.6046 0.3983
vn 0.3983 0.6046 0.6898
vn 0.9847 0.1744 -0.0000
vn 0.7965 0.6046 -0.0000
vn -0.0000 0.1744 -0.9847
vn -0.4923 0.1744 -0.8528
vn -0.3983 0.6046 -0.6898
vn -0.0000 0.6046 -0.7965
vn -0.6898 0.6046 0.3983
vn -0.7965 0.6046 -0.0000
vn -0.0000 0.6046 0.7965
vn -0.6898 0.6046 -0.3983
vn -0.3983 0.6046 0.6898
vn -0.0000 0.6046 -0.7966
vn -0.0000 0.6046 0.7966
vn 0.8597 0.1211 -0.4963
vn 0.6847 0.6123 -0.3953
vn 0.7906 0.6124 -0.0000
vn -0.8597 0.1211 -0.4963
vn -0.7906 0.6123 -0.0000
vn -0.6847 0.6123 -0.3953
vn -0.0000 0.6123 0.7906
vn -0.3953 0.6123 0.6847
vn 0.3953 0.6124 0.6846
vn -0.6847 0.6124 -0.3953
vn 0.3953 0.6123 -0.6847
vn 0.6847 0.6124 -0.3953
vn -0.3953 0.6123 -0.6847
vn -0.0000 0.6124 -0.7906
vn -0.8597 0.1212 0.4963
vn -0.3953 0.6122 0.6847
vn -0.6846 0.6124 0.3953
vn 0.3953 0.6124 -0.6847
vn -0.6847 0.6123 0.3953
vn 0.6847 0.6123 0.3953
vn 0.2059 0.9713 0.1189
vn 0.1189 0.9713 0.2059
vn -0.7906 0.6124 -0.0000
vn -0.6847 0.6124 0.3953
vn -0.0000 0.9713 -0.2377
vn 0.6847 0.6124 0.3953
vn 0.7906 0.6123 -0.0000
vn 0.2059 0.9713 0.1188
vn -0.3953 0.6124 -0.6847
vn 0.7724 0.4524 -0.4459
vn -0.0000 0.1968 0.9804
vn -0.0000 -0.0950 0.9955
vn 0.4722 -0.3287 0.8179
vn 0.8179 -0.3287 0.4722
vn -0.4978 -0.0950 -0.8621
vn 0.3784 0.6537 -0.6553
vn 0.6553 0.6537 0.3784
vn -0.0000 0.7703 -0.6377
vn -0.3784 0.6537 -0.6553
vn -0.4295 0.5118 -0.7440
vn 0.3784 0.6537 0.6553
vn -0.6553 0.6537 -0.3784
vn -0.3189 0.7703 -0.5523
vn 0.4295 0.5118 0.7440
vn 0.7440 0.5118 0.4295
vn 0.4295 -0.5121 -0.7439
vn -0.7439 -0.5121 -0.4295
vn 0.4295 -0.5121 0.7438
vn -0.7439 -0.5121 0.4295
vn 0.8596 0.1212 0.4963
vn -0.1188 0.9714 -0.2058
vn 0.5523 0.7703 -0.3188
vn 0.1189 0.9713 0.2058
vn -0.2059 0.9713 -0.1188
vn -0.8528 0.1744 -0.4923
vn 0.3188 0.7703 -0.5523
vn -0.4924 0.1744 0.8527
vn 0.2805 0.9461 -0.1619
vn 0.1619 0.9461 -0.2805
vn -0.1619 0.9461 -0.2804
vn -0.1619 0.9461 0.2804
vn 0.1619 0.9461 0.2805
vn -0.7966 0.6046 -0.0000
vn 0.7966 0.6046 -0.0000
vn -0.1620 0.9461 -0.2805
vn 0.3953 0.6124 0.6847
vn -0.0000 0.6124 0.7906
vn 0.9926 0.1211 -0.0000
vn -0.3953 0.6124 -0.6846
vn 0.3953 0.6123 0.6847
vn -0.3953 0.6124 0.6846
vn 0.6846 0.6124 0.3953
vn 0.1188 0.9713 0.2059
vn 0.4295 0.5118 -0.7440
vn 0.7440 0.5118 -0.4295
vn -0.7724 0.4524 0.4459
vn -0.4963 0.1211 -0.8597
vn 0.9926 0.1214 -0.0000
vn -0.4963 0.1212 -0.8597
vn -0.0000 0.1211 -0.9926
vn -0.4963 0.1211 0.8597
vn 0.4924 0.1744 -0.8527
vn -0.4923 0.1744 0.8528
vn 0.1620 0.9461 -0.2805
vn -0.3982 0.6046 -0.6898
vn 0.3982 0.6046 0.6898
vn -0.6846 0.6124 -0.3953
vn 0.6846 0.6124 -0.3953
vn -0.0000 0.6124 0.7905
vn 0.2058 0.9713 -0.1188
vn 0.2378 0.9713 -0.0000
vn -0.1189 0.9713 -0.2058
vn -0.4459 0.4524 0.7724
vn -0.8597 0.1211 0.4963
vn -0.4295 -0.5121 -0.7439
vn -0.4294 -0.5121 0.7439
vn 0.4963 0.1211 -0.8596
vn -0.2378 0.9713 -0.0000
vn 0.1188 0.9713 -0.2058
vn 0.4963 0.1212 -0.8597
vn 0.4751 0.3113 -0.8230
vn -0.3188 0.7703 0.5523
vn -0.2805 0.9461 0.1620
vn 0.1619 0.9461 0.2804
vn -0.6898 0.6046 0.3982
vn 0.6898 0.6046 -0.3982
vn 0.1620 0.9461 0.2804
vn -0.0000 0.6123 -0.7906
vn 0.3953 0.6124 -0.6846
vn -0.1188 0.9713 0.2058
vn -0.3953 0.6124 0.6847
vn -0.1189 0.9713 0.2060
vn -0.9445 -0.3287 -0.0000
vn 0.4459 0.4524 0.7724
vn -0.2059 0.9713 0.1188
vn 0.3188 0.7703 0.5523
vn 0.4963 0.1211 0.8596
vn -0.0000 0.1214 -0.9926
vn 0.7407 -0.0000 0.6718
vn 0.8563 -0.0000 0.5164
vn 0.7416 0.5000 0.4472
vn 0.6281 0.4906 0.6039
vn 0.4282 0.8660 0.2582
vn 0.3206 0.8498 0.4185
vn -0.0000 1.0000 -0.0000
vn -0.0996 0.9812 0.1651
vn -0.4282 0.8660 -0.2582
vn -0.5197 0.8498 -0.0883
vn -0.7416 0.5000 -0.4472
vn -0.8273 0.4906 -0.2737
vn -0.8563 -0.0000 -0.5164
vn -0.9398 -0.0000 -0.3416
vn -0.7416 -0.5000 -0.4472
vn -0.8273 -0.4906 -0.2737
vn -0.4282 -0.8660 -0.2582
vn -0.5197 -0.8498 -0.0883
vn -0.0996 -0.9812 0.1651
vn 0.4282 -0.8660 0.2582
vn 0.3206 -0.8498 0.4185
vn 0.7416 -0.5000 0.4472
vn 0.6282 -0.4906 0.6039
vn 0.3511 0.4227 0.8355
vn 0.4481 -0.0000 0.8940
vn 0.0861 0.7321 0.6757
vn -0.2759 0.8454 0.4575
vn -0.6378 0.7321 0.2392
vn -0.9028 0.4227 0.0794
vn -0.9998 -0.0000 0.0209
vn -0.9028 -0.4227 0.0794
vn -0.6378 -0.7321 0.2392
vn -0.2759 -0.8454 0.4575
vn 0.0861 -0.7321 0.6757
vn 0.3511 -0.4227 0.8355
vn 0.0807 0.3212 0.9436
vn -0.1953 0.1903 0.9621
vn -0.1516 -0.0000 0.9884
vn 0.1544 -0.0000 0.9880
vn -0.1207 0.5564 0.8221
vn -0.3146 0.3296 0.8902
vn -0.3958 0.6424 0.6563
vn -0.4776 0.3806 0.7919
vn -0.6708 0.5563 0.4904
vn -0.6405 0.3296 0.6936
vn -0.8722 0.3212 0.3690
vn -0.7598 0.1903 0.6217
vn -0.9459 -0.0000 0.3245
vn -0.8035 -0.0000 0.5953
vn -0.8722 -0.3212 0.3690
vn -0.7598 -0.1903 0.6217
vn -0.6708 -0.5563 0.4904
vn -0.6405 -0.3296 0.6936
vn -0.3958 -0.6424 0.6563
vn -0.4776 -0.3806 0.7919
vn -0.1207 -0.5564 0.8221
vn -0.3146 -0.3296 0.8902
vn 0.0807 -0.3212 0.9436
vn -0.1953 -0.1903 0.9621
vn -0.4889 -0.0000 0.8723
vn -0.4058 -0.0000 0.9139
vn -0.4201 0.0622 0.9053
vn -0.4926 0.0159 0.8701
vn -0.4591 0.1078 0.8818
vn -0.5025 0.0275 0.8641
vn -0.5124 0.1244 0.8497
vn -0.5162 0.0318 0.8559
vn -0.5657 0.1078 0.8175
vn -0.5298 0.0275 0.8477
vn -0.6047 0.0622 0.7940
vn -0.5397 0.0159 0.8417
vn -0.6190 -0.0000 0.7854
vn -0.5434 -0.0000 0.8395
vn -0.6047 -0.0622 0.7940
vn -0.5397 -0.0159 0.8417
vn -0.5657 -0.1078 0.8176
vn -0.5297 -0.0275 0.8477
vn -0.5124 -0.1244 0.8497
vn -0.5162 -0.0318 0.8559
vn -0.4591 -0.1078 0.8818
vn -0.5025 -0.0275 0.8641
vn -0.4201 -0.0622 0.9053
vn -0.4926 -0.0159 0.8701
vn -0.5164 -0.0000 0.8563
vn 0.9992 -0.0000 0.0400
vn 0.9882 -0.0000 -0.1533
vn 0.8558 0.5000 -0.1328
vn 0.8693 0.4906 0.0602
vn 0.4941 0.8660 -0.0767
vn 0.5144 0.8498 0.1153
vn 0.0296 0.9812 0.1905
vn -0.4941 0.8660 0.0767
vn -0.4553 0.8498 0.2658
vn -0.8558 0.5000 0.1328
vn -0.8102 0.4906 0.3208
vn -0.9882 -0.0000 0.1534
vn -0.9401 -0.0000 0.3410
vn -0.8558 -0.5000 0.1328
vn -0.8102 -0.4906 0.3208
vn -0.4941 -0.8660 0.0767
vn -0.4553 -0.8498 0.2657
vn 0.0296 -0.9812 0.1905
vn 0.4941 -0.8660 -0.0767
vn 0.5144 -0.8498 0.1153
vn 0.8558 -0.5000 -0.1328
vn 0.8693 -0.4906 0.0602
vn 0.8054 0.4227 0.4156
vn 0.9173 -0.0000 0.3982
vn 0.4996 0.7321 0.4631
vn 0.0819 0.8454 0.5279
vn -0.3358 0.7321 0.5927
vn -0.6415 0.4227 0.6401
vn -0.7535 -0.0000 0.6575
vn -0.6415 -0.4227 0.6401
vn -0.3358 -0.7321 0.5927
vn 0.0819 -0.8454 0.5279
vn 0.4996 -0.7321 0.4631
vn 0.8054 -0.4227 0.4156
vn 0.6673 0.3212 0.6720
vn 0.4675 0.1903 0.8633
vn 0.5179 -0.0000 0.8555
vn 0.7523 -0.0000 0.6588
vn 0.4349 0.5564 0.7080
vn 0.3299 0.3296 0.8846
vn 0.1175 0.6424 0.7573
vn 0.1418 0.3806 0.9138
vn -0.1999 0.5563 0.8066
vn -0.0462 0.3296 0.9430
vn -0.4322 0.3212 0.8426
vn -0.1839 0.1903 0.9644
vn -0.5173 -0.0000 0.8558
vn -0.2342 -0.0000 0.9722
vn -0.4322 -0.3212 0.8426
vn -0.1839 -0.1903 0.9644
vn -0.1999 -0.5563 0.8066
vn -0.0462 -0.3296 0.9430
vn 0.1175 -0.6424 0.7573
vn 0.1418 -0.3806 0.9138
vn 0.4349 -0.5564 0.7080
vn 0.3299 -0.3296 0.8846
vn 0.6673 -0.3212 0.6720
vn 0.4675 -0.1903 0.8633
vn 0.1847 -0.0000 0.9828
vn 0.2751 -0.0000 0.9614
vn 0.2586 0.0622 0.9640
vn 0.1805 0.0159 0.9835
vn 0.2136 0.1077 0.9710
vn 0.1690 0.0275 0.9852
vn 0.1522 0.1244 0.9805
vn 0.1533 0.0318 0.9877
vn 0.0907 0.1078 0.9900
vn 0.1376 0.0275 0.9901
vn 0.0457 0.0622 0.9970
vn 0.1261 0.0159 0.9919
vn 0.0292 -0.0000 0.9996
vn 0.1219 -0.0000 0.9925
vn 0.0457 -0.0622 0.9970
vn 0.1261 -0.0159 0.9919
vn 0.0907 -0.1078 0.9900
vn 0.1376 -0.0275 0.9901
vn 0.1522 -0.1244 0.9805
vn 0.1533 -0.0318 0.9877
vn 0.2136 -0.1077 0.9710
vn 0.1690 -0.0275 0.9852
vn 0.2586 -0.0622 0.9640
vn 0.1805 -0.0159 0.9835
vn 0.1534 -0.0000 0.9882
vn 0.7963 -0.0000 -0.6050
vn 0.6647 -0.0000 -0.7471
vn 0.5756 0.5000 -0.6470
vn 0.7089 0.4906 -0.5067
vn 0.3323 0.8660 -0.3736
vn 0.4701 0.8498 -0.2384
vn 0.1440 0.9812 0.1282
vn -0.3324 0.8660 0.3736
vn -0.1821 0.8498 0.4947
vn -0.5756 0.5000 0.6470
vn -0.4208 0.4906 0.7630
vn -0.6647 -0.0000 0.7471
vn -0.5082 -0.0000 0.8612
vn -0.5756 -0.5000 0.6470
vn -0.4208 -0.4906 0.7630
vn -0.3323 -0.8660 0.3735
vn -0.1821 -0.8498 0.4947
vn 0.1440 -0.9812 0.1281
vn 0.3324 -0.8660 -0.3736
vn 0.4701 -0.8498 -0.2384
vn 0.5756 -0.5000 -0.6470
vn 0.7089 -0.4906 -0.5067
vn 0.8857 0.4227 -0.1919
vn 0.9610 -0.0000 -0.2765
vn 0.6801 0.7321 0.0393
vn 0.3991 0.8454 0.3551
vn 0.1182 0.7321 0.6709
vn -0.0875 0.4227 0.9020
vn -0.1628 -0.0000 0.9867
vn -0.0875 -0.4227 0.9020
vn 0.1182 -0.7321 0.6709
vn 0.3991 -0.8454 0.3551
vn 0.6801 -0.7321 0.0393
vn 0.8857 -0.4227 -0.1919
vn 0.9424 0.3212 0.0937
vn 0.9100 0.1903 0.3684
vn 0.9439 -0.0000 0.3304
vn 0.9996 -0.0000 0.0295
vn 0.7861 0.5563 0.2694
vn 0.8174 0.3296 0.4725
vn 0.5726 0.6424 0.5094
vn 0.6909 0.3806 0.6147
vn 0.3591 0.5563 0.7494
vn 0.5644 0.3296 0.7568
vn 0.2028 0.3212 0.9250
vn 0.4718 0.1903 0.8609
vn 0.1455 -0.0000 0.9894
vn 0.4379 -0.0000 0.8990
vn 0.2028 -0.3212 0.9250
vn 0.4718 -0.1903 0.8609
vn 0.3590 -0.5564 0.7494
vn 0.5644 -0.3296 0.7568
vn 0.5726 -0.6424 0.5094
vn 0.6909 -0.3806 0.6147
vn 0.7861 -0.5564 0.2694
vn 0.8174 -0.3296 0.4725
vn 0.9424 -0.3212 0.0937
vn 0.9100 -0.1903 0.3684
vn 0.7679 -0.0000 0.6406
vn 0.8240 -0.0000 0.5666
vn 0.8129 0.0622 0.5790
vn 0.7650 0.0159 0.6438
vn 0.7827 0.1078 0.6130
vn 0.7573 0.0275 0.6525
vn 0.7413 0.1244 0.6595
vn 0.7467 0.0318 0.6644
vn 0.7000 0.1078 0.7060
vn 0.7362 0.0275 0.6762
vn 0.6697 0.0622 0.7400
vn 0.7284 0.0159 0.6849
vn 0.6586 -0.0000 0.7525
vn 0.7256 -0.0000 0.6881
vn 0.6697 -0.0622 0.7400
vn 0.7284 -0.0159 0.6849
vn 0.7000 -0.1077 0.7060
vn 0.7361 -0.0275 0.6763
vn 0.7413 -0.1244 0.6595
vn 0.7467 -0.0318 0.6644
vn 0.7827 -0.1078 0.6130
vn 0.7573 -0.0275 0.6525
vn 0.8129 -0.0622 0.5790
vn 0.7650 -0.0159 0.6438
vn 0.7471 -0.0000 0.6647
vn 0.1928 -0.0000 -0.9812
vn -0.0000 -0.0000 -1.0000
vn -0.0000 0.5000 -0.8660
vn 0.1928 0.4906 -0.8498
vn -0.0000 0.8660 -0.5000
vn 0.1928 0.8498 -0.4906
vn 0.1928 0.9812 -0.0000
vn -0.0000 0.8660 0.5000
vn 0.1928 0.8498 0.4906
vn -0.0000 0.5000 0.8660
vn 0.1928 0.4906 0.8498
vn -0.0000 -0.0000 1.0000
vn 0.1928 -0.0000 0.9812
vn -0.0000 -0.5000 0.8660
vn 0.1928 -0.4906 0.8498
vn -0.0000 -0.8660 0.5000
vn 0.1928 -0.8498 0.4906
vn 0.1928 -0.9812 -0.0000
vn -0.0000 -0.8660 -0.5000
vn 0.1928 -0.8498 -0.4906
vn -0.0000 -0.5000 -0.8660
vn 0.1928 -0.4906 -0.8498
vn 0.5342 0.4227 -0.7321
vn 0.5342 -0.0000 -0.8454
vn 0.5342 0.7321 -0.4227
vn 0.5342 0.8454 -0.0000
vn 0.5342 0.7321 0.4227
vn 0.5342 0.4227 0.7321
vn 0.5342 -0.0000 0.8454
vn 0.5342 -0.4227 0.7321
vn 0.5342 -0.7321 0.4227
vn 0.5342 -0.8454 -0.0000
vn 0.5342 -0.7321 -0.4227
vn 0.5342 -0.4227 -0.7321
vn 0.7664 0.3212 -0.5563
vn 0.9247 0.1903 -0.3296
vn 0.9247 -0.0000 -0.3806
vn 0.7664 -0.0000 -0.6424
vn 0.7664 0.5563 -0.3212
vn 0.9247 0.3296 -0.1903
vn 0.7664 0.6424 -0.0000
vn 0.9247 0.3806 -0.0000
vn 0.7663 0.5564 0.3212
vn 0.9247 0.3296 0.1903
vn 0.7664 0.3212 0.5563
vn 0.9247 0.1903 0.3296
vn 0.7664 -0.0000 0.6424
vn 0.9247 -0.0000 0.3806
vn 0.7664 -0.3212 0.5563
vn 0.9247 -0.1903 0.3296
vn 0.7663 -0.5564 0.3212
vn 0.9247 -0.3296 0.1903
vn 0.7664 -0.6424 -0.0000
vn 0.9247 -0.3806 -0.0000
vn 0.7664 -0.5563 -0.3212
vn 0.9247 -0.3296 -0.1903
vn 0.7664 -0.3212 -0.5563
vn 0.9247 -0.1903 -0.3296
vn 0.9995 -0.0000 -0.0318
vn 0.9922 -0.0000 -0.1244
vn 0.9922 0.0622 -0.1078
vn 0.9995 0.0159 -0.0275
vn 0.9922 0.1078 -0.0622
vn 0.9995 0.0275 -0.0159
vn 0.9922 0.1244 -0.0000
vn 0.9995 0.0318 -0.0000
vn 0.9922 0.1077 0.0622
vn 0.9995 0.0275 0.0159
vn 0.9922 0.0622 0.1078
vn 0.9995 0.0159 0.0275
vn 0.9922 -0.0000 0.1244
vn 0.9995 -0.0000 0.0318
vn 0.9922 -0.0622 0.1078
vn 0.9995 -0.0159 0.0275
vn 0.9922 -0.1077 0.0622
vn 0.9995 -0.0275 0.0159
vn 0.9922 -0.1244 -0.0000
vn 0.9995 -0.0318 -0.0000
vn 0.9922 -0.1078 -0.0622
vn 0.9995 -0.0275 -0.0159
vn 0.9922 -0.0622 -0.1078
vn 0.9995 -0.0159 -0.0275
vn -0.4757 -0.0000 -0.8796
vn -0.6364 -0.0000 -0.7714
vn -0.5511 0.5000 -0.6680
vn -0.3921 0.4906 -0.7782
vn -0.3182 0.8660 -0.3857
vn -0.1635 0.8498 -0.5011
vn 0.1487 0.9812 -0.1227
vn 0.3182 0.8660 0.3857
vn 0.4609 0.8498 0.2558
vn 0.5511 0.5000 0.6680
vn 0.6895 0.4906 0.5328
vn 0.6364 -0.0000 0.7714
vn 0.7731 -0.0000 0.6342
vn 0.5511 -0.5000 0.6680
vn 0.6895 -0.4906 0.5328
vn 0.3182 -0.8660 0.3857
vn 0.4609 -0.8498 0.2558
vn 0.1487 -0.9812 -0.1227
vn -0.3182 -0.8660 -0.3857
vn -0.1635 -0.8498 -0.5011
vn -0.5511 -0.5000 -0.6680
vn -0.3921 -0.4906 -0.7782
vn -0.0538 0.4227 -0.9047
vn -0.1259 -0.0000 -0.9920
vn 0.1431 0.7321 -0.6660
vn 0.4121 0.8454 -0.3399
vn 0.6811 0.7321 -0.0139
vn 0.8780 0.4227 0.2248
vn 0.9500 -0.0000 0.3121
vn 0.8780 -0.4227 0.2248
vn 0.6810 -0.7321 -0.0139
vn 0.4121 -0.8454 -0.3399
vn 0.1431 -0.7321 -0.6660
vn -0.0538 -0.4227 -0.9047
vn 0.2371 0.3212 -0.9168
vn 0.5036 0.1903 -0.8427
vn 0.4711 -0.0000 -0.8821
vn 0.1823 -0.0000 -0.9832
vn 0.3867 0.5564 -0.7355
vn 0.5922 0.3296 -0.7353
vn 0.5912 0.6424 -0.4877
vn 0.7133 0.3806 -0.5885
vn 0.7956 0.5564 -0.2399
vn 0.8344 0.3296 -0.4417
vn 0.9452 0.3212 -0.0585
vn 0.9231 0.1903 -0.3342
vn 1.0000 -0.0000 0.0079
vn 0.9555 -0.0000 -0.2949
vn 0.9452 -0.3212 -0.0585
vn 0.9231 -0.1903 -0.3343
vn 0.7956 -0.5563 -0.2399
vn 0.8344 -0.3296 -0.4417
vn 0.5912 -0.6424 -0.4877
vn 0.7133 -0.3806 -0.5885
vn 0.3867 -0.5564 -0.7355
vn 0.5922 -0.3296 -0.7353
vn 0.2371 -0.3212 -0.9168
vn 0.5036 -0.1903 -0.8427
vn 0.7508 -0.0000 -0.6606
vn 0.6862 -0.0000 -0.7274
vn 0.6968 0.0622 -0.7145
vn 0.7535 0.0159 -0.6573
vn 0.7258 0.1078 -0.6794
vn 0.7609 0.0275 -0.6483
vn 0.7654 0.1244 -0.6314
vn 0.7710 0.0318 -0.6361
vn 0.8050 0.1078 -0.5834
vn 0.7811 0.0275 -0.6238
vn 0.8340 0.0622 -0.5483
vn 0.7885 0.0159 -0.6148
vn 0.8446 -0.0000 -0.5354
vn 0.7912 -0.0000 -0.6115
vn 0.8340 -0.0622 -0.5483
vn 0.7885 -0.0159 -0.6148
vn 0.8050 -0.1078 -0.5834
vn 0.7811 -0.0275 -0.6238
vn 0.7654 -0.1244 -0.6314
vn 0.7710 -0.0318 -0.6361
vn 0.7258 -0.1078 -0.6794
vn 0.7609 -0.0275 -0.6483
vn 0.6968 -0.0622 -0.7145
vn 0.7535 -0.0159 -0.6573
vn 0.7714 -0.0000 -0.6364
vn -0.9409 -0.0000 -0.3388
vn -0.9885 -0.0000 -0.1510
vn -0.8561 0.5000 -0.1308
vn -0.8109 0.4906 -0.3189
vn -0.4943 0.8660 -0.0755
vn -0.4559 0.8498 -0.2647
vn 0.0291 0.9812 -0.1906
vn 0.4943 0.8660 0.0755
vn 0.5141 0.8498 -0.1165
vn 0.8561 0.5000 0.1308
vn 0.8691 0.4906 -0.0622
vn 0.9885 -0.0000 0.1510
vn 0.9991 -0.0000 -0.0424
vn 0.8561 -0.5000 0.1308
vn 0.8692 -0.4906 -0.0622
vn 0.4943 -0.8660 0.0755
vn 0.5141 -0.8498 -0.1165
vn 0.0291 -0.9812 -0.1906
vn -0.4943 -0.8660 -0.0755
vn -0.4559 -0.8498 -0.2647
vn -0.8561 -0.5000 -0.1308
vn -0.8109 -0.4906 -0.3189
vn -0.6430 0.4227 -0.6386
vn -0.7550 -0.0000 -0.6558
vn -0.3372 0.7321 -0.5919
vn 0.0807 0.8454 -0.5281
vn 0.4985 0.7321 -0.4642
vn 0.8044 0.4227 -0.4175
vn 0.9163 -0.0000 -0.4004
vn 0.8044 -0.4227 -0.4175
vn 0.4985 -0.7321 -0.4642
vn 0.0807 -0.8454 -0.5281
vn -0.3371 -0.7321 -0.5919
vn -0.6430 -0.4227 -0.6386
vn -0.4342 0.3212 -0.8416
vn -0.1861 0.1903 -0.9639
vn -0.2366 -0.0000 -0.9716
vn -0.5193 -0.0000 -0.8546
vn -0.2018 0.5563 -0.8061
vn -0.0484 0.3296 -0.9429
vn 0.1157 0.6424 -0.7576
vn 0.1397 0.3806 -0.9141
vn 0.4333 0.5563 -0.7091
vn 0.3278 0.3296 -0.8854
vn 0.6657 0.3212 -0.6735
vn 0.4655 0.1903 -0.8644
vn 0.7508 -0.0000 -0.6605
vn 0.5159 -0.0000 -0.8567
vn 0.6657 -0.3212 -0.6735
vn 0.4655 -0.1903 -0.8644
vn 0.4333 -0.5563 -0.7091
vn 0.3278 -0.3296 -0.8854
vn 0.1158 -0.6424 -0.7576
vn 0.1397 -0.3806 -0.9141
vn -0.2018 -0.5563 -0.8061
vn -0.0484 -0.3296 -0.9429
vn -0.4342 -0.3212 -0.8416
vn -0.1861 -0.1903 -0.9639
vn 0.1196 -0.0000 -0.9928
vn 0.0268 -0.0000 -0.9996
vn 0.0433 0.0622 -0.9971
vn 0.1238 0.0159 -0.9922
vn 0.0883 0.1078 -0.9902
vn 0.1352 0.0275 -0.9904
vn 0.1499 0.1244 -0.9808
vn 0.1510 0.0318 -0.9880
vn 0.2114 0.1078 -0.9714
vn 0.1667 0.0275 -0.9856
vn 0.2564 0.0622 -0.9646
vn 0.1782 0.0159 -0.9839
vn 0.2729 -0.0000 -0.9621
vn 0.1824 -0.0000 -0.9832
vn 0.2564 -0.0622 -0.9646
vn 0.1782 -0.0159 -0.9839
vn 0.2114 -0.1078 -0.9714
vn 0.1667 -0.0275 -0.9856
vn 0.1499 -0.1244 -0.9808
vn 0.1510 -0.0318 -0.9880
vn 0.0884 -0.1078 -0.9902
vn 0.1353 -0.0275 -0.9904
vn 0.0433 -0.0622 -0.9971
vn 0.1238 -0.0159 -0.9922
vn 0.1510 -0.0000 -0.9885
vn -0.9398 -0.0000 0.3416
vn -0.8563 -0.0000 0.5164
vn -0.7416 0.5000 0.4472
vn -0.8273 0.4906 0.2738
vn -0.4282 0.8660 0.2582
vn -0.5197 0.8498 0.0883
vn -0.0996 0.9812 -0.1651
vn 0.4282 0.8660 -0.2582
vn 0.3206 0.8498 -0.4185
vn 0.7416 0.5000 -0.4472
vn 0.6281 0.4906 -0.6039
vn 0.8563 -0.0000 -0.5164
vn 0.7407 -0.0000 -0.6718
vn 0.7416 -0.5000 -0.4472
vn 0.6281 -0.4906 -0.6039
vn 0.4282 -0.8660 -0.2582
vn 0.3206 -0.8498 -0.4185
vn -0.0996 -0.9812 -0.1651
vn -0.4282 -0.8660 0.2582
vn -0.5197 -0.8498 0.0883
vn -0.7416 -0.5000 0.4472
vn -0.8273 -0.4906 0.2738
vn -0.9028 0.4227 -0.0793
vn -0.9998 -0.0000 -0.0209
vn -0.6378 0.7321 -0.2392
vn -0.2759 0.8454 -0.4574
vn 0.0861 0.7321 -0.6757
vn 0.3511 0.4227 -0.8355
vn 0.4480 -0.0000 -0.8940
vn 0.3511 -0.4227 -0.8355
vn 0.0861 -0.7321 -0.6757
vn -0.2759 -0.8454 -0.4574
vn -0.6378 -0.7321 -0.2392
vn -0.9028 -0.4227 -0.0793
vn -0.8722 0.3212 -0.3689
vn -0.7598 0.1903 -0.6217
vn -0.8035 -0.0000 -0.5953
vn -0.9459 -0.0000 -0.3245
vn -0.6708 0.5564 -0.4904
vn -0.6405 0.3296 -0.6936
vn -0.3958 0.6424 -0.6563
vn -0.4776 0.3806 -0.7919
vn -0.1207 0.5564 -0.8221
vn -0.3146 0.3296 -0.8902
vn 0.0806 0.3212 -0.9436
vn -0.1953 0.1903 -0.9621
vn 0.1543 -0.0000 -0.9880
vn -0.1517 -0.0000 -0.9884
vn 0.0806 -0.3212 -0.9436
vn -0.1953 -0.1903 -0.9621
vn -0.1207 -0.5564 -0.8221
vn -0.3146 -0.3296 -0.8902
vn -0.3958 -0.6424 -0.6562
vn -0.4776 -0.3806 -0.7919
vn -0.6708 -0.5564 -0.4904
vn -0.6405 -0.3296 -0.6936
vn -0.8722 -0.3212 -0.3689
vn -0.7598 -0.1903 -0.6217
vn -0.5434 -0.0000 -0.8395
vn -0.6190 -0.0000 -0.7854
vn -0.6047 0.0622 -0.7940
vn -0.5397 0.0159 -0.8417
vn -0.5657 0.1077 -0.8176
vn -0.5298 0.0275 -0.8477
vn -0.5124 0.1244 -0.8497
vn -0.5162 0.0318 -0.8559
vn -0.4591 0.1078 -0.8818
vn -0.5026 0.0275 -0.8641
vn -0.4201 0.0622 -0.9053
vn -0.4926 0.0159 -0.8701
vn -0.4059 -0.0000 -0.9139
vn -0.4889 -0.0000 -0.8723
vn -0.4201 -0.0622 -0.9053
vn -0.4926 -0.0159 -0.8701
vn -0.4591 -0.1078 -0.8818
vn -0.5026 -0.0275 -0.8641
vn -0.5124 -0.1244 -0.8497
vn -0.5162 -0.0318 -0.8559
vn -0.5657 -0.1077 -0.8175
vn -0.5298 -0.0275 -0.8477
vn -0.6047 -0.0622 -0.7940
vn -0.5397 -0.0159 -0.8417
vn -0.5164 -0.0000 -0.8563
vn -0.5212 -0.0000 0.8535
vn -0.3469 -0.0000 0.9379
vn -0.3004 0.5000 0.8123
vn -0.4756 0.4906 0.7302
vn -0.1734 0.8660 0.4690
vn -0.3510 0.8498 0.3933
vn -0.1808 0.9812 -0.0669
vn 0.1734 0.8660 -0.4690
vn -0.0107 0.8498 -0.5270
vn 0.3004 0.5000 -0.8123
vn 0.1139 0.4906 -0.8639
vn 0.3468 -0.0000 -0.9379
vn 0.1595 -0.0000 -0.9872
vn 0.3004 -0.5000 -0.8123
vn 0.1139 -0.4906 -0.8639
vn 0.1734 -0.8660 -0.4690
vn -0.0107 -0.8498 -0.5270
vn -0.1808 -0.9812 -0.0669
vn -0.1734 -0.8660 0.4690
vn -0.3510 -0.8498 0.3933
vn -0.3004 -0.5000 0.8123
vn -0.4756 -0.4906 0.7302
vn -0.7550 0.4227 0.5014
vn -0.7942 -0.0000 0.6076
vn -0.6476 0.7321 0.2112
vn -0.5010 0.8454 -0.1853
vn -0.3544 0.7321 -0.5817
vn -0.2471 0.4227 -0.8719
vn -0.2078 -0.0000 -0.9782
vn -0.2471 -0.4227 -0.8719
vn -0.3544 -0.7321 -0.5817
vn -0.5010 -0.8454 -0.1853
vn -0.6476 -0.7321 0.2112
vn -0.7550 -0.4227 0.5014
vn -0.9117 0.3212 0.2560
vn -0.9817 0.1903 -0.0116
vn -0.9993 -0.0000 0.0362
vn -0.9416 -0.0000 0.3367
vn -0.8302 0.5564 0.0355
vn -0.9333 0.3296 -0.1423
vn -0.7188 0.6424 -0.2658
vn -0.8673 0.3806 -0.3208
vn -0.6074 0.5563 -0.5671
vn -0.8013 0.3296 -0.4992
vn -0.5258 0.3212 -0.7876
vn -0.7530 0.1903 -0.6299
vn -0.4959 -0.0000 -0.8684
vn -0.7353 -0.0000 -0.6777
vn -0.5258 -0.3212 -0.7876
vn -0.7530 -0.1903 -0.6299
vn -0.6074 -0.5563 -0.5671
vn -0.8013 -0.3296 -0.4992
vn -0.7188 -0.6424 -0.2658
vn -0.8673 -0.3806 -0.3207
vn -0.8302 -0.5564 0.0355
vn -0.9333 -0.3296 -0.1423
vn -0.9117 -0.3212 0.2560
vn -0.9817 -0.1903 -0.0116
vn -0.9485 -0.0000 -0.3169
vn -0.9738 -0.0000 -0.2274
vn -0.9680 0.0622 -0.2431
vn -0.9470 0.0159 -0.3209
vn -0.9522 0.1078 -0.2858
vn -0.9430 0.0275 -0.3318
vn -0.9306 0.1244 -0.3441
vn -0.9375 0.0318 -0.3467
vn -0.9090 0.1078 -0.4025
vn -0.9319 0.0275 -0.3616
vn -0.8933 0.0622 -0.4452
vn -0.9279 0.0159 -0.3725
vn -0.8875 -0.0000 -0.4608
vn -0.9264 -0.0000 -0.3765
vn -0.8933 -0.0622 -0.4452
vn -0.9279 -0.0159 -0.3725
vn -0.9090 -0.1078 -0.4025
vn -0.9319 -0.0275 -0.3616
vn -0.9306 -0.1244 -0.3442
vn -0.9375 -0.0318 -0.3467
vn -0.9522 -0.1078 -0.2858
vn -0.9430 -0.0275 -0.3317
vn -0.9680 -0.0622 -0.2431
vn -0.9470 -0.0159 -0.3209
vn -0.9379 -0.0000 -0.3468
vn 0.1289 -0.0000 0.9917
vn 0.3177 -0.0000 0.9482
vn 0.2751 0.5000 0.8212
vn 0.0871 0.4906 0.8670
vn 0.1588 0.8660 0.4741
vn -0.0270 0.8498 0.5264
vn -0.1828 0.9812 0.0612
vn -0.1588 0.8660 -0.4741
vn -0.3386 0.8498 -0.4040
vn -0.2751 0.5000 -0.8212
vn -0.4527 0.4906 -0.7445
vn -0.3176 -0.0000 -0.9482
vn -0.4945 -0.0000 -0.8692
vn -0.2751 -0.5000 -0.8212
vn -0.4527 -0.4906 -0.7445
vn -0.1588 -0.8660 -0.4741
vn -0.3386 -0.8498 -0.4040
vn -0.1828 -0.9812 0.0612
vn 0.1588 -0.8660 0.4741
vn -0.0270 -0.8498 0.5264
vn 0.2751 -0.5000 0.8212
vn 0.0871 -0.4906 0.8670
vn -0.2740 0.4227 0.8639
vn -0.2380 -0.0000 0.9713
vn -0.3723 0.7321 0.5705
vn -0.5065 0.8454 0.1697
vn -0.6408 0.7321 -0.2311
vn -0.7391 0.4227 -0.5245
vn -0.7751 -0.0000 -0.6319
vn -0.7391 -0.4227 -0.5245
vn -0.6408 -0.7321 -0.2311
vn -0.5065 -0.8454 0.1697
vn -0.3723 -0.7321 0.5705
vn -0.2740 -0.4227 0.8639
vn -0.5500 0.3212 0.7709
vn -0.7722 0.1903 0.6062
vn -0.7560 -0.0000 0.6546
vn -0.5226 -0.0000 0.8526
vn -0.6246 0.5564 0.5480
vn -0.8164 0.3296 0.4742
vn -0.7267 0.6424 0.2434
vn -0.8769 0.3806 0.2937
vn -0.8287 0.5563 -0.0612
vn -0.9373 0.3296 0.1133
vn -0.9034 0.3212 -0.2841
vn -0.9815 0.1903 -0.0188
vn -0.9307 -0.0000 -0.3657
vn -0.9977 -0.0000 -0.0672
vn -0.9034 -0.3212 -0.2841
vn -0.9815 -0.1903 -0.0188
vn -0.8287 -0.5563 -0.0612
vn -0.9373 -0.3296 0.1133
vn -0.7267 -0.6424 0.2434
vn -0.8769 -0.3806 0.2937
vn -0.6246 -0.5564 0.5480
vn -0.8164 -0.3296 0.4742
vn -0.5500 -0.3212 0.7710
vn -0.7722 -0.1903 0.6063
vn -0.9376 -0.0000 0.3476
vn -0.9013 -0.0000 0.4331
vn -0.9066 0.0622 0.4173
vn -0.9390 0.0159 0.3436
vn -0.9211 0.1077 0.3742
vn -0.9427 0.0275 0.3325
vn -0.9409 0.1244 0.3152
vn -0.9477 0.0318 0.3175
vn -0.9606 0.1078 0.2562
vn -0.9528 0.0275 0.3024
vn -0.9751 0.0622 0.2130
vn -0.9565 0.0159 0.2914
vn -0.9804 -0.0000 0.1972
vn -0.9578 -0.0000 0.2873
vn -0.9751 -0.0622 0.2130
vn -0.9565 -0.0159 0.2914
vn -0.9606 -0.1078 0.2562
vn -0.9528 -0.0275 0.3024
vn -0.9408 -0.1244 0.3152
vn -0.9477 -0.0318 0.3175
vn -0.9211 -0.1077 0.3742
vn -0.9427 -0.0275 0.3325
vn -0.9066 -0.0622 0.4173
vn -0.9390 -0.0159 0.3436
vn -0.9482 -0.0000 0.3176
vt 0.180756 0.081987
vt 0.176779 0.063987
vt 0.181382 0.060616
vt 0.185260 0.080880
vt 0.163104 0.086752
vt 0.153110 0.059056
vt 0.160875 0.065982
vt 0.167314 0.085505
vt 0.136247 0.095818
vt 0.124455 0.059410
vt 0.132720 0.056698
vt 0.143721 0.093049
vt 0.124350 0.100627
vt 0.116929 0.083946
vt 0.120911 0.079916
vt 0.128706 0.098782
vt 0.105552 0.109078
vt 0.093000 0.082884
vt 0.101665 0.088444
vt 0.108766 0.107521
vt 0.082064 0.121532
vt 0.065054 0.087690
vt 0.072691 0.083761
vt 0.089053 0.117581
vt 0.070778 0.128370
vt 0.061529 0.112834
vt 0.064777 0.108276
vt 0.074630 0.125952
vt 0.055807 0.138243
vt 0.037980 0.115539
vt 0.047336 0.119591
vt 0.059344 0.135786
vt 0.033450 0.155045
vt 0.011434 0.124691
vt 0.018279 0.119628
vt 0.039674 0.150066
vt 0.023520 0.163471
vt 0.012014 0.149832
vt 0.014451 0.144852
vt 0.026888 0.160529
vt 0.511934 0.157039
vt 0.529872 0.132004
vt 0.528501 0.142812
vt 0.515515 0.159918
vt 0.487976 0.139169
vt 0.512570 0.107490
vt 0.519702 0.113137
vt 0.494956 0.144066
vt 0.476293 0.131488
vt 0.486938 0.115565
vt 0.492775 0.116596
vt 0.480361 0.134071
vt 0.460027 0.121667
vt 0.473628 0.094261
vt 0.474011 0.105065
vt 0.463989 0.123930
vt 0.433728 0.107956
vt 0.452770 0.073011
vt 0.460642 0.077427
vt 0.441343 0.111641
vt 0.421063 0.102295
vt 0.428952 0.085005
vt 0.434833 0.085084
vt 0.425459 0.104175
vt 0.403571 0.095268
vt 0.412525 0.066263
vt 0.414620 0.076782
vt 0.407812 0.096854
vt 0.375632 0.086031
vt 0.388713 0.048776
vt 0.397121 0.051858
vt 0.383677 0.088426
vt 0.362328 0.082504
vt 0.367299 0.064316
vt 0.373071 0.063457
vt 0.366932 0.083646
vt 0.344078 0.078410
vt 0.348225 0.048579
vt 0.351954 0.058547
vt 0.348483 0.079287
vt 0.323506 0.074879
vt 0.315247 0.073814
vt 0.322122 0.035247
vt 0.330847 0.036927
vt 0.302158 0.072200
vt 0.303264 0.053877
vt 0.309143 0.052117
vt 0.306930 0.072200
vt 0.283135 0.071711
vt 0.282437 0.041508
vt 0.287680 0.050673
vt 0.287588 0.072200
vt 0.254205 0.071486
vt 0.254749 0.032625
vt 0.263560 0.032880
vt 0.262451 0.071201
vt 0.240656 0.072376
vt 0.239602 0.053815
vt 0.244735 0.051207
vt 0.245324 0.071993
vt 0.222289 0.074279
vt 0.216824 0.045064
vt 0.223435 0.053220
vt 0.226687 0.073719
vt 0.176253 0.083094
vt 0.171784 0.084299
vt 0.166525 0.066670
vt 0.172175 0.067358
vt 0.119996 0.102473
vt 0.114381 0.104998
vt 0.107306 0.088210
vt 0.112947 0.087976
vt 0.066924 0.130788
vt 0.063134 0.133287
vt 0.052808 0.118491
vt 0.058280 0.117390
vt 0.522906 0.166099
vt 0.519211 0.163008
vt 0.531240 0.148096
vt 0.533979 0.153380
vt 0.472224 0.128905
vt 0.468107 0.126418
vt 0.477555 0.109799
vt 0.481100 0.114533
vt 0.416668 0.100413
vt 0.412240 0.098633
vt 0.418846 0.080853
vt 0.423071 0.084925
vt 0.357724 0.081361
vt 0.353104 0.080324
vt 0.356740 0.061860
vt 0.361526 0.065174
vt 0.297386 0.072200
vt 0.292486 0.072200
vt 0.292533 0.053155
vt 0.297386 0.055638
vt 0.235988 0.072760
vt 0.231338 0.073239
vt 0.228953 0.054821
vt 0.234471 0.056423
vt 0.209751 0.076053
vt 0.201930 0.077397
vt 0.196888 0.039390
vt 0.201598 0.038562
vt 0.151129 0.090481
vt 0.137191 0.055141
vt 0.095760 0.113990
vt 0.076754 0.081570
vt 0.045805 0.145399
vt 0.021964 0.116798
vt 0.501594 0.148943
vt 0.523716 0.116085
vt 0.448619 0.115362
vt 0.465046 0.079674
vt 0.391394 0.090912
vt 0.401793 0.053357
vt 0.331459 0.076083
vt 0.335662 0.037651
vt 0.270417 0.071113
vt 0.268390 0.032820
vt 0.188231 0.040777
vt 0.193874 0.078984
vt 0.189567 0.079931
vt 0.184806 0.050697
vt 0.800794 0.107970
vt 0.807456 0.141113
vt 0.798963 0.139774
vt 0.832086 0.183383
vt 0.835552 0.163030
vt 0.842084 0.154915
vt 0.836494 0.184103
vt 0.910188 0.160444
vt 0.898891 0.197657
vt 0.895152 0.196677
vt 0.902901 0.167921
vt 0.866135 0.117018
vt 0.869625 0.150786
vt 0.861251 0.148714
vt 0.891411 0.195696
vt 0.895615 0.175398
vt 0.970375 0.179943
vt 0.955506 0.215921
vt 0.951295 0.214381
vt 0.962376 0.186682
vt 0.930485 0.132383
vt 0.930774 0.166409
vt 0.922674 0.163307
vt 0.947085 0.212842
vt 0.954376 0.193421
vt 0.483088 0.190306
vt 0.497201 0.225258
vt 0.493269 0.227016
vt 0.482139 0.200415
vt 0.993377 0.153987
vt 0.990299 0.187922
vt 0.982574 0.183923
vt 0.489337 0.228775
vt 0.481190 0.210524
vt 0.540649 0.168394
vt 0.551237 0.204867
vt 0.547091 0.206248
vt 0.538672 0.178402
vt 0.481348 0.156691
vt 0.502308 0.182274
vt 0.494331 0.184964
vt 0.542944 0.207628
vt 0.536695 0.188410
vt 0.600320 0.152249
vt 0.607347 0.189715
vt 0.603069 0.190691
vt 0.597370 0.162051
vt 0.542304 0.134598
vt 0.560684 0.162302
vt 0.552447 0.164223
vt 0.598792 0.191669
vt 0.594420 0.171855
vt 0.661494 0.141905
vt 0.664876 0.180045
vt 0.660504 0.180603
vt 0.657595 0.151420
vt 0.605263 0.118650
vt 0.620925 0.148113
vt 0.612494 0.149158
vt 0.656134 0.181162
vt 0.653693 0.160936
vt 0.723688 0.137505
vt 0.723351 0.175979
vt 0.718925 0.176111
vt 0.718858 0.146639
vt 0.669698 0.108793
vt 0.682497 0.139772
vt 0.673988 0.140165
vt 0.714499 0.176244
vt 0.714028 0.155774
vt 0.786254 0.139154
vt 0.782213 0.177577
vt 0.777775 0.177282
vt 0.780547 0.147818
vt 0.735129 0.105202
vt 0.744895 0.137425
vt 0.736347 0.136901
vt 0.773337 0.176987
vt 0.774841 0.156482
vt 0.627431 0.156019
vt 0.633937 0.163925
vt 0.637542 0.183940
vt 0.633209 0.184682
vt 0.890177 0.176277
vt 0.886421 0.194475
vt 0.881430 0.193255
vt 0.884738 0.177156
vt 0.942563 0.211263
vt 0.948867 0.193783
vt 0.485211 0.230710
vt 0.477655 0.214546
vt 0.538543 0.209167
vt 0.532725 0.192032
vt 0.594242 0.192779
vt 0.590099 0.175087
vt 0.651479 0.181827
vt 0.649063 0.163746
vt 0.709777 0.176456
vt 0.709122 0.158134
vt 0.768597 0.176743
vt 0.769711 0.158367
vt 0.796690 0.178845
vt 0.789905 0.178222
vt 0.794848 0.139392
vt 0.855251 0.187476
vt 0.848529 0.186203
vt 0.857169 0.147938
vt 0.912970 0.201665
vt 0.906378 0.199762
vt 0.918691 0.162152
vt 0.969120 0.221236
vt 0.962754 0.218713
vt 0.978726 0.182382
vt 0.510251 0.219798
vt 0.504107 0.222321
vt 0.490604 0.186519
vt 0.564886 0.200665
vt 0.558473 0.202595
vt 0.548559 0.165403
vt 0.621388 0.186843
vt 0.614795 0.188148
vt 0.608500 0.149958
vt 0.679196 0.178537
vt 0.672477 0.179208
vt 0.669906 0.140579
vt 0.737820 0.175856
vt 0.731035 0.175885
vt 0.732232 0.136916
vt 0.628876 0.185424
vt 0.009814 0.076680
vt 0.009762 0.071534
vt 0.011795 0.071534
vt 0.011744 0.076680
vt 0.425988 0.122575
vt 0.393612 0.122575
vt 0.393612 0.117618
vt 0.425988 0.117618
vt 0.067565 0.019567
vt 0.067565 0.024197
vt 0.061891 0.024197
vt 0.061891 0.019567
vt 0.055497 0.019567
vt 0.055497 0.024197
vt 0.049103 0.024197
vt 0.049103 0.019567
vt 0.044071 0.019567
vt 0.044071 0.024197
vt 0.039040 0.024197
vt 0.039040 0.019567
vt 0.057859 0.035498
vt 0.057807 0.030353
vt 0.059840 0.030353
vt 0.059788 0.035498
vt 0.870368 0.110807
vt 0.910167 0.110807
vt 0.910167 0.115435
vt 0.870368 0.115435
vt 0.927688 0.115435
vt 0.927688 0.110807
vt 0.933259 0.110807
vt 0.933259 0.115435
vt 0.938933 0.115435
vt 0.938933 0.110807
vt 0.944608 0.110807
vt 0.944608 0.115435
vt 0.950480 0.115435
vt 0.950480 0.110807
vt 0.956351 0.110807
vt 0.956351 0.115435
vt 0.040210 0.035498
vt 0.040158 0.030353
vt 0.042192 0.030353
vt 0.042140 0.035498
vt 0.000000 0.000000
vt 0.040539 0.000000
vt 0.040539 0.004628
vt 0.000000 0.004628
vt 0.058388 0.004628
vt 0.058388 0.000000
vt 0.064062 0.000000
vt 0.064062 0.004628
vt 0.069736 0.004628
vt 0.069736 0.000000
vt 0.075411 0.000000
vt 0.075411 0.004628
vt 0.081497 0.004628
vt 0.081497 0.000000
vt 0.087584 0.000000
vt 0.087584 0.004628
vt 0.049033 0.035498
vt 0.048982 0.030353
vt 0.051015 0.030353
vt 0.050964 0.035498
vt 0.805318 0.102171
vt 0.845854 0.102171
vt 0.845854 0.106798
vt 0.805318 0.106798
vt 0.863703 0.106798
vt 0.863703 0.102171
vt 0.869377 0.102171
vt 0.869377 0.106798
vt 0.875051 0.106798
vt 0.875051 0.102171
vt 0.880726 0.102171
vt 0.880726 0.106798
vt 0.886812 0.106798
vt 0.886812 0.102171
vt 0.892899 0.102171
vt 0.892899 0.106798
vt 0.042171 0.047265
vt 0.042119 0.042119
vt 0.044153 0.042119
vt 0.044101 0.047265
vt 0.203533 0.090589
vt 0.175300 0.118822
vt 0.172028 0.115550
vt 0.200261 0.087317
vt 0.159597 0.127981
vt 0.162869 0.131253
vt 0.158917 0.135205
vt 0.155644 0.131933
vt 0.151692 0.135885
vt 0.154965 0.139157
vt 0.151013 0.143109
vt 0.147740 0.139837
vt 0.143501 0.144076
vt 0.146774 0.147348
vt 0.142534 0.151588
vt 0.139261 0.148316
vt 0.050995 0.047265
vt 0.050943 0.042119
vt 0.052976 0.042119
vt 0.052926 0.047265
vt 0.423396 0.179905
vt 0.395163 0.151671
vt 0.398435 0.148399
vt 0.426669 0.176632
vt 0.386005 0.135968
vt 0.382732 0.139240
vt 0.378780 0.135288
vt 0.382052 0.132016
vt 0.378100 0.128064
vt 0.374828 0.131336
vt 0.370876 0.127384
vt 0.374148 0.124112
vt 0.369909 0.119873
vt 0.366637 0.123145
vt 0.362397 0.118905
vt 0.365669 0.115633
vt 0.042171 0.059031
vt 0.042119 0.053885
vt 0.044152 0.053885
vt 0.044100 0.059031
vt 0.323589 0.085767
vt 0.351823 0.114001
vt 0.348550 0.117274
vt 0.320316 0.089040
vt 0.360981 0.129705
vt 0.364254 0.126432
vt 0.368206 0.130384
vt 0.364933 0.133657
vt 0.368886 0.137609
vt 0.372158 0.134336
vt 0.376110 0.138288
vt 0.372838 0.141561
vt 0.377077 0.145800
vt 0.380349 0.142527
vt 0.384589 0.146767
vt 0.381317 0.150040
vt 0.059820 0.047265
vt 0.059768 0.042119
vt 0.061801 0.042119
vt 0.061749 0.047265
vt 0.000000 0.008637
vt 0.040539 0.008637
vt 0.040539 0.013264
vt 0.000000 0.013264
vt 0.058388 0.013264
vt 0.058388 0.008637
vt 0.064063 0.008637
vt 0.064063 0.013264
vt 0.069737 0.013264
vt 0.069737 0.008637
vt 0.075411 0.008637
vt 0.075411 0.013264
vt 0.081498 0.013264
vt 0.081498 0.008637
vt 0.087585 0.008637
vt 0.087585 0.013264
vt 0.000988 0.073738
vt 0.000937 0.068593
vt 0.002970 0.068593
vt 0.002919 0.073738
vt 0.998878 0.124071
vt 0.958946 0.124071
vt 0.958946 0.119444
vt 0.998878 0.119444
vt 0.941366 0.119444
vt 0.941366 0.124071
vt 0.935777 0.124071
vt 0.935777 0.119444
vt 0.930188 0.119444
vt 0.930188 0.124071
vt 0.924599 0.124071
vt 0.924599 0.119444
vt 0.918603 0.119444
vt 0.918603 0.124071
vt 0.912608 0.124071
vt 0.912608 0.119444
vt 0.122683 0.069662
vt 0.132476 0.097300
vt 0.064916 0.097983
vt 0.078347 0.123742
vt 0.012942 0.134772
vt 0.030169 0.157786
vt 0.502673 0.112043
vt 0.484168 0.136620
vt 0.443801 0.079048
vt 0.429594 0.106066
vt 0.380892 0.056116
vt 0.371283 0.084838
vt 0.315632 0.043682
vt 0.311088 0.073007
vt 0.249742 0.041916
vt 0.249764 0.071740
vt 0.804371 0.179642
vt 0.158894 0.087997
vt 0.145346 0.052129
vt 0.388964 0.122575
vt 0.388964 0.117618
vt 0.000937 0.024197
vt 0.000937 0.019567
vt 0.916143 0.110807
vt 0.916143 0.115435
vt 0.998248 0.110807
vt 0.998248 0.115435
vt 0.046627 0.000000
vt 0.046627 0.004628
vt 0.129051 0.000000
vt 0.129051 0.004628
vt 0.851942 0.102171
vt 0.851942 0.106798
vt 0.934366 0.102171
vt 0.934366 0.106798
vt 0.171061 0.123061
vt 0.167788 0.119789
vt 0.114301 0.179821
vt 0.111029 0.176548
vt 0.390924 0.147432
vt 0.394196 0.144160
vt 0.334164 0.090673
vt 0.337437 0.087400
vt 0.356062 0.118240
vt 0.352790 0.121513
vt 0.412822 0.175000
vt 0.409550 0.178273
vt 0.046627 0.008637
vt 0.046627 0.013264
vt 0.129052 0.008637
vt 0.129052 0.013264
vt 0.952951 0.124071
vt 0.952951 0.119444
vt 0.872676 0.124071
vt 0.872676 0.119444
vt 0.190471 0.084059
vt 0.194730 0.083125
vt 0.172879 0.088367
vt 0.177301 0.087175
vt 0.152454 0.094474
vt 0.160129 0.092019
vt 0.134011 0.101201
vt 0.137739 0.099737
vt 0.116098 0.108809
vt 0.121663 0.106309
vt 0.097682 0.117679
vt 0.102340 0.110634
vt 0.104187 0.114366
vt 0.080461 0.127306
vt 0.084139 0.125123
vt 0.065406 0.136737
vt 0.069157 0.134265
vt 0.048263 0.148711
vt 0.052270 0.140699
vt 0.054657 0.144065
vt 0.516404 0.166402
vt 0.520093 0.169476
vt 0.498938 0.152460
vt 0.508353 0.154159
vt 0.505623 0.157619
vt 0.481722 0.140266
vt 0.485487 0.142790
vt 0.465842 0.130163
vt 0.469916 0.132624
vt 0.446575 0.119229
vt 0.456065 0.119404
vt 0.453936 0.123221
vt 0.427779 0.110026
vt 0.431867 0.111898
vt 0.410618 0.102661
vt 0.415000 0.104423
vt 0.390008 0.095023
vt 0.399330 0.093683
vt 0.397853 0.097760
vt 0.370136 0.089006
vt 0.374438 0.090188
vt 0.352158 0.084527
vt 0.356729 0.085555
vt 0.330757 0.080330
vt 0.339673 0.077533
vt 0.338875 0.081761
vt 0.310835 0.077603
vt 0.314739 0.078076
vt 0.292383 0.076082
vt 0.297386 0.076360
vt 0.270405 0.075374
vt 0.278683 0.071222
vt 0.278574 0.075487
vt 0.250015 0.075999
vt 0.254409 0.075740
vt 0.231772 0.077473
vt 0.236374 0.077000
vt 0.210418 0.080247
vt 0.217890 0.074839
vt 0.218467 0.079048
vt 0.181757 0.086085
vt 0.186212 0.084994
vt 0.125973 0.104487
vt 0.130284 0.102666
vt 0.072970 0.131877
vt 0.076784 0.129489
vt 0.026177 0.166562
vt 0.029539 0.163648
vt 0.473937 0.135184
vt 0.477959 0.137743
vt 0.419345 0.106289
vt 0.423691 0.108154
vt 0.361282 0.086690
vt 0.365836 0.087823
vt 0.302158 0.076745
vt 0.306930 0.077131
vt 0.240998 0.076630
vt 0.245621 0.076259
vt 0.202691 0.081569
vt 0.145132 0.097005
vt 0.091052 0.121225
vt 0.042201 0.153317
vt 0.492384 0.147638
vt 0.439392 0.115547
vt 0.382387 0.092562
vt 0.322902 0.079135
vt 0.262548 0.075441
vt 0.164293 0.090788
vt 0.168457 0.089559
vt 0.107359 0.112838
vt 0.110531 0.111309
vt 0.058156 0.141638
vt 0.061655 0.139209
vt 0.036042 0.158228
vt 0.509168 0.160474
vt 0.512715 0.163329
vt 0.457852 0.125461
vt 0.461769 0.127702
vt 0.402045 0.099330
vt 0.406238 0.100901
vt 0.343231 0.082631
vt 0.347587 0.083501
vt 0.282978 0.075645
vt 0.287380 0.075803
vt 0.222819 0.078497
vt 0.227170 0.077946
vt 0.020229 0.622298
vt 0.019312 0.623015
vt 0.016514 0.619610
vt 0.017468 0.618939
vt 0.033013 0.635046
vt 0.032271 0.635938
vt 0.028681 0.632991
vt 0.029471 0.632138
vt 0.050903 0.646597
vt 0.050407 0.647648
vt 0.043186 0.643792
vt 0.043779 0.642792
vt 0.069615 0.652626
vt 0.069377 0.653761
vt 0.065381 0.652929
vt 0.065672 0.651806
vt 0.089075 0.654325
vt 0.089095 0.655484
vt 0.082873 0.655550
vt 0.082950 0.654390
vt 0.109449 0.651502
vt 0.109761 0.652622
vt 0.102459 0.654339
vt 0.102247 0.653196
vt 0.127846 0.643734
vt 0.128411 0.644746
vt 0.124571 0.646911
vt 0.124059 0.645869
vt 0.142620 0.633359
vt 0.143388 0.634229
vt 0.139861 0.637252
vt 0.139141 0.636341
vt 0.157102 0.617747
vt 0.158070 0.618400
vt 0.153017 0.624842
vt 0.152118 0.624100
vt 0.166355 0.599847
vt 0.167450 0.600255
vt 0.165900 0.604381
vt 0.164826 0.603917
vt 0.171003 0.582403
vt 0.172163 0.582571
vt 0.171404 0.587153
vt 0.170255 0.586924
vt 0.172062 0.561134
vt 0.173236 0.561008
vt 0.173505 0.569191
vt 0.172328 0.569204
vt 0.167644 0.541475
vt 0.168757 0.541078
vt 0.170222 0.545236
vt 0.169089 0.545575
vt 0.159993 0.525123
vt 0.161000 0.524502
vt 0.163365 0.528500
vt 0.162326 0.529067
vt 0.147131 0.508150
vt 0.147962 0.507295
vt 0.153428 0.513390
vt 0.152523 0.514162
vt 0.131111 0.495929
vt 0.131721 0.494907
vt 0.135515 0.497149
vt 0.134853 0.498142
vt 0.114739 0.488323
vt 0.115123 0.487194
vt 0.119505 0.488737
vt 0.119061 0.489845
vt 0.093977 0.483587
vt 0.094076 0.482394
vt 0.102180 0.483549
vt 0.101971 0.484727
vt 0.073849 0.484524
vt 0.073670 0.483343
vt 0.078019 0.482622
vt 0.078139 0.483813
vt 0.056417 0.489220
vt 0.055999 0.488104
vt 0.060347 0.486469
vt 0.060707 0.487608
vt 0.037469 0.498938
vt 0.036789 0.497956
vt 0.043740 0.493631
vt 0.044326 0.494672
vt 0.022653 0.512593
vt 0.021768 0.511799
vt 0.024636 0.508453
vt 0.025481 0.509292
vt 0.012318 0.527396
vt 0.011292 0.526806
vt 0.013571 0.522758
vt 0.014567 0.523403
vt 0.004049 0.547020
vt 0.002909 0.546700
vt 0.005453 0.538920
vt 0.006559 0.539345
vt 0.001476 0.567004
vt 0.000301 0.566961
vt 0.000346 0.562553
vt 0.001521 0.562657
vt 0.003075 0.584987
vt 0.001921 0.585191
vt 0.001066 0.580623
vt 0.002231 0.580483
vt 0.009354 0.605335
vt 0.008287 0.605819
vt 0.005235 0.598222
vt 0.006344 0.597842
vt 0.026230 0.628898
vt 0.025396 0.629705
vt 0.022111 0.626421
vt 0.022990 0.625658
vt 0.078254 0.653918
vt 0.078123 0.655071
vt 0.073375 0.654592
vt 0.073557 0.653446
vt 0.135388 0.638970
vt 0.136056 0.639917
vt 0.132251 0.642582
vt 0.131634 0.641599
vt 0.169070 0.591350
vt 0.170203 0.591641
vt 0.169000 0.596128
vt 0.167885 0.595777
vt 0.164263 0.533220
vt 0.165329 0.532711
vt 0.167292 0.536921
vt 0.166200 0.537373
vt 0.123215 0.491781
vt 0.123716 0.490701
vt 0.127926 0.492663
vt 0.127368 0.493718
vt 0.065133 0.486421
vt 0.064835 0.485267
vt 0.069321 0.484064
vt 0.069560 0.485234
vt 0.017195 0.519649
vt 0.016236 0.518952
vt 0.018900 0.515147
vt 0.019823 0.515896
vt 0.001831 0.575918
vt 0.000661 0.575996
vt 0.000255 0.571368
vt 0.001432 0.571352
vt 0.012986 0.612222
vt 0.011970 0.612800
vt 0.058092 0.649538
vt 0.057696 0.650630
vt 0.116685 0.649118
vt 0.117097 0.650204
vt 0.161251 0.611158
vt 0.162276 0.611721
vt 0.171004 0.553420
vt 0.172163 0.553189
vt 0.141364 0.502921
vt 0.142114 0.501993
vt 0.086197 0.483289
vt 0.086188 0.482092
vt 0.031318 0.503711
vt 0.030553 0.502795
vt 0.002404 0.554631
vt 0.001242 0.554415
vt 0.040167 0.640373
vt 0.039524 0.641339
vt 0.035861 0.638887
vt 0.036554 0.637954
vt 0.098724 0.653728
vt 0.098888 0.654878
vt 0.095316 0.655417
vt 0.095201 0.654260
vt 0.149108 0.627239
vt 0.149967 0.628023
vt 0.146915 0.631205
vt 0.146099 0.630376
vt 0.172040 0.573544
vt 0.173214 0.573588
vt 0.172921 0.577987
vt 0.171752 0.577882
vt 0.155092 0.517670
vt 0.156032 0.516947
vt 0.158635 0.520504
vt 0.157659 0.521179
vt 0.106194 0.485764
vt 0.106460 0.484600
vt 0.110741 0.485652
vt 0.110416 0.486801
vt 0.048227 0.492753
vt 0.047696 0.491685
vt 0.051650 0.489739
vt 0.052128 0.490833
vt 0.008314 0.535366
vt 0.007232 0.534887
vt 0.009011 0.530853
vt 0.010069 0.531388
vt 0.005131 0.593667
vt 0.004005 0.593989
vt 0.002776 0.589756
vt 0.003918 0.589492
vt 0.761133 0.016995
vt 0.756786 0.016994
vt 0.756786 0.009567
vt 0.761134 0.009567
vt 0.779464 0.016997
vt 0.774882 0.016995
vt 0.774882 0.009568
vt 0.779464 0.009568
vt 0.796235 0.016997
vt 0.788160 0.016997
vt 0.788160 0.009569
vt 0.796235 0.009569
vt 0.819969 0.016999
vt 0.815942 0.016999
vt 0.815942 0.009570
vt 0.819970 0.009570
vt 0.835700 0.009570
vt 0.835535 0.016997
vt 0.829409 0.016999
vt 0.829740 0.009571
vt 0.856185 0.016993
vt 0.848787 0.016995
vt 0.848785 0.009567
vt 0.856183 0.009566
vt 0.880558 0.016989
vt 0.876209 0.016989
vt 0.876208 0.009562
vt 0.880556 0.009561
vt 0.898887 0.016985
vt 0.894305 0.016986
vt 0.894304 0.009559
vt 0.898886 0.009558
vt 0.915659 0.016982
vt 0.907583 0.016983
vt 0.907582 0.009556
vt 0.915658 0.009555
vt 0.940216 0.016977
vt 0.935868 0.016978
vt 0.935867 0.009551
vt 0.940214 0.009550
vt 0.421513 0.016976
vt 0.416931 0.016976
vt 0.416931 0.009547
vt 0.421514 0.009549
vt 0.438284 0.016977
vt 0.430209 0.016976
vt 0.430210 0.009549
vt 0.438284 0.009550
vt 0.462841 0.016978
vt 0.458494 0.016978
vt 0.458494 0.009551
vt 0.462842 0.009551
vt 0.481172 0.016979
vt 0.476589 0.016979
vt 0.476589 0.009552
vt 0.481172 0.009552
vt 0.497943 0.016980
vt 0.489868 0.016980
vt 0.489868 0.009552
vt 0.497943 0.009553
vt 0.522500 0.016981
vt 0.518152 0.016981
vt 0.518152 0.009554
vt 0.522500 0.009554
vt 0.540830 0.016983
vt 0.536247 0.016982
vt 0.536248 0.009555
vt 0.540831 0.009555
vt 0.557601 0.016983
vt 0.549525 0.016983
vt 0.549526 0.009556
vt 0.557602 0.009556
vt 0.582159 0.016985
vt 0.577810 0.016985
vt 0.577810 0.009557
vt 0.582159 0.009557
vt 0.600489 0.016986
vt 0.595906 0.016986
vt 0.595906 0.009558
vt 0.600489 0.009558
vt 0.617260 0.016987
vt 0.609184 0.016986
vt 0.609184 0.009559
vt 0.617260 0.009559
vt 0.641816 0.016988
vt 0.637469 0.016988
vt 0.637469 0.009560
vt 0.641818 0.009561
vt 0.660147 0.016989
vt 0.655564 0.016989
vt 0.655565 0.009561
vt 0.660147 0.009562
vt 0.676918 0.016990
vt 0.668843 0.016990
vt 0.668843 0.009562
vt 0.676919 0.009563
vt 0.701475 0.016991
vt 0.697127 0.016991
vt 0.697128 0.009564
vt 0.701475 0.009564
vt 0.719805 0.016992
vt 0.715223 0.016992
vt 0.715223 0.009565
vt 0.719806 0.009565
vt 0.736576 0.016993
vt 0.728501 0.016993
vt 0.728502 0.009565
vt 0.736576 0.009566
vt 0.770299 0.016995
vt 0.765717 0.016995
vt 0.765717 0.009567
vt 0.770299 0.009568
vt 0.824855 0.009571
vt 0.824689 0.016999
vt 0.889722 0.016987
vt 0.885140 0.016988
vt 0.885139 0.009560
vt 0.889721 0.009560
vt 0.949381 0.016976
vt 0.944799 0.016976
vt 0.944797 0.009549
vt 0.949379 0.009547
vt 0.472007 0.016979
vt 0.467425 0.016978
vt 0.467425 0.009551
vt 0.472007 0.009551
vt 0.531665 0.016982
vt 0.527082 0.016982
vt 0.527083 0.009554
vt 0.531666 0.009555
vt 0.591324 0.016985
vt 0.586741 0.016985
vt 0.586741 0.009558
vt 0.591324 0.009558
vt 0.650981 0.016989
vt 0.646399 0.016988
vt 0.646400 0.009561
vt 0.650982 0.009561
vt 0.710640 0.016992
vt 0.706058 0.016992
vt 0.706058 0.009564
vt 0.710640 0.009565
vt 0.744363 0.016994
vt 0.744363 0.009566
vt 0.804003 0.016997
vt 0.804003 0.009570
vt 0.863804 0.016992
vt 0.863803 0.009565
vt 0.923445 0.016980
vt 0.923443 0.009553
vt 0.446071 0.016977
vt 0.446071 0.009550
vt 0.505729 0.016981
vt 0.505730 0.009553
vt 0.565387 0.016984
vt 0.565387 0.009557
vt 0.625045 0.016987
vt 0.625046 0.009560
vt 0.684704 0.016990
vt 0.684704 0.009563
vt 0.752437 0.016994
vt 0.752438 0.009567
vt 0.783811 0.016997
vt 0.783812 0.009568
vt 0.811915 0.016997
vt 0.811915 0.009570
vt 0.845223 0.016995
vt 0.845222 0.009568
vt 0.871862 0.016990
vt 0.871860 0.009563
vt 0.903236 0.016984
vt 0.903234 0.009557
vt 0.931520 0.016979
vt 0.931518 0.009552
vt 0.425861 0.016976
vt 0.425861 0.009549
vt 0.454145 0.016978
vt 0.454146 0.009550
vt 0.485519 0.016979
vt 0.485520 0.009552
vt 0.513804 0.016981
vt 0.513804 0.009554
vt 0.545178 0.016983
vt 0.545178 0.009555
vt 0.573463 0.016984
vt 0.573463 0.009557
vt 0.604837 0.016986
vt 0.604837 0.009559
vt 0.633121 0.016988
vt 0.633122 0.009560
vt 0.664495 0.016989
vt 0.664495 0.009562
vt 0.692780 0.016991
vt 0.692780 0.009563
vt 0.724154 0.016993
vt 0.724154 0.009565
vt 0.752919 0.021008
vt 0.752919 0.024814
vt 0.748175 0.024814
vt 0.748175 0.021008
vt 0.770928 0.021008
vt 0.770928 0.024814
vt 0.766506 0.024814
vt 0.766506 0.021008
vt 0.792374 0.021008
vt 0.792374 0.024814
vt 0.784838 0.024814
vt 0.784838 0.021008
vt 0.810465 0.021008
vt 0.810465 0.024814
vt 0.805929 0.024814
vt 0.805929 0.021008
vt 0.829711 0.021008
vt 0.829711 0.024814
vt 0.824410 0.024814
vt 0.824410 0.021008
vt 0.850451 0.021008
vt 0.850451 0.024814
vt 0.843359 0.024814
vt 0.843359 0.021008
vt 0.868751 0.021008
vt 0.868751 0.024814
vt 0.864009 0.024814
vt 0.864009 0.021008
vt 0.886761 0.021008
vt 0.886761 0.024814
vt 0.882339 0.024814
vt 0.882339 0.021008
vt 0.908210 0.021008
vt 0.908210 0.024814
vt 0.900671 0.024814
vt 0.900671 0.021008
vt 0.926630 0.021008
vt 0.926630 0.024814
vt 0.921886 0.024814
vt 0.921886 0.021008
vt 0.423649 0.021008
vt 0.423649 0.024814
vt 0.419227 0.024814
vt 0.419227 0.021008
vt 0.445097 0.021008
vt 0.445097 0.024814
vt 0.437559 0.024814
vt 0.437559 0.021008
vt 0.463517 0.021008
vt 0.463517 0.024814
vt 0.458774 0.024814
vt 0.458774 0.021008
vt 0.481529 0.021008
vt 0.481529 0.024814
vt 0.477106 0.024814
vt 0.477106 0.021008
vt 0.502977 0.021008
vt 0.502977 0.024814
vt 0.495439 0.024814
vt 0.495439 0.021008
vt 0.521398 0.021008
vt 0.521398 0.024814
vt 0.516654 0.024814
vt 0.516654 0.021008
vt 0.539410 0.021008
vt 0.539410 0.024814
vt 0.534988 0.024814
vt 0.534988 0.021008
vt 0.560860 0.021008
vt 0.560860 0.024814
vt 0.553320 0.024814
vt 0.553320 0.021008
vt 0.579280 0.021008
vt 0.579280 0.024814
vt 0.574536 0.024814
vt 0.574536 0.021008
vt 0.597292 0.021008
vt 0.597292 0.024814
vt 0.592870 0.024814
vt 0.592870 0.021008
vt 0.618741 0.021008
vt 0.618741 0.024814
vt 0.611203 0.024814
vt 0.611203 0.021008
vt 0.637162 0.021008
vt 0.637162 0.024814
vt 0.632417 0.024814
vt 0.632417 0.021008
vt 0.655173 0.021008
vt 0.655173 0.024814
vt 0.650751 0.024814
vt 0.650751 0.021008
vt 0.676621 0.021008
vt 0.676621 0.024814
vt 0.669084 0.024814
vt 0.669084 0.021008
vt 0.695042 0.021008
vt 0.695042 0.024814
vt 0.690298 0.024814
vt 0.690298 0.021008
vt 0.713053 0.021008
vt 0.713053 0.024814
vt 0.708630 0.024814
vt 0.708630 0.021008
vt 0.734500 0.021008
vt 0.734500 0.024814
vt 0.726962 0.024814
vt 0.726962 0.021008
vt 0.762084 0.021008
vt 0.762084 0.024814
vt 0.757663 0.024814
vt 0.757663 0.021008
vt 0.819705 0.021008
vt 0.819705 0.024814
vt 0.815000 0.024814
vt 0.815000 0.021008
vt 0.877917 0.021008
vt 0.877917 0.024814
vt 0.873496 0.024814
vt 0.873496 0.021008
vt 0.935796 0.021008
vt 0.935796 0.024814
vt 0.931373 0.024814
vt 0.931373 0.021008
vt 0.472684 0.021008
vt 0.472684 0.024814
vt 0.468261 0.024814
vt 0.468261 0.021008
vt 0.530565 0.021008
vt 0.530565 0.024814
vt 0.526143 0.024814
vt 0.526143 0.021008
vt 0.588447 0.021008
vt 0.588447 0.024814
vt 0.584024 0.024814
vt 0.584024 0.021008
vt 0.646328 0.021008
vt 0.646328 0.024814
vt 0.641906 0.024814
vt 0.641906 0.021008
vt 0.704208 0.021008
vt 0.704208 0.024814
vt 0.699786 0.024814
vt 0.699786 0.021008
vt 0.740638 0.021008
vt 0.740638 0.024814
vt 0.798501 0.021008
vt 0.798501 0.024814
vt 0.856483 0.021008
vt 0.856483 0.024814
vt 0.914347 0.021008
vt 0.914347 0.024814
vt 0.451236 0.021008
vt 0.451236 0.024814
vt 0.509116 0.021008
vt 0.509116 0.024814
vt 0.566998 0.021008
vt 0.566998 0.024814
vt 0.624880 0.021008
vt 0.624880 0.024814
vt 0.682760 0.021008
vt 0.682760 0.024814
vt 0.780094 0.021008
vt 0.780094 0.024814
vt 0.775350 0.024814
vt 0.775350 0.021008
vt 0.839186 0.021008
vt 0.839186 0.024814
vt 0.835013 0.024814
vt 0.835013 0.021008
vt 0.895927 0.021008
vt 0.895927 0.024814
vt 0.891183 0.024814
vt 0.891183 0.021008
vt 0.432815 0.021008
vt 0.432815 0.024814
vt 0.428071 0.024814
vt 0.428071 0.021008
vt 0.490695 0.021008
vt 0.490695 0.024814
vt 0.485951 0.024814
vt 0.485951 0.021008
vt 0.548576 0.021008
vt 0.548576 0.024814
vt 0.543832 0.024814
vt 0.543832 0.021008
vt 0.606459 0.021008
vt 0.606459 0.024814
vt 0.601715 0.024814
vt 0.601715 0.021008
vt 0.664340 0.021008
vt 0.664340 0.024814
vt 0.659596 0.024814
vt 0.659596 0.021008
vt 0.722219 0.021008
vt 0.722219 0.024814
vt 0.717475 0.024814
vt 0.717475 0.021008
vt 0.806827 0.201945
vt 0.805542 0.212468
vt 0.801490 0.211973
vt 0.802702 0.201443
vt 0.823973 0.204281
vt 0.822386 0.214774
vt 0.818126 0.214130
vt 0.819637 0.203629
vt 0.844139 0.207648
vt 0.842193 0.218096
vt 0.834714 0.216754
vt 0.836524 0.206287
vt 0.862651 0.211399
vt 0.860380 0.221788
vt 0.856674 0.220978
vt 0.858878 0.210576
vt 0.881358 0.215798
vt 0.878755 0.226119
vt 0.873570 0.224813
vt 0.876075 0.214477
vt 0.900099 0.220797
vt 0.897167 0.231047
vt 0.890440 0.229165
vt 0.893252 0.218886
vt 0.918523 0.226384
vt 0.915268 0.236548
vt 0.911354 0.235294
vt 0.914539 0.225110
vt 0.935034 0.231918
vt 0.931497 0.241998
vt 0.927403 0.240562
vt 0.930870 0.230460
vt 0.954337 0.239002
vt 0.950486 0.248984
vt 0.943328 0.246266
vt 0.947066 0.236247
vt 0.972370 0.246238
vt 0.968301 0.256126
vt 0.964479 0.254550
vt 0.968517 0.244641
vt 0.493574 0.249959
vt 0.497665 0.259393
vt 0.493810 0.261068
vt 0.489705 0.251663
vt 0.511790 0.242162
vt 0.515710 0.251742
vt 0.508862 0.254588
vt 0.504853 0.245063
vt 0.529349 0.235247
vt 0.533000 0.244961
vt 0.529259 0.246367
vt 0.525544 0.236682
vt 0.545282 0.229493
vt 0.548669 0.239320
vt 0.544678 0.240694
vt 0.541223 0.230896
vt 0.564322 0.223251
vt 0.567378 0.233211
vt 0.560272 0.235442
vt 0.557089 0.225530
vt 0.582572 0.217979
vt 0.585306 0.228048
vt 0.581427 0.229099
vt 0.578625 0.219052
vt 0.599065 0.213740
vt 0.601519 0.223901
vt 0.597394 0.224896
vt 0.594872 0.214757
vt 0.618692 0.209339
vt 0.620780 0.219571
vt 0.613481 0.221110
vt 0.611250 0.210922
vt 0.637423 0.205847
vt 0.639168 0.216162
vt 0.635197 0.216833
vt 0.633378 0.206533
vt 0.654308 0.203234
vt 0.655750 0.213612
vt 0.651538 0.214197
vt 0.650019 0.203836
vt 0.674351 0.200762
vt 0.675434 0.211206
vt 0.667976 0.212030
vt 0.666756 0.201610
vt 0.692913 0.199104
vt 0.694168 0.209594
vt 0.690129 0.209878
vt 0.688732 0.199104
vt 0.710571 0.198136
vt 0.711006 0.208656
vt 0.706735 0.208833
vt 0.706223 0.198321
vt 0.730854 0.197610
vt 0.730926 0.208158
vt 0.723387 0.208259
vt 0.723177 0.197720
vt 0.750084 0.197798
vt 0.749811 0.208354
vt 0.745746 0.208249
vt 0.745946 0.197692
vt 0.767309 0.198485
vt 0.766730 0.209040
vt 0.762446 0.208806
vt 0.762947 0.198250
vt 0.787629 0.199912
vt 0.786688 0.210460
vt 0.779144 0.209836
vt 0.779947 0.199284
vt 0.815295 0.203039
vt 0.813860 0.213547
vt 0.809594 0.212964
vt 0.810953 0.202447
vt 0.871250 0.213349
vt 0.868828 0.223705
vt 0.864087 0.222598
vt 0.866424 0.212222
vt 0.926688 0.229059
vt 0.923293 0.239181
vt 0.919183 0.237802
vt 0.922507 0.227659
vt 0.980254 0.249535
vt 0.976150 0.259386
vt 0.972122 0.257703
vt 0.976224 0.247834
vt 0.537188 0.232355
vt 0.540710 0.242125
vt 0.536743 0.243555
vt 0.533154 0.233813
vt 0.590695 0.215831
vt 0.593288 0.225946
vt 0.589183 0.226997
vt 0.586518 0.216905
vt 0.645743 0.204498
vt 0.647339 0.214844
vt 0.643140 0.215491
vt 0.641468 0.205160
vt 0.701658 0.198712
vt 0.702470 0.209071
vt 0.698207 0.209310
vt 0.697094 0.199104
vt 0.758585 0.198077
vt 0.758161 0.208633
vt 0.753876 0.208460
vt 0.754224 0.197903
vt 0.795031 0.200614
vt 0.793957 0.211154
vt 0.851449 0.209051
vt 0.849375 0.219479
vt 0.907128 0.222848
vt 0.904074 0.233066
vt 0.961315 0.241736
vt 0.957365 0.251681
vt 0.518521 0.239433
vt 0.522345 0.249066
vt 0.571328 0.221144
vt 0.574259 0.231148
vt 0.625890 0.207912
vt 0.627845 0.218180
vt 0.681690 0.200043
vt 0.682641 0.210506
vt 0.738260 0.197601
vt 0.738199 0.208154
vt 0.832417 0.205610
vt 0.830680 0.216086
vt 0.826646 0.215418
vt 0.828309 0.204934
vt 0.889946 0.218003
vt 0.887190 0.228294
vt 0.883942 0.227425
vt 0.886639 0.217119
vt 0.943131 0.234811
vt 0.939459 0.244851
vt 0.935591 0.243436
vt 0.939198 0.233376
vt 0.501148 0.246657
vt 0.505191 0.256153
vt 0.501520 0.257717
vt 0.497444 0.248253
vt 0.553216 0.226809
vt 0.556466 0.236694
vt 0.552659 0.237946
vt 0.549342 0.228088
vt 0.607255 0.211823
vt 0.609562 0.222008
vt 0.605645 0.222907
vt 0.603258 0.212724
vt 0.662676 0.202121
vt 0.663970 0.212528
vt 0.659963 0.213026
vt 0.658596 0.202634
vt 0.719047 0.197837
vt 0.719331 0.208369
vt 0.715275 0.208479
vt 0.714918 0.197953
vt 0.775809 0.199002
vt 0.775079 0.209556
vt 0.771016 0.209275
vt 0.771672 0.198720
vt 0.631270 0.196645
vt 0.623784 0.198042
vt 0.635450 0.195932
vt 0.642183 0.183217
vt 0.644077 0.194527
vt 0.639628 0.195220
vt 0.652990 0.193204
vt 0.657453 0.192574
vt 0.661668 0.192041
vt 0.665883 0.191508
vt 0.673478 0.190667
vt 0.680524 0.189968
vt 0.686819 0.177850
vt 0.688732 0.188998
vt 0.691224 0.177530
vt 0.692913 0.188998
vt 0.695630 0.177211
vt 0.700343 0.176940
vt 0.701387 0.188586
vt 0.697094 0.188998
vt 0.710206 0.187979
vt 0.714731 0.187784
vt 0.718998 0.187661
vt 0.723266 0.187537
vt 0.730944 0.187433
vt 0.738056 0.187417
vt 0.745509 0.175914
vt 0.745742 0.187491
vt 0.749945 0.176021
vt 0.750019 0.187598
vt 0.754380 0.176130
vt 0.759119 0.176314
vt 0.758837 0.187882
vt 0.754296 0.187705
vt 0.767920 0.188301
vt 0.772461 0.188543
vt 0.776738 0.188830
vt 0.781016 0.189118
vt 0.788699 0.189753
vt 0.795810 0.190421
vt 0.803484 0.191234
vt 0.808795 0.180175
vt 0.807749 0.191750
vt 0.813219 0.180709
vt 0.817938 0.181348
vt 0.816535 0.192879
vt 0.812012 0.192267
vt 0.825572 0.194167
vt 0.827372 0.182685
vt 0.830087 0.194843
vt 0.834334 0.195540
vt 0.840902 0.184822
vt 0.838581 0.196238
vt 0.846199 0.197606
vt 0.853230 0.198951
vt 0.862853 0.189008
vt 0.860739 0.200480
vt 0.867224 0.189964
vt 0.864791 0.201365
vt 0.873714 0.203393
vt 0.876512 0.192088
vt 0.878587 0.204534
vt 0.883735 0.205812
vt 0.892389 0.208022
vt 0.888881 0.207090
vt 0.903040 0.210948
vt 0.895895 0.208953
vt 0.909863 0.212931
vt 0.920413 0.203907
vt 0.917288 0.215181
vt 0.924686 0.205272
vt 0.921407 0.216496
vt 0.928957 0.206637
vt 0.933498 0.208161
vt 0.929877 0.219268
vt 0.925524 0.217811
vt 0.938563 0.222241
vt 0.942896 0.223758
vt 0.946958 0.225240
vt 0.951018 0.226722
vt 0.958275 0.229489
vt 0.964958 0.232120
vt 0.976288 0.224161
vt 0.972132 0.235027
vt 0.980372 0.225914
vt 0.976086 0.236689
vt 0.984455 0.227667
vt 0.988744 0.229597
vt 0.984193 0.240150
vt 0.980041 0.238352
vt 0.489696 0.240903
vt 0.493689 0.239100
vt 0.497494 0.237434
vt 0.501299 0.235768
vt 0.508211 0.232857
vt 0.514658 0.230225
vt 0.517249 0.216991
vt 0.521665 0.227452
vt 0.521318 0.215441
vt 0.525592 0.225965
vt 0.525387 0.213891
vt 0.529764 0.212299
vt 0.533715 0.222955
vt 0.529519 0.224478
vt 0.542133 0.219966
vt 0.546356 0.218501
vt 0.550357 0.217175
vt 0.554356 0.215850
vt 0.561589 0.213575
vt 0.568313 0.211548
vt 0.572174 0.198535
vt 0.575604 0.209440
vt 0.576400 0.197379
vt 0.579679 0.208328
vt 0.580625 0.196224
vt 0.585159 0.195057
vt 0.588102 0.206097
vt 0.583755 0.207216
vt 0.596811 0.203919
vt 0.601175 0.202862
vt 0.605301 0.201923
vt 0.609426 0.200986
vt 0.616871 0.199414
vt 0.757663 0.042504
vt 0.752919 0.042504
vt 0.752919 0.038905
vt 0.757663 0.038905
vt 0.775350 0.042504
vt 0.770928 0.042504
vt 0.770928 0.038905
vt 0.775350 0.038905
vt 0.792374 0.042504
vt 0.784838 0.042504
vt 0.784838 0.038905
vt 0.792374 0.038905
vt 0.815000 0.042504
vt 0.810465 0.042504
vt 0.810465 0.038905
vt 0.815000 0.038905
vt 0.850451 0.042504
vt 0.843359 0.042504
vt 0.843359 0.038905
vt 0.850451 0.038905
vt 0.873496 0.042504
vt 0.868751 0.042504
vt 0.868751 0.038905
vt 0.873496 0.038905
vt 0.891183 0.042504
vt 0.886761 0.042504
vt 0.886761 0.038905
vt 0.891183 0.038905
vt 0.908210 0.042504
vt 0.900671 0.042504
vt 0.900671 0.038905
vt 0.908210 0.038905
vt 0.931373 0.042504
vt 0.926630 0.042504
vt 0.926630 0.038905
vt 0.931373 0.038905
vt 0.428071 0.042504
vt 0.423649 0.042504
vt 0.423649 0.038905
vt 0.428071 0.038905
vt 0.445097 0.042504
vt 0.437559 0.042504
vt 0.437559 0.038905
vt 0.445097 0.038905
vt 0.468261 0.042504
vt 0.463517 0.042504
vt 0.463517 0.038905
vt 0.468261 0.038905
vt 0.485951 0.042504
vt 0.481529 0.042504
vt 0.481529 0.038905
vt 0.485951 0.038905
vt 0.502977 0.042504
vt 0.495439 0.042504
vt 0.495439 0.038905
vt 0.502977 0.038905
vt 0.526143 0.042504
vt 0.521398 0.042504
vt 0.521398 0.038905
vt 0.526143 0.038905
vt 0.543832 0.042504
vt 0.539410 0.042504
vt 0.539410 0.038905
vt 0.543832 0.038905
vt 0.560860 0.042504
vt 0.553320 0.042504
vt 0.553320 0.038905
vt 0.560860 0.038905
vt 0.584024 0.042504
vt 0.579280 0.042504
vt 0.579280 0.038905
vt 0.584024 0.038905
vt 0.601715 0.042504
vt 0.597292 0.042504
vt 0.597292 0.038905
vt 0.601715 0.038905
vt 0.618741 0.042504
vt 0.611203 0.042504
vt 0.611203 0.038905
vt 0.618741 0.038905
vt 0.641906 0.042504
vt 0.637162 0.042504
vt 0.637162 0.038905
vt 0.641906 0.038905
vt 0.659596 0.042504
vt 0.655173 0.042504
vt 0.655173 0.038905
vt 0.659596 0.038905
vt 0.676621 0.042504
vt 0.669084 0.042504
vt 0.669084 0.038905
vt 0.676621 0.038905
vt 0.699786 0.042504
vt 0.695042 0.042504
vt 0.695042 0.038905
vt 0.699786 0.038905
vt 0.717475 0.042504
vt 0.713053 0.042504
vt 0.713053 0.038905
vt 0.717475 0.038905
vt 0.734500 0.042504
vt 0.726962 0.042504
vt 0.726962 0.038905
vt 0.734500 0.038905
vt 0.766506 0.042504
vt 0.762084 0.042504
vt 0.762084 0.038905
vt 0.766506 0.038905
vt 0.824410 0.042504
vt 0.819705 0.042504
vt 0.819705 0.038905
vt 0.824410 0.038905
vt 0.882339 0.042504
vt 0.877917 0.042504
vt 0.877917 0.038905
vt 0.882339 0.038905
vt 0.940218 0.042504
vt 0.935796 0.042504
vt 0.935796 0.038905
vt 0.940218 0.038905
vt 0.477106 0.042504
vt 0.472684 0.042504
vt 0.472684 0.038905
vt 0.477106 0.038905
vt 0.534988 0.042504
vt 0.530565 0.042504
vt 0.530565 0.038905
vt 0.534988 0.038905
vt 0.592870 0.042504
vt 0.588447 0.042504
vt 0.588447 0.038905
vt 0.592870 0.038905
vt 0.650751 0.042504
vt 0.646328 0.042504
vt 0.646328 0.038905
vt 0.650751 0.038905
vt 0.708630 0.042504
vt 0.704208 0.042504
vt 0.704208 0.038905
vt 0.708630 0.038905
vt 0.740638 0.042504
vt 0.740638 0.038905
vt 0.798501 0.042504
vt 0.798501 0.038905
vt 0.856483 0.042504
vt 0.856483 0.038905
vt 0.914347 0.042504
vt 0.914347 0.038905
vt 0.451236 0.042504
vt 0.451236 0.038905
vt 0.509116 0.042504
vt 0.509116 0.038905
vt 0.566998 0.042504
vt 0.566998 0.038905
vt 0.624880 0.042504
vt 0.624880 0.038905
vt 0.682760 0.042504
vt 0.682760 0.038905
vt 0.748175 0.042504
vt 0.748175 0.038905
vt 0.780094 0.042504
vt 0.780094 0.038905
vt 0.805929 0.042504
vt 0.805929 0.038905
vt 0.835013 0.042504
vt 0.829711 0.042504
vt 0.829711 0.038905
vt 0.835013 0.038905
vt 0.839186 0.042504
vt 0.839186 0.038905
vt 0.864009 0.042504
vt 0.864009 0.038905
vt 0.895927 0.042504
vt 0.895927 0.038905
vt 0.921886 0.042504
vt 0.921886 0.038905
vt 0.432815 0.042504
vt 0.432815 0.038905
vt 0.458774 0.042504
vt 0.458774 0.038905
vt 0.490695 0.042504
vt 0.490695 0.038905
vt 0.516654 0.042504
vt 0.516654 0.038905
vt 0.548576 0.042504
vt 0.548576 0.038905
vt 0.574536 0.042504
vt 0.574536 0.038905
vt 0.606459 0.042504
vt 0.606459 0.038905
vt 0.632417 0.042504
vt 0.632417 0.038905
vt 0.664340 0.042504
vt 0.664340 0.038905
vt 0.690298 0.042504
vt 0.690298 0.038905
vt 0.722219 0.042504
vt 0.722219 0.038905
vt 0.752919 0.034762
vt 0.757663 0.034762
vt 0.770928 0.034762
vt 0.775350 0.034762
vt 0.784838 0.034762
vt 0.792374 0.034762
vt 0.810465 0.034762
vt 0.815000 0.034762
vt 0.843359 0.034762
vt 0.850451 0.034762
vt 0.868751 0.034762
vt 0.873496 0.034762
vt 0.886761 0.034762
vt 0.891183 0.034762
vt 0.900671 0.034762
vt 0.908210 0.034762
vt 0.926630 0.034762
vt 0.931373 0.034762
vt 0.423649 0.034762
vt 0.428071 0.034762
vt 0.437559 0.034762
vt 0.445097 0.034762
vt 0.463517 0.034762
vt 0.468261 0.034762
vt 0.481529 0.034762
vt 0.485951 0.034762
vt 0.495439 0.034762
vt 0.502977 0.034762
vt 0.521398 0.034762
vt 0.526143 0.034762
vt 0.539410 0.034762
vt 0.543832 0.034762
vt 0.553320 0.034762
vt 0.560860 0.034762
vt 0.579280 0.034762
vt 0.584024 0.034762
vt 0.597292 0.034762
vt 0.601715 0.034762
vt 0.611203 0.034762
vt 0.618741 0.034762
vt 0.637162 0.034762
vt 0.641906 0.034762
vt 0.655173 0.034762
vt 0.659596 0.034762
vt 0.669084 0.034762
vt 0.676621 0.034762
vt 0.695042 0.034762
vt 0.699786 0.034762
vt 0.713053 0.034762
vt 0.717475 0.034762
vt 0.726962 0.034762
vt 0.734500 0.034762
vt 0.762084 0.034762
vt 0.766506 0.034762
vt 0.819705 0.034762
vt 0.824410 0.034762
vt 0.877917 0.034762
vt 0.882339 0.034762
vt 0.935796 0.034762
vt 0.940218 0.034762
vt 0.472684 0.034762
vt 0.477106 0.034762
vt 0.530565 0.034762
vt 0.534988 0.034762
vt 0.588447 0.034762
vt 0.592870 0.034762
vt 0.646328 0.034762
vt 0.650751 0.034762
vt 0.704208 0.034762
vt 0.708630 0.034762
vt 0.740638 0.034762
vt 0.798501 0.034762
vt 0.856483 0.034762
vt 0.914347 0.034762
vt 0.451236 0.034762
vt 0.509116 0.034762
vt 0.566998 0.034762
vt 0.624880 0.034762
vt 0.682760 0.034762
vt 0.748175 0.034762
vt 0.780094 0.034762
vt 0.805929 0.034762
vt 0.829711 0.034762
vt 0.835013 0.034762
vt 0.839186 0.034762
vt 0.864009 0.034762
vt 0.895927 0.034762
vt 0.921886 0.034762
vt 0.432815 0.034762
vt 0.458774 0.034762
vt 0.490695 0.034762
vt 0.516654 0.034762
vt 0.548576 0.034762
vt 0.574536 0.034762
vt 0.606459 0.034762
vt 0.632417 0.034762
vt 0.664340 0.034762
vt 0.690298 0.034762
vt 0.722219 0.034762
vt 0.752919 0.029324
vt 0.757663 0.029324
vt 0.770928 0.029324
vt 0.775350 0.029324
vt 0.784838 0.029324
vt 0.792374 0.029324
vt 0.810465 0.029324
vt 0.815000 0.029324
vt 0.843359 0.029324
vt 0.850451 0.029324
vt 0.868751 0.029324
vt 0.873496 0.029324
vt 0.886761 0.029324
vt 0.891183 0.029324
vt 0.900671 0.029324
vt 0.908210 0.029324
vt 0.926630 0.029324
vt 0.931373 0.029324
vt 0.423649 0.029324
vt 0.428071 0.029324
vt 0.437559 0.029324
vt 0.445097 0.029324
vt 0.463517 0.029324
vt 0.468261 0.029324
vt 0.481529 0.029324
vt 0.485951 0.029324
vt 0.495439 0.029324
vt 0.502977 0.029324
vt 0.521398 0.029324
vt 0.526143 0.029324
vt 0.539410 0.029324
vt 0.543832 0.029324
vt 0.553320 0.029324
vt 0.560860 0.029324
vt 0.579280 0.029324
vt 0.584024 0.029324
vt 0.597292 0.029324
vt 0.601715 0.029324
vt 0.611203 0.029324
vt 0.618741 0.029324
vt 0.637162 0.029324
vt 0.641906 0.029324
vt 0.655173 0.029324
vt 0.659596 0.029324
vt 0.669084 0.029324
vt 0.676621 0.029324
vt 0.695042 0.029324
vt 0.699786 0.029324
vt 0.713053 0.029324
vt 0.717475 0.029324
vt 0.726962 0.029324
vt 0.734500 0.029324
vt 0.762084 0.029324
vt 0.766506 0.029324
vt 0.819705 0.029324
vt 0.824410 0.029324
vt 0.877917 0.029324
vt 0.882339 0.029324
vt 0.935796 0.029324
vt 0.940218 0.029324
vt 0.472684 0.029324
vt 0.477106 0.029324
vt 0.530565 0.029324
vt 0.534988 0.029324
vt 0.588447 0.029324
vt 0.592870 0.029324
vt 0.646328 0.029324
vt 0.650751 0.029324
vt 0.704208 0.029324
vt 0.708630 0.029324
vt 0.740638 0.029324
vt 0.798501 0.029324
vt 0.856483 0.029324
vt 0.914347 0.029324
vt 0.451236 0.029324
vt 0.509116 0.029324
vt 0.566998 0.029324
vt 0.624880 0.029324
vt 0.682760 0.029324
vt 0.748175 0.029324
vt 0.780094 0.029324
vt 0.805929 0.029324
vt 0.829711 0.029324
vt 0.835013 0.029324
vt 0.839186 0.029324
vt 0.864009 0.029324
vt 0.895927 0.029324
vt 0.921886 0.029324
vt 0.432815 0.029324
vt 0.458774 0.029324
vt 0.490695 0.029324
vt 0.516654 0.029324
vt 0.548576 0.029324
vt 0.574536 0.029324
vt 0.606459 0.029324
vt 0.632417 0.029324
vt 0.664340 0.029324
vt 0.690298 0.029324
vt 0.722219 0.029324
vt 0.940218 0.024814
vt 0.667801 0.108987
vt 0.733214 0.105209
vt 0.798879 0.107793
vt 0.848618 0.146800
vt 0.864237 0.116658
vt 0.928625 0.131843
vt 0.991577 0.153266
vt 0.479611 0.157417
vt 0.540494 0.135149
vt 0.603402 0.119024
vt 0.820222 0.163023
vt 0.824937 0.165817
vt 0.822657 0.181987
vt 0.880291 0.173911
vt 0.939230 0.190489
vt 0.943359 0.194145
vt 0.938040 0.209684
vt 0.996278 0.212810
vt 0.999988 0.216900
vt 0.993032 0.231527
vt 0.523393 0.195387
vt 0.528756 0.195656
vt 0.534141 0.210706
vt 0.580448 0.177521
vt 0.585779 0.178319
vt 0.589691 0.193890
vt 0.639185 0.165240
vt 0.644433 0.166555
vt 0.646825 0.182493
vt 0.699094 0.158668
vt 0.704215 0.160494
vt 0.705057 0.176669
vt 0.759641 0.157931
vt 0.764582 0.160251
vt 0.763858 0.176500
vt 0.830245 0.164424
vt 0.688234 0.148307
vt 0.749798 0.146518
vt 0.811482 0.150671
vt 0.872735 0.160726
vt 0.932937 0.176621
vt 0.991434 0.198322
vt 0.510169 0.188696
vt 0.567900 0.169513
vt 0.032790 0.160938
vt 0.756787 0.000020
vt 0.761134 0.000020
vt 0.774883 0.000021
vt 0.779465 0.000021
vt 0.788161 0.000022
vt 0.796236 0.000022
vt 0.815943 0.000023
vt 0.819970 0.000023
vt 0.835912 0.000023
vt 0.841657 0.000022
vt 0.841659 0.009569
vt 0.848784 0.000020
vt 0.856182 0.000019
vt 0.876206 0.000015
vt 0.880554 0.000014
vt 0.894302 0.000011
vt 0.898884 0.000011
vt 0.907580 0.000009
vt 0.915655 0.000007
vt 0.935865 0.000004
vt 0.940212 0.000003
vt 0.416932 0.000000
vt 0.421514 0.000000
vt 0.430210 0.000002
vt 0.438285 0.000002
vt 0.458495 0.000004
vt 0.462842 0.000004
vt 0.476590 0.000004
vt 0.481173 0.000005
vt 0.489869 0.000005
vt 0.497944 0.000006
vt 0.518152 0.000007
vt 0.522501 0.000007
vt 0.536248 0.000008
vt 0.540831 0.000008
vt 0.549526 0.000009
vt 0.557602 0.000009
vt 0.577811 0.000010
vt 0.582160 0.000010
vt 0.595907 0.000011
vt 0.600490 0.000011
vt 0.609185 0.000012
vt 0.617261 0.000012
vt 0.637470 0.000013
vt 0.641818 0.000014
vt 0.655565 0.000014
vt 0.660147 0.000015
vt 0.668844 0.000015
vt 0.676919 0.000015
vt 0.697128 0.000017
vt 0.701476 0.000017
vt 0.715224 0.000018
vt 0.719806 0.000018
vt 0.728502 0.000018
vt 0.736577 0.000019
vt 0.765717 0.000020
vt 0.770300 0.000021
vt 0.825068 0.000024
vt 0.830166 0.000024
vt 0.885137 0.000013
vt 0.889719 0.000012
vt 0.944795 0.000002
vt 0.949377 0.000000
vt 0.467425 0.000004
vt 0.472008 0.000004
vt 0.527083 0.000007
vt 0.531666 0.000007
vt 0.586742 0.000011
vt 0.591325 0.000011
vt 0.646400 0.000014
vt 0.650982 0.000014
vt 0.706059 0.000017
vt 0.710641 0.000017
vt 0.744364 0.000019
vt 0.804004 0.000022
vt 0.863801 0.000017
vt 0.923442 0.000006
vt 0.446072 0.000003
vt 0.505730 0.000006
vt 0.565389 0.000009
vt 0.625046 0.000013
vt 0.684705 0.000016
vt 0.752438 0.000020
vt 0.783812 0.000021
vt 0.811916 0.000023
vt 0.845220 0.000021
vt 0.871859 0.000016
vt 0.903233 0.000010
vt 0.931516 0.000004
vt 0.425862 0.000002
vt 0.454146 0.000003
vt 0.485520 0.000005
vt 0.513805 0.000006
vt 0.545179 0.000008
vt 0.573463 0.000010
vt 0.604837 0.000011
vt 0.633122 0.000013
vt 0.664496 0.000015
vt 0.692781 0.000016
vt 0.724155 0.000018
vt 0.648527 0.193833
vt 0.705682 0.188174
vt 0.763378 0.188059
vt 0.821056 0.193491
vt 0.868843 0.202251
vt 0.934231 0.220724
vt 0.485703 0.242706
vt 0.537911 0.221432
vt 0.592447 0.204977
vt 0.192634 0.007238
vt 0.123429 0.025893
vt 0.058833 0.055097
vt 0.000158 0.093833
vt 0.540879 0.086725
vt 0.477185 0.048156
vt 0.408663 0.020546
vt 0.337161 0.004424
vt 0.264549 0.000043
vt 0.194620 0.006889
vt 0.125315 0.025235
vt 0.060575 0.054161
vt 0.001710 0.092640
vt 0.542565 0.087962
vt 0.479035 0.049099
vt 0.410624 0.021175
vt 0.339183 0.004727
vt 0.266577 0.000018
vt 0.084335 0.077324
vt 0.028623 0.111487
vt 0.531244 0.121195
vt 0.473246 0.083456
vt 0.410429 0.055743
vt 0.344497 0.038612
vt 0.277195 0.032343
vt 0.210211 0.036910
vt 0.575116 0.176723
vt 0.518031 0.195117
vt 0.992568 0.208721
vt 0.935102 0.186834
vt 0.875845 0.170665
vt 0.871595 0.190922
vt 0.815507 0.160230
vt 0.754700 0.155610
vt 0.693972 0.156842
vt 0.841661 0.016997
vt 0.946955 0.124071
vt 0.946955 0.119444
vt 0.052714 0.008637
vt 0.052714 0.013264
vt 0.360302 0.122480
vt 0.357029 0.125753
vt 0.386684 0.143192
vt 0.389957 0.139920
vt 0.166821 0.127301
vt 0.163549 0.124029
vt 0.858028 0.102171
vt 0.858028 0.106798
vt 0.052713 0.000000
vt 0.052713 0.004628
vt 0.922118 0.110807
vt 0.922118 0.115435
vt 0.384317 0.122575
vt 0.384317 0.117618
vt 0.988345 0.241949
vt 0.984284 0.251238
vt 0.412348 0.009547
vt 0.412349 0.000000
vt 0.419227 0.029324
vt 0.419227 0.034762
vt 0.419227 0.038905
vt 0.419227 0.042504
vt 0.481085 0.232645
vt 0.980176 0.261068
vt 0.940218 0.021008
vt 0.412348 0.016976
vt 0.022817 0.169476
vt 0.020150 0.166413
vt 0.073239 0.019567
vt 0.073239 0.024197
vt 0.474118 0.218568
vt 0.009577 0.154812
vt 0.097158 0.168130
vt 0.090155 0.161127
vt 0.102106 0.149175
vt 0.109109 0.156179
vt 0.085208 0.180081
vt 0.078204 0.173077
vt 0.073257 0.192031
vt 0.066253 0.185028
vt 0.061306 0.203983
vt 0.054302 0.196979
vt 0.049355 0.215933
vt 0.042352 0.208930
vt 0.037404 0.227885
vt 0.030400 0.220881
vt 0.025453 0.239835
vt 0.018450 0.232832
vt 0.013502 0.251786
vt 0.006499 0.244782
vt 0.144962 0.120326
vt 0.137959 0.113323
vt 0.149909 0.101372
vt 0.156913 0.108376
vt 0.133011 0.132278
vt 0.126007 0.125274
vt 0.121060 0.144228
vt 0.114057 0.137225
vt 0.056404 0.081352
vt 0.053007 0.082320
vt 0.049289 0.075807
vt 0.051751 0.073265
vt 0.032649 0.843592
vt 0.023949 0.852293
vt 0.011975 0.840319
vt 0.020675 0.831618
vt 0.211644 0.829598
vt 0.215542 0.822845
vt 0.227969 0.826175
vt 0.227969 0.833972
vt 0.008451 0.701200
vt 0.013964 0.695686
vt 0.025105 0.702118
vt 0.023088 0.709650
vt 0.713795 0.832368
vt 0.713795 0.845070
vt 0.696516 0.845070
vt 0.696516 0.832368
vt 0.834744 0.832368
vt 0.834744 0.845070
vt 0.817466 0.845070
vt 0.817466 0.832368
vt 0.581506 0.311687
vt 0.573942 0.311687
vt 0.570580 0.299143
vt 0.577131 0.295362
vt 0.918337 0.251826
vt 0.918337 0.265165
vt 0.912464 0.266739
vt 0.905794 0.255186
vt 0.146519 0.599635
vt 0.137087 0.590203
vt 0.140128 0.584937
vt 0.153012 0.588390
vt 0.731073 0.832368
vt 0.731073 0.845070
vt 0.104548 0.588390
vt 0.117433 0.584937
vt 0.120473 0.590203
vt 0.111041 0.599635
vt 0.275565 0.873684
vt 0.275565 0.860346
vt 0.281439 0.858772
vt 0.288109 0.870323
vt 0.570580 0.324231
vt 0.559029 0.317560
vt 0.560603 0.311687
vt 0.561399 0.289961
vt 0.554728 0.301513
vt 0.548855 0.299939
vt 0.548855 0.286600
vt 0.137231 0.613434
vt 0.135273 0.606128
vt 0.151867 0.604984
vt 0.577131 0.328012
vt 0.536311 0.289961
vt 0.542981 0.301513
vt 0.538682 0.305813
vt 0.527129 0.299143
vt 0.374108 0.878920
vt 0.365133 0.887895
vt 0.352935 0.875698
vt 0.361911 0.866722
vt 0.122288 0.557665
vt 0.125739 0.570550
vt 0.120473 0.573590
vt 0.111041 0.564157
vt 0.565180 0.283410
vt 0.532530 0.283410
vt 0.520578 0.295362
vt 0.548856 0.344337
vt 0.548855 0.336774
vt 0.561399 0.333412
vt 0.565180 0.339963
vt 0.644907 0.889067
vt 0.652438 0.887049
vt 0.658871 0.898191
vt 0.653357 0.903704
vt 0.275565 0.823511
vt 0.275565 0.836851
vt 0.269691 0.838425
vt 0.263021 0.826873
vt 0.548855 0.279036
vt 0.548855 0.323435
vt 0.542981 0.321861
vt 0.548856 0.311687
vt 0.538681 0.317560
vt 0.537107 0.311687
vt 0.559029 0.305813
vt 0.554729 0.321860
vt 0.870262 0.286336
vt 0.866363 0.279583
vt 0.875460 0.270486
vt 0.882213 0.274384
vt 0.837612 0.286336
vt 0.841510 0.279583
vt 0.853937 0.282913
vt 0.853937 0.290710
vt 0.586226 0.810551
vt 0.597777 0.803881
vt 0.602077 0.808181
vt 0.595408 0.819733
vt 0.821286 0.258060
vt 0.829083 0.258059
vt 0.832413 0.270486
vt 0.825660 0.274384
vt 0.759670 0.956387
vt 0.769103 0.946955
vt 0.774369 0.949996
vt 0.770916 0.962880
vt 0.131820 0.593244
vt 0.386305 0.891117
vt 0.377330 0.900092
vt 0.349714 0.854526
vt 0.340739 0.863501
vt 0.328541 0.851304
vt 0.337517 0.842328
vt 0.044385 0.084616
vt 0.037707 0.091416
vt 0.035093 0.082205
vt 0.040487 0.080688
vt 0.795148 0.956388
vt 0.785716 0.946955
vt 0.788756 0.941689
vt 0.801641 0.945142
vt 0.607952 0.809755
vt 0.607952 0.823094
vt 0.856032 0.946102
vt 0.868142 0.946102
vt 0.868142 0.962745
vt 0.856032 0.962745
vt 0.856032 0.581906
vt 0.869000 0.581906
vt 0.869000 0.599618
vt 0.856032 0.599618
vt 0.800187 0.716677
vt 0.800187 0.729125
vt 0.782909 0.729125
vt 0.782909 0.716677
vt 0.696516 0.716677
vt 0.696516 0.729125
vt 0.679237 0.729125
vt 0.679237 0.716677
vt 0.765631 0.729125
vt 0.765631 0.716677
vt 0.731073 0.716677
vt 0.731073 0.729125
vt 0.713795 0.729125
vt 0.713795 0.716677
vt 0.748352 0.716677
vt 0.748352 0.729125
vt 0.834744 0.716677
vt 0.834744 0.729126
vt 0.817466 0.729126
vt 0.817466 0.716677
vt 0.346076 0.687402
vt 0.337280 0.696198
vt 0.325084 0.684001
vt 0.333880 0.675205
vt 0.123867 0.776322
vt 0.115340 0.784850
vt 0.103366 0.772876
vt 0.111893 0.764348
vt 0.581906 0.773782
vt 0.572857 0.764733
vt 0.585349 0.752240
vt 0.594399 0.761289
vt 0.177306 0.866574
vt 0.165332 0.854599
vt 0.175211 0.844720
vt 0.187185 0.856694
vt 0.137879 0.686772
vt 0.125642 0.699009
vt 0.114677 0.688043
vt 0.126913 0.675806
vt 0.782909 0.743549
vt 0.765631 0.743549
vt 0.731073 0.743549
vt 0.713795 0.743549
vt 0.748352 0.743549
vt 0.117435 0.806703
vt 0.105461 0.794729
vt 0.127314 0.796824
vt 0.696516 0.743549
vt 0.375877 0.755178
vt 0.363681 0.742982
vt 0.373872 0.732790
vt 0.386069 0.744987
vt 0.113406 0.711245
vt 0.101169 0.723482
vt 0.090203 0.712516
vt 0.102440 0.700279
vt 0.884023 0.564195
vt 0.884023 0.581906
vt 0.869000 0.564195
vt 0.388075 0.767376
vt 0.398266 0.757184
vt 0.731073 0.781891
vt 0.713795 0.781891
vt 0.713795 0.762527
vt 0.731073 0.762527
vt 0.696516 0.781891
vt 0.679237 0.781891
vt 0.679237 0.762527
vt 0.696516 0.762527
vt 0.782909 0.781891
vt 0.765631 0.781891
vt 0.765631 0.762527
vt 0.782909 0.762527
vt 0.800187 0.781891
vt 0.800187 0.762527
vt 0.919475 0.812958
vt 0.919475 0.829601
vt 0.900637 0.829601
vt 0.900637 0.812958
vt 0.661959 0.781891
vt 0.661959 0.762527
vt 0.834744 0.781891
vt 0.817466 0.781891
vt 0.817466 0.762527
vt 0.834744 0.762527
vt 0.748352 0.781891
vt 0.748352 0.762527
vt 0.234659 0.952717
vt 0.217292 0.952717
vt 0.217292 0.938281
vt 0.234659 0.938281
vt 0.574371 0.904392
vt 0.557795 0.904392
vt 0.557795 0.886013
vt 0.574371 0.886013
vt 0.089995 0.858092
vt 0.077378 0.870709
vt 0.065404 0.858734
vt 0.078021 0.846117
vt 0.298629 0.759244
vt 0.285614 0.772259
vt 0.273416 0.760062
vt 0.286432 0.747046
vt 0.748352 0.801091
vt 0.748352 0.819511
vt 0.731073 0.819511
vt 0.731073 0.801091
vt 0.852023 0.801091
vt 0.852023 0.819511
vt 0.834744 0.819511
vt 0.834744 0.801091
vt 0.206101 0.706048
vt 0.220105 0.720052
vt 0.207869 0.732289
vt 0.193864 0.718284
vt 0.713795 0.819511
vt 0.713795 0.801091
vt 0.765631 0.801091
vt 0.765631 0.819511
vt 0.661959 0.801091
vt 0.661959 0.819511
vt 0.644681 0.819511
vt 0.644681 0.801091
vt 0.817466 0.801091
vt 0.817466 0.819511
vt 0.800187 0.819511
vt 0.800187 0.801091
vt 0.696516 0.819511
vt 0.696516 0.801091
vt 0.782909 0.801091
vt 0.782909 0.819511
vt 0.679237 0.819511
vt 0.679237 0.801091
vt 0.713795 0.828541
vt 0.696516 0.828541
vt 0.731073 0.828541
vt 0.748352 0.828541
vt 0.765631 0.828541
vt 0.782909 0.828541
vt 0.800187 0.828541
vt 0.817466 0.828541
vt 0.834744 0.828541
vt 0.852023 0.828541
vt 0.661959 0.828541
vt 0.644681 0.828541
vt 0.679237 0.828541
vt 0.226970 0.726917
vt 0.214734 0.739154
vt 0.976537 0.688174
vt 0.989768 0.688174
vt 0.989768 0.705885
vt 0.976537 0.705885
vt 0.699532 0.857530
vt 0.694018 0.863043
vt 0.682877 0.856610
vt 0.684895 0.849079
vt 0.240396 0.822845
vt 0.244294 0.829598
vt 0.288109 0.826872
vt 0.281439 0.838424
vt 0.386929 0.197882
vt 0.392230 0.196301
vt 0.396228 0.200129
vt 0.389634 0.207059
vt 0.852023 0.832368
vt 0.852023 0.845070
vt 0.153012 0.575404
vt 0.140128 0.578856
vt 0.137087 0.573590
vt 0.146519 0.564157
vt 0.523768 0.311687
vt 0.527129 0.324231
vt 0.536311 0.333412
vt 0.101327 0.894657
vt 0.095141 0.900842
vt 0.083167 0.888868
vt 0.089352 0.882683
vt 0.403667 0.188956
vt 0.401209 0.191496
vt 0.394736 0.187722
vt 0.395595 0.184293
vt 0.584708 0.046513
vt 0.584708 0.056418
vt 0.567808 0.056418
vt 0.567808 0.046513
vt 0.370994 0.857639
vt 0.364614 0.864020
vt 0.352417 0.851823
vt 0.358797 0.845443
vt 0.304131 0.980761
vt 0.304131 0.987493
vt 0.286764 0.987493
vt 0.286764 0.980761
vt 0.395590 0.219087
vt 0.394618 0.215689
vt 0.401124 0.211971
vt 0.403665 0.214428
vt 0.373531 0.206351
vt 0.376930 0.205378
vt 0.380650 0.211883
vt 0.378193 0.214425
vt 0.387127 0.215656
vt 0.386268 0.219085
vt 0.517105 0.046513
vt 0.517105 0.056418
vt 0.500203 0.056418
vt 0.500203 0.046513
vt 0.042804 0.072029
vt 0.043664 0.068592
vt 0.378197 0.188956
vt 0.380737 0.191414
vt 0.376963 0.197886
vt 0.373534 0.197027
vt 0.483302 0.056418
vt 0.483302 0.046513
vt 0.394744 0.197670
vt 0.396317 0.202995
vt 0.394948 0.205510
vt 0.392504 0.207004
vt 0.387107 0.205703
vt 0.385613 0.203259
vt 0.385541 0.200397
vt 0.389367 0.196373
vt 0.398282 0.194222
vt 0.393564 0.191544
vt 0.028736 0.037619
vt 0.032441 0.044163
vt 0.028536 0.045045
vt 0.025791 0.040350
vt 0.387243 0.187690
vt 0.388141 0.191587
vt 0.404927 0.198001
vt 0.404898 0.205496
vt 0.401074 0.204326
vt 0.401029 0.198898
vt 0.388299 0.211832
vt 0.393722 0.211792
vt 0.383462 0.194340
vt 0.380785 0.199057
vt 0.380826 0.204482
vt 0.398400 0.209045
vt 0.383575 0.209158
vt 0.028521 0.190126
vt 0.028636 0.195566
vt 0.023743 0.194254
vt 0.023716 0.191351
vt 0.359073 0.010909
vt 0.363711 0.008126
vt 0.365034 0.012964
vt 0.362497 0.014370
vt 0.376606 0.021208
vt 0.373790 0.025784
vt 0.370382 0.022339
vt 0.371799 0.019835
vt 0.369184 0.028552
vt 0.367862 0.023728
vt 0.263680 0.690208
vt 0.275917 0.677971
vt 0.277529 0.679583
vt 0.265292 0.691820
vt 0.178024 0.775863
vt 0.190260 0.763627
vt 0.191873 0.765240
vt 0.179637 0.777476
vt 0.852023 0.830662
vt 0.834744 0.830662
vt 0.661959 0.830662
vt 0.644681 0.830662
vt 0.800187 0.830662
vt 0.782909 0.830662
vt 0.288153 0.665735
vt 0.289765 0.667347
vt 0.713795 0.830662
vt 0.696516 0.830662
vt 0.765631 0.830662
vt 0.748352 0.830662
vt 0.202497 0.751390
vt 0.216346 0.740767
vt 0.204110 0.753003
vt 0.731073 0.830662
vt 0.817466 0.830662
vt 0.278825 0.680880
vt 0.266588 0.693117
vt 0.679237 0.830662
vt 0.679237 0.832368
vt 0.661959 0.832368
vt 0.363115 0.865518
vt 0.375313 0.877715
vt 0.644681 0.832368
vt 0.974761 0.581906
vt 0.974761 0.564195
vt 0.976537 0.564195
vt 0.976537 0.581906
vt 0.765631 0.832368
vt 0.748352 0.832368
vt 0.782909 0.832368
vt 0.141584 0.950191
vt 0.153558 0.962165
vt 0.152390 0.963333
vt 0.140416 0.951359
vt 0.800187 0.832368
vt 0.338721 0.841124
vt 0.350919 0.853321
vt 0.943959 0.564195
vt 0.923960 0.564195
vt 0.923960 0.546483
vt 0.943959 0.546483
vt 0.852023 0.781891
vt 0.644681 0.781891
vt 0.900637 0.946102
vt 0.882174 0.946102
vt 0.882174 0.929459
vt 0.900637 0.929459
vt 0.176781 0.676728
vt 0.162352 0.662299
vt 0.174589 0.650063
vt 0.189017 0.664491
vt 0.661959 0.743549
vt 0.679237 0.743549
vt 0.548578 0.740454
vt 0.562373 0.754249
vt 0.549880 0.766741
vt 0.536085 0.752946
vt 0.386863 0.792982
vt 0.400272 0.779573
vt 0.412469 0.791770
vt 0.399061 0.805179
vt 0.817466 0.743549
vt 0.834744 0.743549
vt 0.903790 0.741308
vt 0.884023 0.741308
vt 0.884023 0.723596
vt 0.903790 0.723596
vt 0.237963 0.615545
vt 0.223535 0.601117
vt 0.235772 0.588880
vt 0.250200 0.603308
vt 0.056540 0.771806
vt 0.069539 0.758807
vt 0.081513 0.770781
vt 0.068514 0.783780
vt 0.313680 0.719798
vt 0.327089 0.706389
vt 0.339286 0.718587
vt 0.325877 0.731995
vt 0.800187 0.743549
vt 0.636027 0.653005
vt 0.649822 0.666800
vt 0.637329 0.679292
vt 0.623534 0.665497
vt 0.895406 0.084248
vt 0.895406 0.074344
vt 0.912307 0.074344
vt 0.912307 0.084248
vt 0.878505 0.084248
vt 0.878505 0.074344
vt 0.861603 0.084248
vt 0.861603 0.074344
vt 0.844703 0.084248
vt 0.844703 0.074344
vt 0.827802 0.084248
vt 0.827802 0.074344
vt 0.810900 0.084248
vt 0.810900 0.074344
vt 0.793999 0.084248
vt 0.793999 0.074344
vt 0.979911 0.084248
vt 0.979911 0.074344
vt 0.996813 0.074344
vt 0.996813 0.084248
vt 0.963011 0.084248
vt 0.963011 0.074344
vt 0.946109 0.084248
vt 0.946109 0.074344
vt 0.929208 0.084248
vt 0.929208 0.074344
vt 0.614315 0.098162
vt 0.614315 0.088257
vt 0.631217 0.088257
vt 0.631217 0.098162
vt 0.000001 0.448196
vt 0.007532 0.446179
vt 0.013964 0.457319
vt 0.008451 0.462833
vt 0.591626 0.826284
vt 0.607952 0.830659
vt 0.679237 0.845070
vt 0.989768 0.581906
vt 0.989768 0.599618
vt 0.976537 0.599618
vt 0.217642 0.742063
vt 0.227300 0.751720
vt 0.215064 0.763957
vt 0.205406 0.754299
vt 0.092520 0.903463
vt 0.083820 0.912164
vt 0.071845 0.900190
vt 0.080546 0.891489
vt 0.408340 0.990346
vt 0.408340 0.999815
vt 0.390972 0.999815
vt 0.390972 0.990346
vt 0.039990 0.408208
vt 0.037971 0.415739
vt 0.025106 0.415739
vt 0.023088 0.408208
vt 0.667994 0.912154
vt 0.670012 0.904623
vt 0.682876 0.904624
vt 0.684895 0.912154
vt 0.000000 0.686563
vt 0.007531 0.684544
vt 0.890061 0.260587
vt 0.896612 0.264369
vt 0.893250 0.276913
vt 0.885687 0.276912
vt 0.365019 0.023652
vt 0.371755 0.016991
vt 0.120329 0.550359
vt 0.105692 0.558810
vt 0.288728 0.793540
vt 0.279753 0.802515
vt 0.267555 0.790318
vt 0.276531 0.781342
vt 0.250479 0.848598
vt 0.263818 0.848598
vt 0.265392 0.854472
vt 0.253840 0.861142
vt 0.252136 0.756947
vt 0.243160 0.765923
vt 0.230964 0.753726
vt 0.239939 0.744751
vt 0.516205 0.311686
vt 0.608503 0.242192
vt 0.601833 0.253743
vt 0.595959 0.252170
vt 0.595959 0.238831
vt 0.560276 0.627224
vt 0.551042 0.617990
vt 0.563534 0.605497
vt 0.572768 0.614731
vt 0.122288 0.606128
vt 0.125739 0.593244
vt 0.653357 0.857530
vt 0.658871 0.863043
vt 0.652438 0.874184
vt 0.644907 0.872167
vt 0.023088 0.471283
vt 0.025106 0.463752
vt 0.037971 0.463752
vt 0.039990 0.471283
vt 0.128780 0.581897
vt 0.117433 0.578856
vt 0.131820 0.570550
vt 0.707982 0.872165
vt 0.700451 0.874184
vt 0.707982 0.889067
vt 0.700451 0.887049
vt 0.016396 0.883061
vt 0.020294 0.889813
vt 0.011197 0.898910
vt 0.004446 0.895011
vt 0.135273 0.557665
vt 0.765631 0.845070
vt 0.748352 0.845070
vt 0.940063 0.264369
vt 0.928511 0.271039
vt 0.924212 0.266739
vt 0.930881 0.255187
vt 0.054626 0.416658
vt 0.049113 0.422172
vt 0.667994 0.849079
vt 0.670012 0.856610
vt 0.013973 0.583097
vt 0.020725 0.579198
vt 0.029822 0.588295
vt 0.025924 0.595048
vt 0.532530 0.339963
vt 0.356236 0.990346
vt 0.356236 0.999815
vt 0.338868 0.999815
vt 0.338868 0.990346
vt 0.195712 0.848167
vt 0.183738 0.836193
vt 0.455851 0.797177
vt 0.447054 0.805973
vt 0.434857 0.793776
vt 0.443654 0.784979
vt 0.135841 0.788296
vt 0.178631 0.605159
vt 0.188096 0.614624
vt 0.175860 0.626860
vt 0.166394 0.617395
vt 0.407062 0.748388
vt 0.394865 0.736191
vt 0.382668 0.723994
vt 0.091392 0.760901
vt 0.099919 0.752374
vt 0.370471 0.711797
vt 0.361675 0.720593
vt 0.349478 0.708395
vt 0.358274 0.699599
vt 0.624096 0.842498
vt 0.624096 0.854313
vt 0.607521 0.854313
vt 0.607521 0.842498
vt 0.569414 0.786274
vt 0.560364 0.777225
vt 0.852023 0.716677
vt 0.852023 0.729126
vt 0.147816 0.800271
vt 0.139289 0.808798
vt 0.436863 0.816164
vt 0.424666 0.803967
vt 0.286764 0.924134
vt 0.269396 0.924134
vt 0.269396 0.913382
vt 0.286764 0.913382
vt 0.410463 0.769382
vt 0.422660 0.781579
vt 0.079418 0.748927
vt 0.624096 0.868002
vt 0.607521 0.868002
vt 0.201254 0.890522
vt 0.189280 0.878548
vt 0.199159 0.868669
vt 0.211133 0.880643
vt 0.314892 0.694193
vt 0.153358 0.842625
vt 0.163237 0.832746
vt 0.186825 0.637826
vt 0.163623 0.639097
vt 0.127095 0.868888
vt 0.115121 0.856914
vt 0.128384 0.843651
vt 0.140359 0.855625
vt 0.163017 0.904810
vt 0.151043 0.892836
vt 0.164307 0.879573
vt 0.176281 0.891547
vt 0.919475 0.946102
vt 0.919475 0.962745
vt 0.900637 0.962745
vt 0.228212 0.654741
vt 0.215976 0.666977
vt 0.201254 0.652254
vt 0.213490 0.640018
vt 0.360984 0.794467
vt 0.348786 0.782269
vt 0.362469 0.768587
vt 0.374666 0.780784
vt 0.252685 0.630267
vt 0.240449 0.642504
vt 0.225727 0.627781
vt 0.186965 0.928758
vt 0.174991 0.916784
vt 0.188255 0.903521
vt 0.200229 0.915495
vt 0.397575 0.831058
vt 0.385378 0.818861
vt 0.411258 0.817376
vt 0.336590 0.770073
vt 0.350272 0.756390
vt 0.373181 0.806664
vt 0.919475 0.912817
vt 0.919475 0.929459
vt 0.900637 0.912817
vt 0.545532 0.687436
vt 0.532142 0.674046
vt 0.544634 0.661554
vt 0.558024 0.674944
vt 0.938153 0.896174
vt 0.956072 0.896174
vt 0.956072 0.912817
vt 0.938153 0.912817
vt 0.371812 0.832427
vt 0.346600 0.833245
vt 0.359615 0.820230
vt 0.149866 0.917962
vt 0.137249 0.930579
vt 0.125275 0.918605
vt 0.137892 0.905988
vt 0.347418 0.808033
vt 0.334402 0.821048
vt 0.322205 0.808850
vt 0.335220 0.795835
vt 0.310826 0.771441
vt 0.297811 0.784456
vt 0.323024 0.783639
vt 0.310008 0.796654
vt 0.173814 0.941910
vt 0.161197 0.954527
vt 0.149223 0.942553
vt 0.161840 0.929936
vt 0.042099 0.810195
vt 0.029482 0.822812
vt 0.017508 0.810838
vt 0.030125 0.798221
vt 0.242810 0.669338
vt 0.256815 0.683343
vt 0.244579 0.695579
vt 0.230574 0.681574
vt 0.026624 0.099095
vt 0.029020 0.096499
vt 0.035505 0.100040
vt 0.034726 0.103425
vt 0.291431 0.790836
vt 0.279234 0.778639
vt 0.303629 0.803033
vt 0.315825 0.815230
vt 0.328022 0.827428
vt 0.340219 0.839625
vt 0.408327 0.206353
vt 0.408325 0.197030
vt 0.383191 0.869837
vt 0.376811 0.876217
vt 0.267037 0.766441
vt 0.254839 0.754244
vt 0.261219 0.747864
vt 0.269396 0.987493
vt 0.269396 0.980761
vt 0.395389 0.882034
vt 0.389008 0.888414
vt 0.800187 0.845070
vt 0.782909 0.845070
vt 0.853936 0.225409
vt 0.853936 0.233206
vt 0.841510 0.236536
vt 0.837611 0.229784
vt 0.143690 0.972034
vt 0.131716 0.960060
vt 0.056597 0.867540
vt 0.047897 0.876241
vt 0.035923 0.864267
vt 0.044623 0.855566
vt 0.300651 0.848598
vt 0.287312 0.848598
vt 0.285739 0.842724
vt 0.297291 0.836054
vt 0.300925 0.805737
vt 0.291950 0.814712
vt 0.000001 0.431295
vt 0.007532 0.433313
vt 0.265392 0.842724
vt 0.253840 0.836055
vt 0.128442 0.939385
vt 0.119742 0.948086
vt 0.107768 0.936112
vt 0.116468 0.927411
vt 0.059871 0.888216
vt 0.068572 0.879515
vt 0.035788 0.052530
vt 0.032374 0.051663
vt 0.035851 0.043205
vt 0.031123 0.060533
vt 0.028611 0.058106
vt 0.148212 0.035769
vt 0.149047 0.032329
vt 0.156492 0.032315
vt 0.157499 0.035701
vt 0.014102 0.065183
vt 0.014889 0.061816
vt 0.022208 0.061786
vt 0.023181 0.065106
vt 0.001145 0.052907
vt 0.004537 0.051849
vt 0.008443 0.058275
vt 0.006063 0.060849
vt 0.000937 0.043489
vt 0.004427 0.044289
vt 0.005484 0.035187
vt 0.008105 0.037645
vt 0.287801 0.721284
vt 0.275604 0.709086
vt 0.289286 0.695404
vt 0.301483 0.707601
vt 0.013671 0.030353
vt 0.014683 0.033792
vt 0.031215 0.035073
vt 0.022231 0.033811
vt 0.023098 0.030353
vt 0.022450 0.051754
vt 0.019979 0.053219
vt 0.017101 0.053220
vt 0.014581 0.051826
vt 0.013127 0.049349
vt 0.013104 0.046499
vt 0.014517 0.044011
vt 0.017000 0.042521
vt 0.019905 0.042502
vt 0.022392 0.043946
vt 0.023800 0.046437
vt 0.180933 0.778772
vt 0.190591 0.788430
vt 0.178354 0.800667
vt 0.168696 0.791009
vt 0.023835 0.049281
vt 0.008282 0.045261
vt 0.008491 0.050721
vt 0.052970 0.089811
vt 0.049237 0.096269
vt 0.046509 0.093397
vt 0.049149 0.088654
vt 0.015633 0.037718
vt 0.011074 0.040550
vt 0.021053 0.037663
vt 0.015851 0.058065
vt 0.021294 0.057973
vt 0.025895 0.055224
vt 0.216179 0.014541
vt 0.219911 0.008133
vt 0.222657 0.010924
vt 0.219978 0.015704
vt 0.025091 0.090028
vt 0.029088 0.088917
vt 0.031716 0.093562
vt 0.091778 0.058788
vt 0.084334 0.058803
vt 0.085358 0.055000
vt 0.090829 0.054917
vt 0.380434 0.014814
vt 0.380363 0.022245
vt 0.376521 0.015727
vt 0.049112 0.083215
vt 0.046360 0.078534
vt 0.010866 0.185455
vt 0.015668 0.182884
vt 0.016923 0.187517
vt 0.014468 0.188955
vt 0.025815 0.200216
vt 0.021073 0.202813
vt 0.019830 0.198171
vt 0.022290 0.196756
vt 0.150072 0.028525
vt 0.145403 0.025696
vt 0.148879 0.022288
vt 0.151357 0.023705
vt 0.028553 0.050492
vt 0.033726 0.087545
vt 0.035183 0.090023
vt 0.359092 0.025647
vt 0.356349 0.021026
vt 0.361104 0.019749
vt 0.362525 0.022234
vt 0.289603 0.021098
vt 0.289594 0.015704
vt 0.294408 0.016891
vt 0.294390 0.019785
vt 0.292272 0.010926
vt 0.295875 0.014425
vt 0.441769 0.948667
vt 0.458344 0.948667
vt 0.458344 0.950680
vt 0.441769 0.950680
vt 0.119089 0.924790
vt 0.131063 0.936764
vt 0.129610 0.938217
vt 0.117636 0.926243
vt 0.143037 0.948738
vt 0.574371 0.948667
vt 0.590946 0.948667
vt 0.590946 0.950680
vt 0.574371 0.950680
vt 0.326524 0.828926
vt 0.314327 0.816729
vt 0.059218 0.864919
vt 0.071193 0.876894
vt 0.069740 0.878347
vt 0.057765 0.866372
vt 0.081714 0.890321
vt 0.153551 0.800336
vt 0.165787 0.788100
vt 0.167400 0.789713
vt 0.155164 0.801949
vt 0.265538 0.767940
vt 0.253340 0.755743
vt 0.107115 0.912816
vt 0.105662 0.914269
vt 0.093688 0.902295
vt 0.966921 0.912817
vt 0.966921 0.896174
vt 0.968579 0.896174
vt 0.968579 0.912817
vt 0.228583 0.728530
vt 0.229879 0.729826
vt 0.325319 0.830131
vt 0.253056 0.704057
vt 0.254352 0.705353
vt 0.289933 0.792335
vt 0.302130 0.804532
vt 0.016396 0.939612
vt 0.020294 0.932860
vt 0.032722 0.936190
vt 0.032721 0.943987
vt 0.021843 0.830450
vt 0.033817 0.842424
vt 0.240819 0.716293
vt 0.242115 0.717590
vt 0.132682 0.779467
vt 0.118084 0.764869
vt 0.130320 0.752633
vt 0.144918 0.767231
vt 0.943959 0.723596
vt 0.923960 0.723596
vt 0.923960 0.705885
vt 0.943959 0.705885
vt 0.142557 0.740396
vt 0.157155 0.754994
vt 0.218337 0.693811
vt 0.203739 0.679214
vt 0.384009 0.844624
vt 0.409772 0.843255
vt 0.396206 0.856821
vt 0.324392 0.757875
vt 0.103147 0.844940
vt 0.101969 0.870066
vt 0.043276 0.785069
vt 0.055250 0.797043
vt 0.557795 0.922615
vt 0.574371 0.922615
vt 0.495560 0.737407
vt 0.509516 0.751364
vt 0.497024 0.763856
vt 0.483068 0.749900
vt 0.338075 0.744193
vt 0.351483 0.730784
vt 0.624837 0.691785
vt 0.611042 0.677990
vt 0.104436 0.819702
vt 0.129410 0.818677
vt 0.116410 0.831677
vt 0.607521 0.886013
vt 0.624096 0.886013
vt 0.390972 0.938281
vt 0.390972 0.924134
vt 0.408340 0.924134
vt 0.408340 0.938281
vt 0.115598 0.737911
vt 0.127835 0.725674
vt 0.152333 0.867599
vt 0.092462 0.807728
vt 0.648117 0.098162
vt 0.648117 0.088257
vt 0.665019 0.088257
vt 0.665019 0.098162
vt 0.597414 0.098162
vt 0.597414 0.088257
vt 0.580513 0.098162
vt 0.580513 0.088257
vt 0.563612 0.098162
vt 0.563612 0.088257
vt 0.546711 0.098162
vt 0.546711 0.088257
vt 0.732623 0.098162
vt 0.732623 0.088257
vt 0.749525 0.088257
vt 0.749525 0.098162
vt 0.715722 0.098162
vt 0.715722 0.088257
vt 0.698821 0.098162
vt 0.698821 0.088257
vt 0.681920 0.098162
vt 0.681920 0.088257
vt 0.720667 0.857530
vt 0.726015 0.862878
vt 0.719522 0.874124
vt 0.712216 0.872166
vt 0.768959 0.907111
vt 0.770916 0.914417
vt 0.759670 0.920909
vt 0.754322 0.915561
vt 0.126333 0.523331
vt 0.118768 0.523331
vt 0.115408 0.510788
vt 0.121958 0.507006
vt 0.607951 0.765357
vt 0.607952 0.772921
vt 0.595408 0.776282
vt 0.591626 0.769732
vt 0.624277 0.826284
vt 0.620495 0.819733
vt 0.629677 0.810551
vt 0.636228 0.814333
vt 0.121958 0.539657
vt 0.115407 0.535875
vt 0.579675 0.814333
vt 0.093682 0.555982
vt 0.093682 0.548418
vt 0.106225 0.545057
vt 0.110007 0.551608
vt 0.950988 0.276913
vt 0.943424 0.276913
vt 0.946614 0.260588
vt 0.160318 0.573446
vt 0.151867 0.558810
vt 0.934662 0.305189
vt 0.930881 0.298638
vt 0.940063 0.289456
vt 0.946614 0.293238
vt 0.065406 0.539657
vt 0.071956 0.535875
vt 0.081139 0.545058
vt 0.077356 0.551608
vt 0.081139 0.501606
vt 0.087808 0.513159
vt 0.083508 0.517459
vt 0.071957 0.510788
vt 0.103856 0.517458
vt 0.099556 0.513158
vt 0.106225 0.501606
vt 0.089513 0.050164
vt 0.084165 0.048762
vt 0.086499 0.039411
vt 0.093310 0.046168
vt 0.732407 0.877576
vt 0.732407 0.883657
vt 0.719522 0.887110
vt 0.068595 0.523331
vt 0.081935 0.523332
vt 0.083508 0.529206
vt 0.460334 0.727166
vt 0.451100 0.717932
vt 0.463592 0.705439
vt 0.472826 0.714673
vt 0.629677 0.785464
vt 0.618125 0.792133
vt 0.613825 0.787833
vt 0.620495 0.776281
vt 0.093682 0.535079
vt 0.099555 0.533506
vt 0.825660 0.241734
vt 0.832413 0.245633
vt 0.535290 0.652210
vt 0.526056 0.642976
vt 0.538549 0.630483
vt 0.547783 0.639717
vt 0.596204 0.798008
vt 0.597777 0.792134
vt 0.607951 0.798008
vt 0.602077 0.787834
vt 0.607952 0.786260
vt 0.619699 0.798008
vt 0.618125 0.803882
vt 0.613825 0.808182
vt 0.258373 0.348636
vt 0.254474 0.341883
vt 0.263572 0.332787
vt 0.270324 0.336685
vt 0.834152 0.857530
vt 0.828638 0.863043
vt 0.817497 0.856611
vt 0.819515 0.849079
vt 0.779527 0.872166
vt 0.787057 0.874185
vt 0.787057 0.887050
vt 0.779527 0.889067
vt 0.802614 0.849079
vt 0.804631 0.856611
vt 0.793490 0.863043
vt 0.787977 0.857530
vt 0.049047 0.883061
vt 0.045147 0.889813
vt 0.032722 0.886483
vt 0.032722 0.878686
vt 0.004446 0.927662
vt 0.011197 0.923763
vt 0.793490 0.898191
vt 0.787977 0.903704
vt 0.842602 0.889067
vt 0.835071 0.887050
vt 0.835071 0.874185
vt 0.842602 0.872166
vt 0.266902 0.320360
vt 0.274698 0.320360
vt 0.045148 0.932861
vt 0.049047 0.939612
vt 0.142611 0.021126
vt 0.147393 0.019813
vt 0.856032 0.879530
vt 0.868142 0.879530
vt 0.868142 0.896174
vt 0.856032 0.896174
vt 0.631877 0.723811
vt 0.622827 0.714762
vt 0.635321 0.702269
vt 0.644370 0.711318
vt 0.856032 0.829601
vt 0.868142 0.829601
vt 0.868142 0.846244
vt 0.856032 0.846244
vt 0.219660 0.872115
vt 0.207686 0.860141
vt 0.856032 0.812958
vt 0.868142 0.812958
vt 0.856032 0.912817
vt 0.868142 0.912817
vt 0.868142 0.929459
vt 0.856032 0.929459
vt 0.661959 0.729125
vt 0.661959 0.716677
vt 0.531935 0.823753
vt 0.522886 0.814703
vt 0.535379 0.802211
vt 0.544428 0.811260
vt 0.669355 0.686333
vt 0.660306 0.677284
vt 0.672799 0.664791
vt 0.681848 0.673840
vt 0.171764 0.824219
vt 0.884023 0.759020
vt 0.869000 0.759020
vt 0.869000 0.741308
vt 0.882174 0.879530
vt 0.882174 0.896174
vt 0.963145 0.564195
vt 0.963145 0.581906
vt 0.943959 0.581906
vt 0.647813 0.689776
vt 0.882174 0.763029
vt 0.882174 0.779672
vt 0.868142 0.779672
vt 0.868142 0.763029
vt 0.141384 0.830651
vt 0.151263 0.820772
vt 0.882174 0.912817
vt 0.321499 0.924134
vt 0.304131 0.924134
vt 0.304131 0.913382
vt 0.321499 0.913382
vt 0.537387 0.779234
vt 0.547871 0.789718
vt 0.882174 0.846244
vt 0.882174 0.862887
vt 0.868142 0.862887
vt 0.919475 0.862887
vt 0.919475 0.879530
vt 0.900637 0.879530
vt 0.900637 0.862887
vt 0.903790 0.599618
vt 0.884023 0.599618
vt 0.903790 0.581906
vt 0.541220 0.904392
vt 0.541220 0.886013
vt 0.590946 0.904392
vt 0.590946 0.886013
vt 0.609458 0.651422
vt 0.621951 0.638929
vt 0.644681 0.762527
vt 0.923960 0.670463
vt 0.923960 0.688174
vt 0.903790 0.688174
vt 0.903790 0.670463
vt 0.571980 0.688900
vt 0.584473 0.676407
vt 0.598548 0.690483
vt 0.586056 0.702975
vt 0.852023 0.762527
vt 0.522010 0.738870
vt 0.523592 0.765439
vt 0.191503 0.691450
vt 0.179266 0.703687
vt 0.164544 0.688964
vt 0.938153 0.879530
vt 0.956072 0.879530
vt 0.938153 0.796315
vt 0.956072 0.796315
vt 0.956072 0.812958
vt 0.938153 0.812958
vt 0.113943 0.882040
vt 0.938153 0.946102
vt 0.956072 0.946102
vt 0.956072 0.962745
vt 0.938153 0.962745
vt 0.938153 0.829601
vt 0.956072 0.829601
vt 0.956072 0.846244
vt 0.938153 0.846244
vt 0.570516 0.662451
vt 0.557127 0.649061
vt 0.569620 0.636568
vt 0.583010 0.649958
vt 0.491494 0.922615
vt 0.491494 0.940096
vt 0.474919 0.940096
vt 0.474919 0.922615
vt 0.938153 0.779672
vt 0.956072 0.779672
vt 0.482171 0.724018
vt 0.494664 0.711525
vt 0.508053 0.724914
vt 0.469678 0.736510
vt 0.964857 0.779672
vt 0.964857 0.796315
vt 0.964857 0.829601
vt 0.964857 0.846244
vt 0.964857 0.812958
vt 0.964857 0.879530
vt 0.964857 0.896174
vt 0.964857 0.862887
vt 0.956072 0.862887
vt 0.000990 0.188216
vt 0.004389 0.189071
vt 0.004322 0.196512
vt 0.000937 0.197466
vt 0.035757 0.197390
vt 0.032373 0.196564
vt 0.032375 0.189208
vt 0.035726 0.188246
vt 0.963145 0.723596
vt 0.972551 0.723597
vt 0.972551 0.741308
vt 0.963145 0.741308
vt 0.165359 0.005516
vt 0.162918 0.008063
vt 0.156420 0.004348
vt 0.157270 0.000937
vt 0.964857 0.946102
vt 0.964857 0.962745
vt 0.226258 0.014425
vt 0.235507 0.016820
vt 0.228777 0.023637
vt 0.224773 0.019785
vt 0.902012 0.305189
vt 0.905793 0.298638
vt 0.918337 0.301999
vt 0.918337 0.309564
vt 0.497812 0.689688
vt 0.488578 0.680454
vt 0.501070 0.667961
vt 0.510304 0.677195
vt 0.585261 0.602239
vt 0.576027 0.593005
vt 0.588520 0.580512
vt 0.597754 0.589746
vt 0.513564 0.655468
vt 0.522798 0.664702
vt 0.097242 0.573446
vt 0.104548 0.575404
vt 0.097242 0.590347
vt 0.968579 0.763029
vt 0.980937 0.763029
vt 0.980937 0.779672
vt 0.968579 0.779672
vt 0.968579 0.929459
vt 0.980937 0.929459
vt 0.980937 0.946102
vt 0.968579 0.946102
vt 0.980937 0.912817
vt 0.968579 0.829601
vt 0.980937 0.829601
vt 0.980937 0.846244
vt 0.968579 0.846244
vt 0.105429 0.523331
vt 0.964857 0.912817
vt 0.170046 0.013583
vt 0.166671 0.014572
vt 0.170086 0.022817
vt 0.166667 0.021986
vt 0.165562 0.030944
vt 0.162993 0.028513
vt 0.140029 0.031200
vt 0.142489 0.028618
vt 0.135267 0.023036
vt 0.138695 0.022047
vt 0.135305 0.013646
vt 0.138748 0.014516
vt 0.524645 0.940096
vt 0.524645 0.948667
vt 0.508070 0.948667
vt 0.508070 0.940096
vt 0.371144 0.035688
vt 0.370181 0.032320
vt 0.376636 0.028660
vt 0.379147 0.031094
vt 0.149015 0.004309
vt 0.148047 0.000937
vt 0.156573 0.014337
vt 0.158031 0.016814
vt 0.158023 0.019694
vt 0.156672 0.022201
vt 0.154227 0.023691
vt 0.147375 0.016937
vt 0.148740 0.014429
vt 0.151213 0.012938
vt 0.154093 0.012922
vt 0.036461 0.096273
vt 0.101954 0.048459
vt 0.098280 0.054987
vt 0.095363 0.052109
vt 0.098162 0.047439
vt 0.101957 0.041045
vt 0.098091 0.041979
vt 0.091707 0.030821
vt 0.098204 0.034537
vt 0.095315 0.037432
vt 0.090668 0.034595
vt 0.162876 0.020966
vt 0.162804 0.015506
vt 0.160077 0.025635
vt 0.011123 0.055356
vt 0.073982 0.048520
vt 0.074034 0.040990
vt 0.077884 0.042170
vt 0.077897 0.047600
vt 0.025029 0.082374
vt 0.028940 0.083501
vt 0.077821 0.034489
vt 0.084300 0.030783
vt 0.085200 0.034640
vt 0.080556 0.037403
vt 0.089379 0.039395
vt 0.149913 0.008167
vt 0.155381 0.008121
vt 0.155543 0.028443
vt 0.160029 0.010959
vt 0.080689 0.052170
vt 0.086644 0.050178
vt 0.091958 0.048675
vt 0.541220 0.950680
vt 0.557795 0.950680
vt 0.557795 0.952299
vt 0.541220 0.952299
vt 0.142597 0.015696
vt 0.082679 0.046287
vt 0.084026 0.040903
vt 0.082662 0.043411
vt 0.600534 0.592526
vt 0.588041 0.605019
vt 0.586500 0.603478
vt 0.598993 0.590985
vt 0.966921 0.796315
vt 0.966921 0.812958
vt 0.966921 0.879530
vt 0.966921 0.862887
vt 0.966921 0.946102
vt 0.966921 0.962745
vt 0.964857 0.929459
vt 0.966921 0.929459
vt 0.575549 0.617512
vt 0.574007 0.615970
vt 0.277735 0.780138
vt 0.304131 0.989075
vt 0.286764 0.989075
vt 0.513085 0.679976
vt 0.500592 0.692468
vt 0.499051 0.690927
vt 0.511543 0.678434
vt 0.968579 0.862887
vt 0.968579 0.879530
vt 0.486558 0.703419
vt 0.485319 0.702180
vt 0.968579 0.796315
vt 0.968579 0.812958
vt 0.966921 0.779672
vt 0.264333 0.769145
vt 0.561515 0.628463
vt 0.549021 0.640956
vt 0.974761 0.723597
vt 0.974761 0.705885
vt 0.976537 0.723597
vt 0.974761 0.635040
vt 0.974761 0.617328
vt 0.976537 0.617328
vt 0.976537 0.635040
vt 0.923960 0.581906
vt 0.607521 0.922615
vt 0.607521 0.904392
vt 0.624096 0.904392
vt 0.624096 0.922615
vt 0.919475 0.796315
vt 0.919475 0.779672
vt 0.533038 0.699929
vt 0.546995 0.713885
vt 0.534502 0.726378
vt 0.520546 0.712422
vt 0.559488 0.701392
vt 0.943959 0.652751
vt 0.923960 0.652751
vt 0.923960 0.635040
vt 0.943959 0.635040
vt 0.356236 0.967030
vt 0.356236 0.952717
vt 0.373603 0.952717
vt 0.373603 0.967030
vt 0.943959 0.759020
vt 0.923960 0.759020
vt 0.923960 0.741308
vt 0.943959 0.741308
vt 0.972551 0.670463
vt 0.972551 0.652751
vt 0.974761 0.652751
vt 0.974761 0.670463
vt 0.900637 0.796315
vt 0.882174 0.796315
vt 0.900637 0.779672
vt 0.612344 0.704278
vt 0.599851 0.716771
vt 0.587359 0.729263
vt 0.573563 0.715468
vt 0.574865 0.741756
vt 0.561070 0.727961
vt 0.441769 0.886013
vt 0.441769 0.868002
vt 0.458344 0.868002
vt 0.458344 0.886013
vt 0.511100 0.777932
vt 0.524895 0.791727
vt 0.512402 0.804219
vt 0.498607 0.790424
vt 0.252027 0.938281
vt 0.252027 0.924134
vt 0.269396 0.938281
vt 0.900637 0.896174
vt 0.142535 0.008016
vt 0.139997 0.005561
vt 0.821139 0.098162
vt 0.821139 0.088257
vt 0.838039 0.088257
vt 0.838039 0.098162
vt 0.804238 0.098162
vt 0.804238 0.088257
vt 0.787336 0.098162
vt 0.787336 0.088257
vt 0.770435 0.098162
vt 0.770435 0.088257
vt 0.753534 0.098162
vt 0.753534 0.088257
vt 0.939447 0.098162
vt 0.939447 0.088257
vt 0.956347 0.088257
vt 0.956347 0.098162
vt 0.922545 0.098162
vt 0.922545 0.088257
vt 0.905644 0.098162
vt 0.905644 0.088257
vt 0.888743 0.098162
vt 0.888743 0.088257
vt 0.871842 0.098162
vt 0.871842 0.088257
vt 0.854941 0.098162
vt 0.854941 0.088257
vt 0.579634 0.292194
vt 0.583415 0.285643
vt 0.595959 0.289004
vt 0.595959 0.296569
vt 0.752204 0.849079
vt 0.750247 0.856385
vt 0.737261 0.856385
vt 0.735304 0.849079
vt 0.745872 0.930198
vt 0.753178 0.932156
vt 0.753178 0.945142
vt 0.745872 0.947099
vt 0.628610 0.263918
vt 0.621046 0.263918
vt 0.617685 0.251374
vt 0.624235 0.247592
vt 0.563309 0.263918
vt 0.570872 0.263918
vt 0.574233 0.276461
vt 0.567683 0.280243
vt 0.768959 0.970186
vt 0.783903 0.962880
vt 0.785860 0.970186
vt 0.754322 0.961736
vt 0.752204 0.912154
vt 0.750247 0.904848
vt 0.761494 0.898356
vt 0.766841 0.903704
vt 0.013965 0.422172
vt 0.008452 0.416658
vt 0.775292 0.889067
vt 0.767987 0.887110
vt 0.767987 0.874124
vt 0.775292 0.872166
vt 0.928511 0.282786
vt 0.930085 0.276913
vt 0.761494 0.862877
vt 0.752060 0.872310
vt 0.746795 0.869270
vt 0.606133 0.258044
vt 0.912464 0.287087
vt 0.918337 0.288660
vt 0.586225 0.785465
vt 0.213772 0.336685
vt 0.220524 0.332787
vt 0.229620 0.341883
vt 0.225722 0.348636
vt 0.583415 0.242192
vt 0.590085 0.253744
vt 0.585785 0.258044
vt 0.574233 0.251374
vt 0.766062 0.941689
vt 0.780450 0.949996
vt 0.584211 0.263918
vt 0.585786 0.269792
vt 0.908164 0.271038
vt 0.906589 0.276913
vt 0.746795 0.891964
vt 0.740714 0.891964
vt 0.743754 0.880617
vt 0.735448 0.888923
vt 0.735448 0.872310
vt 0.740714 0.869270
vt 0.755102 0.877576
vt 0.755101 0.883657
vt 0.752060 0.888923
vt 0.023088 0.646574
vt 0.025105 0.654105
vt 0.013964 0.660537
vt 0.008451 0.655024
vt 0.063076 0.686563
vt 0.055544 0.684544
vt 0.055544 0.671679
vt 0.063076 0.669661
vt 0.263572 0.307933
vt 0.270324 0.304035
vt 0.054625 0.655024
vt 0.049112 0.660537
vt 0.037970 0.654105
vt 0.039988 0.646574
vt 0.258373 0.292084
vt 0.254474 0.298837
vt 0.242048 0.295507
vt 0.242049 0.287709
vt 0.199693 0.784997
vt 0.206445 0.788895
vt 0.203116 0.801322
vt 0.195319 0.801322
vt 0.225723 0.292083
vt 0.229622 0.298836
vt 0.220524 0.307933
vt 0.213771 0.304034
vt 0.209397 0.320360
vt 0.217194 0.320360
vt 0.256246 0.784996
vt 0.249493 0.788895
vt 0.240396 0.779799
vt 0.244295 0.773046
vt 0.308216 0.848597
vt 0.303841 0.832272
vt 0.356236 0.904101
vt 0.356236 0.913382
vt 0.338868 0.913382
vt 0.338868 0.904101
vt 0.419260 0.760585
vt 0.557795 0.842498
vt 0.557795 0.854313
vt 0.541220 0.854313
vt 0.541220 0.842498
vt 0.304131 0.904101
vt 0.286764 0.904101
vt 0.390972 0.904101
vt 0.390972 0.913382
vt 0.373603 0.913382
vt 0.373603 0.904101
vt 0.458344 0.842498
vt 0.458344 0.854313
vt 0.441769 0.854313
vt 0.441769 0.842498
vt 0.574371 0.842498
vt 0.574371 0.854313
vt 0.856032 0.670463
vt 0.869000 0.670463
vt 0.869000 0.688174
vt 0.856032 0.688174
vt 0.856032 0.652751
vt 0.869000 0.652751
vt 0.856032 0.635040
vt 0.869000 0.635040
vt 0.524645 0.854313
vt 0.524645 0.842498
vt 0.856032 0.862887
vt 0.150115 0.674536
vt 0.139150 0.663570
vt 0.151387 0.651333
vt 0.338868 0.924134
vt 0.557795 0.868002
vt 0.541220 0.868002
vt 0.869000 0.723596
vt 0.373603 0.924134
vt 0.491494 0.868002
vt 0.474919 0.868002
vt 0.474919 0.854313
vt 0.491494 0.854313
vt 0.508070 0.868002
vt 0.508070 0.854313
vt 0.524645 0.868002
vt 0.408340 0.913382
vt 0.356236 0.924134
vt 0.640672 0.904392
vt 0.640672 0.886013
vt 0.458344 0.904392
vt 0.441769 0.904392
vt 0.903790 0.652751
vt 0.903790 0.635040
vt 0.338868 0.952717
vt 0.338868 0.938281
vt 0.356236 0.938281
vt 0.373603 0.938281
vt 0.596966 0.663914
vt 0.321499 0.952717
vt 0.321499 0.938281
vt 0.919475 0.896174
vt 0.640672 0.922615
vt 0.640672 0.940096
vt 0.624096 0.940096
vt 0.169391 0.742758
vt 0.183395 0.756762
vt 0.171159 0.768998
vt 0.158922 0.781235
vt 0.286764 0.967030
vt 0.269396 0.967030
vt 0.963145 0.635040
vt 0.963145 0.652751
vt 0.963145 0.670463
vt 0.943959 0.670463
vt 0.408404 0.869019
vt 0.963145 0.688174
vt 0.943959 0.688174
vt 0.274234 0.734849
vt 0.249022 0.735668
vt 0.262038 0.722652
vt 0.541220 0.922615
vt 0.541220 0.940096
vt 0.524645 0.922615
vt 0.232342 0.707816
vt 0.338868 0.980761
vt 0.338868 0.987493
vt 0.321499 0.987493
vt 0.321499 0.980761
vt 0.356236 0.980761
vt 0.356236 0.987493
vt 0.035303 0.072002
vt 0.034315 0.068592
vt 0.390972 0.980761
vt 0.390972 0.987493
vt 0.373603 0.987493
vt 0.373603 0.980761
vt 0.425708 0.980761
vt 0.425708 0.987493
vt 0.408340 0.987493
vt 0.408340 0.980761
vt 0.234659 0.980761
vt 0.234659 0.987493
vt 0.217292 0.987493
vt 0.217292 0.980761
vt 0.252027 0.980761
vt 0.252027 0.987493
vt 0.242643 0.742047
vt 0.476085 0.692946
vt 0.321499 0.999815
vt 0.321499 0.990346
vt 0.989768 0.723597
vt 0.640672 0.952299
vt 0.640672 0.964355
vt 0.624096 0.964355
vt 0.624096 0.952299
vt 0.373603 0.999815
vt 0.373603 0.990346
vt 0.234659 0.990346
vt 0.234659 0.999815
vt 0.217292 0.999815
vt 0.217292 0.990346
vt 0.425708 0.990346
vt 0.425708 0.999815
vt 0.105692 0.604984
vt 0.976537 0.741308
vt 0.989768 0.741308
vt 0.989768 0.759020
vt 0.976537 0.759020
vt 0.976537 0.546483
vt 0.989768 0.546483
vt 0.989768 0.564195
vt 0.013641 0.175468
vt 0.014626 0.178892
vt 0.008120 0.182663
vt 0.005584 0.180214
vt 0.023091 0.175468
vt 0.022226 0.178921
vt 0.972551 0.759020
vt 0.963145 0.759020
vt 0.028699 0.182728
vt 0.031159 0.180204
vt 0.031267 0.205431
vt 0.028709 0.202984
vt 0.023160 0.210268
vt 0.022152 0.206827
vt 0.013659 0.210285
vt 0.014519 0.206813
vt 0.956072 0.763029
vt 0.964857 0.763029
vt 0.008014 0.203010
vt 0.005545 0.205552
vt 0.019750 0.187497
vt 0.022247 0.188878
vt 0.016986 0.198168
vt 0.014474 0.196795
vt 0.012983 0.194316
vt 0.013002 0.191422
vt 0.305122 0.016820
vt 0.298393 0.023637
vt 0.240499 0.028454
vt 0.233943 0.032296
vt 0.232863 0.028282
vt 0.237606 0.025686
vt 0.303559 0.032296
vt 0.295925 0.032282
vt 0.297079 0.028406
vt 0.302480 0.028282
vt 0.303633 0.004390
vt 0.310106 0.008198
vt 0.307185 0.010916
vt 0.302472 0.008241
vt 0.240490 0.008198
vt 0.244165 0.014677
vt 0.240311 0.015595
vt 0.237569 0.010916
vt 0.244163 0.022034
vt 0.240426 0.021035
vt 0.226416 0.004361
vt 0.234017 0.004390
vt 0.232856 0.008241
vt 0.227459 0.008353
vt 0.021066 0.182772
vt 0.226309 0.032282
vt 0.219804 0.028480
vt 0.222731 0.025741
vt 0.227463 0.028406
vt 0.313781 0.014679
vt 0.309928 0.015595
vt 0.216112 0.021980
vt 0.219987 0.021098
vt 0.285795 0.014542
vt 0.289527 0.008133
vt 0.228714 0.012987
vt 0.297075 0.008353
vt 0.298329 0.012987
vt 0.234038 0.014347
vt 0.292347 0.025741
vt 0.295880 0.022264
vt 0.231620 0.023640
vt 0.231541 0.012967
vt 0.226264 0.022264
vt 0.310042 0.021035
vt 0.305149 0.019723
vt 0.041631 0.075859
vt 0.042973 0.082128
vt 0.224792 0.016892
vt 0.474919 0.948667
vt 0.491494 0.948667
vt 0.491494 0.950680
vt 0.474919 0.950680
vt 0.508070 0.950680
vt 0.972551 0.635040
vt 0.974761 0.741308
vt 0.541220 0.948667
vt 0.557795 0.948667
vt 0.972551 0.564195
vt 0.972551 0.546483
vt 0.974761 0.546483
vt 0.974761 0.759020
vt 0.488100 0.704961
vt 0.475607 0.717454
vt 0.474065 0.715912
vt 0.373603 0.989075
vt 0.356236 0.989075
vt 0.974761 0.688174
vt 0.474919 0.952299
vt 0.458344 0.952299
vt 0.508070 0.952299
vt 0.491494 0.952299
vt 0.269396 0.989075
vt 0.286764 0.990346
vt 0.269396 0.990346
vt 0.441769 0.952299
vt 0.976537 0.652751
vt 0.976537 0.670463
vt 0.974761 0.599618
vt 0.461573 0.728405
vt 0.524645 0.950680
vt 0.524645 0.952299
vt 0.607521 0.950680
vt 0.624096 0.950680
vt 0.607521 0.952299
vt 0.299998 0.733480
vt 0.312195 0.745678
vt 0.269396 0.952717
vt 0.286764 0.952717
vt 0.252027 0.967030
vt 0.252027 0.952717
vt 0.234659 0.967030
vt 0.474919 0.904392
vt 0.491494 0.904392
vt 0.590946 0.922615
vt 0.938153 0.862887
vt 0.091172 0.832965
vt 0.421970 0.855453
vt 0.140071 0.713438
vt 0.152308 0.701201
vt 0.590946 0.868002
vt 0.093487 0.782755
vt 0.080488 0.795754
vt 0.884023 0.635040
vt 0.884023 0.617328
vt 0.903790 0.617328
vt 0.884023 0.688174
vt 0.884023 0.670463
vt 0.884023 0.652751
vt 0.508070 0.886013
vt 0.524645 0.886013
vt 0.739286 0.074344
vt 0.739286 0.084248
vt 0.722385 0.084248
vt 0.722385 0.074344
vt 0.756188 0.074344
vt 0.756188 0.084248
vt 0.773089 0.074344
vt 0.773089 0.084248
vt 0.789990 0.074344
vt 0.789990 0.084248
vt 0.604077 0.074344
vt 0.604077 0.084248
vt 0.587177 0.084248
vt 0.587177 0.074344
vt 0.620979 0.074344
vt 0.620979 0.084248
vt 0.637880 0.074344
vt 0.637880 0.084248
vt 0.654782 0.074344
vt 0.654782 0.084248
vt 0.671682 0.074344
vt 0.671682 0.084248
vt 0.688583 0.074344
vt 0.688583 0.084248
vt 0.705485 0.074344
vt 0.705485 0.084248
vt 0.608502 0.285644
vt 0.612284 0.292194
vt 0.720667 0.903704
vt 0.726016 0.898356
vt 0.737261 0.904848
vt 0.735304 0.912154
vt 0.712216 0.889067
vt 0.103855 0.529206
vt 0.624236 0.280243
vt 0.617685 0.276461
vt 0.766841 0.857530
vt 0.800497 0.915561
vt 0.795149 0.920909
vt 0.783903 0.914417
vt 0.785860 0.907111
vt 0.808947 0.930198
vt 0.801641 0.932156
vt 0.800497 0.961736
vt 0.579675 0.781682
vt 0.582865 0.798008
vt 0.575301 0.798008
vt 0.607707 0.263918
vt 0.780450 0.927302
vt 0.774369 0.927302
vt 0.934662 0.248636
vt 0.590085 0.274092
vt 0.087808 0.533505
vt 0.263022 0.870324
vt 0.269692 0.858771
vt 0.924212 0.287086
vt 0.093682 0.490681
vt 0.093682 0.498245
vt 0.077357 0.495056
vt 0.110008 0.495056
vt 0.785716 0.930342
vt 0.777409 0.938649
vt 0.788756 0.935608
vt 0.766062 0.935608
vt 0.769103 0.930342
vt 0.256245 0.817646
vt 0.249493 0.813748
vt 0.252822 0.801322
vt 0.260619 0.801322
vt 0.520578 0.328012
vt 0.227969 0.776469
vt 0.227970 0.768671
vt 0.215542 0.779798
vt 0.211645 0.773045
vt 0.039988 0.709650
vt 0.037970 0.702118
vt 0.049112 0.695686
vt 0.054625 0.701200
vt 0.007531 0.671679
vt 0.000000 0.669661
vt 0.474919 0.842498
vt 0.154158 0.629632
vt 0.141921 0.641868
vt 0.856032 0.705885
vt 0.869000 0.705885
vt 0.856032 0.723596
vt 0.856032 0.741308
vt 0.856032 0.759020
vt 0.252027 0.904101
vt 0.252027 0.913382
vt 0.234659 0.913382
vt 0.234659 0.904101
vt 0.269396 0.904101
vt 0.590946 0.854313
vt 0.590946 0.842498
vt 0.856032 0.617328
vt 0.869000 0.617328
vt 0.321499 0.904101
vt 0.884023 0.546483
vt 0.869000 0.546483
vt 0.884023 0.705885
vt 0.574371 0.868002
vt 0.640672 0.868002
vt 0.640672 0.854313
vt 0.425708 0.924134
vt 0.425708 0.913382
vt 0.286764 0.938281
vt 0.524645 0.904392
vt 0.508070 0.904392
vt 0.390972 0.952717
vt 0.304131 0.952717
vt 0.304131 0.938281
vt 0.903790 0.564195
vt 0.903790 0.546483
vt 0.321499 0.967030
vt 0.304131 0.967030
vt 0.963145 0.705885
vt 0.943959 0.617328
vt 0.963145 0.617328
vt 0.607521 0.940096
vt 0.425708 0.967030
vt 0.408340 0.967030
vt 0.217292 0.967030
vt 0.590946 0.940096
vt 0.390972 0.967030
vt 0.508070 0.922615
vt 0.195632 0.744525
vt 0.181628 0.730521
vt 0.574371 0.940096
vt 0.557795 0.940096
vt 0.075283 0.032036
vt 0.070591 0.040121
vt 0.607521 0.948667
vt 0.458344 0.940096
vt 0.441769 0.940096
vt 0.317132 0.013715
vt 0.312565 0.005673
vt 0.590946 0.952299
vt 0.590946 0.964355
vt 0.574371 0.964355
vt 0.574371 0.952299
vt 0.474919 0.964355
vt 0.458344 0.964355
vt 0.269396 0.999815
vt 0.252027 0.999815
vt 0.252027 0.990346
vt 0.304131 0.990346
vt 0.304131 0.999815
vt 0.286764 0.999815
vt 0.524645 0.964355
vt 0.508070 0.964355
vt 0.607521 0.964355
vt 0.491494 0.964355
vt 0.120329 0.613434
vt 0.989768 0.617328
vt 0.989768 0.635040
vt 0.295048 0.000937
vt 0.296032 0.004361
vt 0.286990 0.005683
vt 0.304498 0.000937
vt 0.282344 0.022935
vt 0.285728 0.021981
vt 0.289420 0.028480
vt 0.286951 0.031021
vt 0.312673 0.030900
vt 0.310115 0.028455
vt 0.313779 0.022034
vt 0.317163 0.022860
vt 0.304566 0.035737
vt 0.295065 0.035755
vt 0.282397 0.013685
vt 0.386270 0.184293
vt 0.301156 0.012967
vt 0.303653 0.014348
vt 0.303696 0.022226
vt 0.301236 0.023640
vt 0.242047 0.353011
vt 0.242047 0.345213
vt 0.015673 0.202937
vt 0.882174 0.812958
vt 0.868142 0.796315
vt 0.025779 0.185447
vt 0.008188 0.190234
vt 0.008197 0.195629
vt 0.044430 0.087459
vt 0.010941 0.200271
vt 0.235534 0.019723
vt 0.338868 0.989075
vt 0.390972 0.989075
vt 0.972551 0.617328
vt 0.425708 0.989075
vt 0.408340 0.989075
vt 0.321499 0.989075
vt 0.972551 0.705885
vt 0.972551 0.688174
vt 0.387510 0.889912
vt 0.966921 0.846244
vt 0.968579 0.962745
vt 0.640672 0.950680
vt 0.536529 0.653449
vt 0.408340 0.952717
vt 0.425708 0.952717
vt 0.066047 0.834143
vt 0.079198 0.820991
vt 0.903790 0.705885
vt 0.234659 0.924134
vt 0.882174 0.962745
vt 0.474919 0.886013
vt 0.491494 0.886013
vt 0.652313 0.046513
vt 0.652313 0.056418
vt 0.635412 0.056418
vt 0.635412 0.046513
vt 0.669214 0.046513
vt 0.669214 0.056418
vt 0.686116 0.046513
vt 0.686116 0.056418
vt 0.534005 0.046513
vt 0.534005 0.056418
vt 0.550906 0.046513
vt 0.550906 0.056418
vt 0.601610 0.046513
vt 0.601610 0.056418
vt 0.618511 0.046513
vt 0.618511 0.056418
vt 0.303841 0.864923
vt 0.297290 0.861141
vt 0.242915 0.848598
vt 0.247289 0.864923
vt 0.612284 0.235641
vt 0.264010 0.715011
vt 0.251773 0.727247
vt 0.259240 0.876874
vt 0.247289 0.832273
vt 0.595959 0.231268
vt 0.579634 0.235641
vt 0.259240 0.820322
vt 0.275566 0.881248
vt 0.291890 0.876873
vt 0.285739 0.854471
vt 0.886587 0.258060
vt 0.878791 0.258059
vt 0.875460 0.245633
vt 0.882213 0.241734
vt 0.980937 0.862887
vt 0.980937 0.879530
vt 0.313122 0.817934
vt 0.304147 0.826909
vt 0.890061 0.293238
vt 0.896612 0.289456
vt 0.202827 0.776194
vt 0.193169 0.766536
vt 0.275565 0.848598
vt 0.009598 0.566772
vt 0.017395 0.566772
vt 0.070525 0.550446
vt 0.063772 0.554345
vt 0.054676 0.545248
vt 0.058574 0.538495
vt 0.058573 0.595048
vt 0.054676 0.588295
vt 0.063773 0.579198
vt 0.070525 0.583096
vt 0.042249 0.534121
vt 0.042249 0.541918
vt 0.029822 0.545248
vt 0.025924 0.538495
vt 0.239537 0.739484
vt 0.694018 0.898191
vt 0.699532 0.903704
vt 0.074899 0.566771
vt 0.067102 0.566771
vt 0.834152 0.903704
vt 0.828638 0.898191
vt 0.166118 0.812903
vt 0.156460 0.803245
vt 0.065372 0.911336
vt 0.057575 0.911336
vt 0.054244 0.898910
vt 0.060997 0.895011
vt 0.117448 0.666341
vt 0.105211 0.678578
vt 0.856032 0.564195
vt 0.092975 0.690814
vt 0.080738 0.703051
vt 0.129684 0.654105
vt 0.431457 0.772783
vt 0.190868 0.592922
vt 0.200333 0.602387
vt 0.856032 0.546483
vt 0.217292 0.913382
vt 0.217292 0.904101
vt 0.077967 0.724753
vt 0.068502 0.715287
vt 0.211298 0.613353
vt 0.212569 0.590151
vt 0.852023 0.743549
vt 0.224806 0.577914
vt 0.199062 0.625590
vt 0.088933 0.735718
vt 0.154793 0.728160
vt 0.264922 0.618031
vt 0.423455 0.829573
vt 0.435652 0.841770
vt 0.923960 0.599618
vt 0.903790 0.759020
vt 0.103362 0.750147
vt 0.267283 0.644865
vt 0.281288 0.658870
vt 0.269052 0.671106
vt 0.255047 0.657101
vt 0.963145 0.546483
vt 0.279520 0.632628
vt 0.293525 0.646633
vt 0.963145 0.599618
vt 0.943959 0.599618
vt 0.251444 0.702444
vt 0.300390 0.653498
vt 0.146686 0.793471
vt 0.239207 0.714681
vt 0.288483 0.690537
vt 0.276246 0.702774
vt 0.013973 0.550447
vt 0.020725 0.554344
vt 0.291061 0.668643
vt 0.300719 0.678301
vt 0.303298 0.656407
vt 0.312956 0.666064
vt 0.640601 0.798008
vt 0.633038 0.798008
vt 0.636227 0.781682
vt 0.247517 0.013715
vt 0.242949 0.005673
vt 0.353696 0.031130
vt 0.356170 0.028559
vt 0.362746 0.032312
vt 0.361895 0.035748
vt 0.349018 0.022935
vt 0.352432 0.021960
vt 0.353673 0.005558
vt 0.356205 0.008013
vt 0.352462 0.014486
vt 0.349038 0.013628
vt 0.361760 0.000937
vt 0.362720 0.004335
vt 0.379249 0.005645
vt 0.376755 0.008195
vt 0.370197 0.004383
vt 0.371074 0.000937
vt 0.383838 0.013866
vt 0.383757 0.023108
vt 0.361063 0.016890
vt 0.367892 0.013035
vt 0.370362 0.014482
vt 0.661959 0.845070
vt 0.644681 0.845070
vt 0.373814 0.011087
vt 0.369220 0.008292
vt 0.363703 0.028408
vt 0.356242 0.015517
vt 0.041915 0.096163
vt 0.040585 0.091407
vt 0.145270 0.010929
vt 0.031576 0.078699
vt 0.036219 0.075902
vt 0.037581 0.080710
vt 0.241144 0.743546
vt 0.302002 0.655110
vt 0.966921 0.829601
vt 0.167030 0.715923
vt 0.484531 0.776349
vt 0.470575 0.762392
vt 0.125918 0.894014
vt 0.139069 0.880862
vt 0.338868 0.967030
vt 0.054073 0.822169
vt 0.067224 0.809017
vt 0.302694 0.681995
vt 0.644681 0.743549
vt 0.500679 0.070333
vt 0.500680 0.060427
vt 0.517580 0.060427
vt 0.517580 0.070333
vt 0.483778 0.070332
vt 0.483778 0.060427
vt 0.669690 0.070332
vt 0.669690 0.060427
vt 0.686592 0.060427
vt 0.686592 0.070332
vt 0.652789 0.070333
vt 0.652789 0.060427
vt 0.635888 0.070333
vt 0.635888 0.060427
vt 0.618987 0.070333
vt 0.618987 0.060427
vt 0.602085 0.070333
vt 0.602085 0.060427
vt 0.585185 0.070333
vt 0.585185 0.060427
vt 0.568284 0.070333
vt 0.568284 0.060427
vt 0.551382 0.070333
vt 0.551382 0.060427
vt 0.534481 0.070333
vt 0.534481 0.060427
vt 0.054245 0.923764
vt 0.060997 0.927662
vt 0.808947 0.947099
vt 0.291890 0.820322
vt 0.866363 0.236536
vt 0.870262 0.229783
vt 0.093682 0.511584
vt 0.595959 0.275665
vt 0.601832 0.274092
vt 0.595959 0.263918
vt 0.606132 0.269792
vt 0.042249 0.591624
vt 0.042249 0.599421
vt 0.199693 0.817646
vt 0.206445 0.813748
vt 0.137230 0.550359
vt 0.231634 0.884089
vt 0.223107 0.892617
vt 0.644681 0.729125
vt 0.644681 0.716677
vt 0.408340 0.904101
vt 0.640672 0.842498
vt 0.425708 0.904101
vt 0.491494 0.842498
vt 0.203104 0.580686
vt 0.508070 0.842498
vt 0.087945 0.740400
vt 0.610335 0.727254
vt 0.449061 0.828362
vt 0.459252 0.818171
vt 0.923960 0.617328
vt 0.634444 0.626436
vt 0.648520 0.640512
vt 0.956072 0.929459
vt 0.938153 0.929459
vt 0.458344 0.922615
vt 0.441769 0.922615
vt 0.972551 0.581906
vt 0.972551 0.599618
vt 0.640672 0.948667
vt 0.624096 0.948667
vt 0.989768 0.652751
vt 0.989768 0.670463
vt 0.918338 0.244262
vt 0.441769 0.964355
vt 0.541220 0.964355
vt 0.225432 0.000937
vt 0.217374 0.005683
vt 0.234882 0.000937
vt 0.247547 0.022860
vt 0.212728 0.022935
vt 0.217335 0.031021
vt 0.243057 0.030900
vt 0.234950 0.035737
vt 0.225449 0.035755
vt 0.212780 0.013685
vt 0.234080 0.022226
vt 0.307223 0.025686
vt 0.155011 0.960712
vt 0.023296 0.828997
vt 0.035270 0.840971
vt 0.525578 0.667482
vt 0.524037 0.665941
vt 0.234659 0.989075
vt 0.217292 0.989075
vt 0.252027 0.989075
vt 0.104494 0.915437
vt 0.425708 0.938281
vt 0.876037 0.056417
vt 0.876037 0.046513
vt 0.892939 0.046513
vt 0.892938 0.056417
vt 0.859136 0.056417
vt 0.859136 0.046513
vt 0.842234 0.056417
vt 0.842234 0.046513
vt 0.825334 0.056418
vt 0.825334 0.046513
vt 0.808433 0.056418
vt 0.808433 0.046513
vt 0.791531 0.056418
vt 0.791531 0.046513
vt 0.774631 0.056418
vt 0.774631 0.046513
vt 0.757729 0.056418
vt 0.757729 0.046513
vt 0.740828 0.056418
vt 0.740828 0.046513
vt 0.723927 0.056417
vt 0.723927 0.046513
vt 0.707026 0.056417
vt 0.707026 0.046513
vt 0.567683 0.247592
vt 0.624276 0.769732
vt 0.065406 0.507007
vt 0.061031 0.523332
vt 0.160318 0.590347
vt 0.902012 0.248636
vt 0.908163 0.282786
vt 0.093682 0.523332
vt 0.007868 0.911336
vt 0.000071 0.911336
vt 0.802614 0.912154
vt 0.804631 0.904624
vt 0.817496 0.904624
vt 0.819515 0.912154
vt 0.556920 0.798768
vt 0.606892 0.748796
vt 0.597842 0.739747
vt 0.619384 0.736304
vt 0.215341 0.568449
vt 0.656862 0.698826
vt 0.856032 0.763029
vt 0.856032 0.779672
vt 0.856032 0.796315
vt 0.217292 0.924134
vt 0.882174 0.829601
vt 0.662315 0.654307
vt 0.919475 0.763029
vt 0.900637 0.763029
vt 0.919475 0.846244
vt 0.900637 0.846244
vt 0.582113 0.624076
vt 0.595502 0.637465
vt 0.519649 0.686540
vt 0.507156 0.699032
vt 0.607995 0.624973
vt 0.594605 0.611583
vt 0.607098 0.599090
vt 0.620488 0.612480
vt 0.113301 0.906631
vt 0.457186 0.749003
vt 0.450622 0.742439
vt 0.463114 0.729946
vt 0.690125 0.056417
vt 0.690125 0.046513
vt 0.563056 0.630004
vt 0.550563 0.642497
vt 0.538070 0.654990
vt 0.980937 0.896174
vt 0.980937 0.812958
vt 0.980937 0.962745
vt 0.980937 0.796315
vt 0.100645 0.031988
vt 0.092556 0.027411
vt 0.105332 0.040056
vt 0.105372 0.049290
vt 0.100849 0.057417
vt 0.092786 0.062174
vt 0.083499 0.062244
vt 0.075315 0.057674
vt 0.077777 0.055093
vt 0.070554 0.049509
vt 0.083333 0.027411
vt 0.091860 0.040811
vt 0.093318 0.043287
vt 0.011322 0.817023
vt 0.009869 0.818476
vt 0.449080 0.740897
vt 0.966921 0.763029
vt 0.447841 0.739658
vt 0.938153 0.763029
vt 0.707503 0.060431
vt 0.707503 0.070335
vt 0.690601 0.070335
vt 0.690601 0.060431
vt 0.724404 0.060431
vt 0.724404 0.070335
vt 0.741304 0.060431
vt 0.741304 0.070335
vt 0.758206 0.060431
vt 0.758206 0.070335
vt 0.775107 0.060431
vt 0.775107 0.070335
vt 0.792008 0.060431
vt 0.792008 0.070335
vt 0.808909 0.060431
vt 0.808909 0.070335
vt 0.825810 0.060431
vt 0.825810 0.070335
vt 0.842712 0.060431
vt 0.842712 0.070335
vt 0.859612 0.060431
vt 0.859612 0.070335
vt 0.876514 0.060431
vt 0.876514 0.070335
vt 0.557795 0.964355
vt 0.275565 0.815947
vt 0.316344 0.839106
vt 0.000001 0.828345
vt 0.008701 0.819644
vt 0.918337 0.276912
vt 0.049113 0.457319
vt 0.054626 0.462833
vt 0.055545 0.446178
vt 0.063077 0.448196
vt 0.063077 0.431295
vt 0.055545 0.433313
vt 0.438607 0.730424
vt 0.468048 0.809374
vt 0.159790 0.812245
vt 0.312886 0.671804
vt 0.321682 0.663008
vt 0.213228 0.902496
vt 0.053430 0.846760
vt 0.041456 0.834786
vt 0.893415 0.060431
vt 0.893415 0.070335
vt 0.047244 0.852945
vt 0.095793 0.924138
vt 0.255358 0.778120
vt 0.056387 0.090661
vt 0.051762 0.098684
vt 0.043832 0.103304
vt 0.042844 0.099981
vt 0.021658 0.091081
vt 0.021528 0.081545
vt 0.026203 0.073316
vt 0.028790 0.075778
vt 0.043052 0.089935
vt 0.033693 0.084699
vt 0.045791 0.854398
vt 0.494814 0.605182
vt 0.519648 0.605009
vt 0.505453 0.657908
vt 0.483866 0.645639
vt 0.466720 0.696615
vt 0.454160 0.675200
vt 0.413829 0.710774
vt 0.413656 0.685948
vt 0.360943 0.696597
vt 0.373205 0.675009
vt 0.322221 0.657877
vt 0.343637 0.645310
vt 0.308045 0.604974
vt 0.332880 0.604802
vt 0.322239 0.552075
vt 0.343827 0.564344
vt 0.360973 0.513368
vt 0.373533 0.534784
vt 0.413864 0.499209
vt 0.414037 0.524035
vt 0.466750 0.513386
vt 0.454488 0.534974
vt 0.505472 0.552106
vt 0.484056 0.564673
vt 0.468169 0.636968
vt 0.476881 0.605522
vt 0.444902 0.659842
vt 0.413315 0.668020
vt 0.381873 0.659312
vt 0.358994 0.636049
vt 0.350812 0.604461
vt 0.359524 0.573016
vt 0.382791 0.550141
vt 0.414378 0.541963
vt 0.445820 0.550671
vt 0.468699 0.573934
vt 0.456202 0.630201
vt 0.448874 0.625923
vt 0.454647 0.605604
vt 0.463133 0.605646
vt 0.437921 0.648000
vt 0.433716 0.640632
vt 0.413192 0.654275
vt 0.413234 0.645790
vt 0.388638 0.647346
vt 0.392916 0.640018
vt 0.370837 0.629068
vt 0.378206 0.624861
vt 0.364560 0.604337
vt 0.373046 0.604379
vt 0.371491 0.579782
vt 0.378819 0.584060
vt 0.389772 0.561983
vt 0.393978 0.569352
vt 0.414501 0.555708
vt 0.414459 0.564193
vt 0.439055 0.562638
vt 0.434777 0.569965
vt 0.456856 0.580915
vt 0.449487 0.585122
vt 0.433675 0.605313
vt 0.444743 0.605483
vt 0.440358 0.620866
vt 0.430858 0.615184
vt 0.428870 0.631994
vt 0.423483 0.622324
vt 0.413355 0.635888
vt 0.413525 0.624819
vt 0.397972 0.631503
vt 0.403654 0.622002
vt 0.386844 0.620015
vt 0.396514 0.614627
vt 0.382950 0.604500
vt 0.394018 0.604670
vt 0.387335 0.589117
vt 0.396835 0.594800
vt 0.398823 0.577990
vt 0.404210 0.587660
vt 0.414338 0.574096
vt 0.414168 0.585164
vt 0.429721 0.578481
vt 0.424039 0.587981
vt 0.440849 0.589969
vt 0.431179 0.595356
vt 0.413847 0.604991
vt 0.646069 0.428224
vt 0.665502 0.417931
vt 0.678436 0.467690
vt 0.655158 0.468086
vt 0.664527 0.519326
vt 0.643445 0.508208
vt 0.625778 0.558075
vt 0.612776 0.537740
vt 0.572237 0.572608
vt 0.571236 0.548171
vt 0.517998 0.558476
vt 0.530081 0.536434
vt 0.476868 0.517828
vt 0.500765 0.505174
vt 0.466364 0.460963
vt 0.491386 0.463357
vt 0.485158 0.408164
vt 0.504806 0.422724
vt 0.527264 0.372051
vt 0.536776 0.394229
vt 0.581082 0.361771
vt 0.578434 0.385455
vt 0.631608 0.379277
vt 0.618202 0.398310
vt 0.637544 0.468351
vt 0.630594 0.436420
vt 0.627786 0.499895
vt 0.603335 0.522745
vt 0.570704 0.530493
vt 0.538801 0.520943
vt 0.516666 0.496753
vt 0.509098 0.464851
vt 0.519128 0.433098
vt 0.543872 0.410462
vt 0.576512 0.403077
vt 0.608085 0.412730
vt 0.623581 0.468348
vt 0.614813 0.468213
vt 0.610264 0.447187
vt 0.618113 0.443030
vt 0.615664 0.493150
vt 0.608186 0.488792
vt 0.596283 0.510943
vt 0.592064 0.503504
vt 0.570645 0.516861
vt 0.570812 0.508386
vt 0.545720 0.509254
vt 0.550259 0.502084
vt 0.528510 0.490482
vt 0.535820 0.486611
vt 0.522655 0.465697
vt 0.531137 0.465973
vt 0.530370 0.440807
vt 0.537475 0.445431
vt 0.549671 0.422926
vt 0.553454 0.430596
vt 0.575279 0.416895
vt 0.574682 0.425527
vt 0.600242 0.424282
vt 0.595428 0.431610
vt 0.590881 0.457453
vt 0.601059 0.452062
vt 0.604565 0.467950
vt 0.593150 0.467617
vt 0.599544 0.483543
vt 0.589946 0.477621
vt 0.587353 0.494672
vt 0.582139 0.484770
vt 0.571298 0.498375
vt 0.571845 0.487162
vt 0.555706 0.493663
vt 0.561815 0.484169
vt 0.544699 0.481909
vt 0.554712 0.476607
vt 0.541162 0.466199
vt 0.552449 0.466483
vt 0.546027 0.450656
vt 0.555609 0.456504
vt 0.558112 0.439456
vt 0.563372 0.449333
vt 0.574167 0.435626
vt 0.573673 0.446893
vt 0.589887 0.440234
vt 0.583748 0.449864
vt 0.572778 0.467040
vt 0.160666 0.384017
vt 0.175242 0.399459
vt 0.130830 0.424918
vt 0.124842 0.403199
vt 0.077099 0.424918
vt 0.082682 0.402508
vt 0.028859 0.397183
vt 0.045072 0.380241
vt 0.000306 0.348473
vt 0.023092 0.341839
vt 0.000003 0.292307
vt 0.023431 0.298224
vt 0.027817 0.243271
vt 0.045521 0.262027
vt 0.078376 0.218331
vt 0.082933 0.242061
vt 0.134431 0.221874
vt 0.126493 0.244239
vt 0.181413 0.253189
vt 0.163565 0.268397
vt 0.206319 0.302948
vt 0.183624 0.307230
vt 0.203221 0.356590
vt 0.181882 0.349358
vt 0.120149 0.386806
vt 0.149044 0.371704
vt 0.086686 0.385692
vt 0.057162 0.367613
vt 0.040380 0.337369
vt 0.040266 0.303430
vt 0.057304 0.274510
vt 0.087159 0.259168
vt 0.121034 0.261240
vt 0.150259 0.279739
vt 0.166607 0.310256
vt 0.165787 0.343729
vt 0.116486 0.373582
vt 0.114241 0.365118
vt 0.133427 0.355158
vt 0.139521 0.361615
vt 0.090009 0.372396
vt 0.092214 0.364046
vt 0.067033 0.357966
vt 0.073173 0.352017
vt 0.053641 0.334342
vt 0.062021 0.332406
vt 0.053510 0.307555
vt 0.061914 0.310147
vt 0.066900 0.284677
vt 0.073033 0.291174
vt 0.090512 0.272629
vt 0.092614 0.281168
vt 0.117248 0.274305
vt 0.114832 0.282559
vt 0.140059 0.289037
vt 0.133766 0.294824
vt 0.153140 0.312807
vt 0.144676 0.314526
vt 0.152797 0.339309
vt 0.144477 0.336580
vt 0.117958 0.338770
vt 0.126111 0.347409
vt 0.111592 0.355007
vt 0.108649 0.343661
vt 0.094884 0.354165
vt 0.097916 0.343120
vt 0.080436 0.345062
vt 0.088623 0.337275
vt 0.072022 0.330164
vt 0.083238 0.327680
vt 0.071974 0.313303
vt 0.083237 0.316864
vt 0.080430 0.299010
vt 0.088669 0.307740
vt 0.095187 0.291393
vt 0.098092 0.302844
vt 0.112016 0.292413
vt 0.108889 0.303469
vt 0.126404 0.301674
vt 0.118157 0.309398
vt 0.134659 0.316622
vt 0.123457 0.319011
vt 0.134536 0.333352
vt 0.123378 0.329759
vt 0.103358 0.323302
vt 0.666785 0.373173
vt 0.647569 0.391254
vt 0.622640 0.339765
vt 0.646835 0.335505
vt 0.626682 0.283913
vt 0.649082 0.292449
vt 0.657777 0.237468
vt 0.672696 0.255870
vt 0.707238 0.212871
vt 0.711067 0.235969
vt 0.760809 0.216131
vt 0.753154 0.237705
vt 0.803738 0.244301
vt 0.787997 0.259113
vt 0.829247 0.288862
vt 0.807249 0.295192
vt 0.829247 0.342531
vt 0.806425 0.337307
vt 0.801690 0.390407
vt 0.784231 0.374398
vt 0.753444 0.418624
vt 0.746285 0.395747
vt 0.697449 0.419265
vt 0.703171 0.395375
vt 0.664104 0.332237
vt 0.679706 0.361014
vt 0.665551 0.298479
vt 0.683829 0.269439
vt 0.713892 0.253281
vt 0.747280 0.254103
vt 0.775383 0.270983
vt 0.790525 0.300059
vt 0.789316 0.333436
vt 0.771362 0.362462
vt 0.741266 0.378941
vt 0.707482 0.378336
vt 0.677344 0.328940
vt 0.685666 0.326905
vt 0.695626 0.346034
vt 0.689388 0.351903
vt 0.678663 0.302633
vt 0.686792 0.305113
vt 0.692777 0.279860
vt 0.698501 0.286247
vt 0.716343 0.266912
vt 0.718032 0.275440
vt 0.742740 0.267295
vt 0.739978 0.275690
vt 0.765097 0.280661
vt 0.758568 0.286806
vt 0.777081 0.303790
vt 0.768534 0.306036
vt 0.775859 0.330161
vt 0.767450 0.327958
vt 0.761505 0.352896
vt 0.755477 0.346795
vt 0.737914 0.365601
vt 0.735935 0.357337
vt 0.711577 0.365320
vt 0.714114 0.357137
vt 0.711715 0.330893
vt 0.703208 0.338900
vt 0.695642 0.324411
vt 0.706850 0.321595
vt 0.696472 0.307869
vt 0.707379 0.310959
vt 0.705397 0.293608
vt 0.713138 0.301807
vt 0.720165 0.285439
vt 0.722618 0.296583
vt 0.736797 0.285616
vt 0.733284 0.296707
vt 0.750835 0.294082
vt 0.742264 0.302148
vt 0.758432 0.308609
vt 0.747148 0.311441
vt 0.757599 0.325219
vt 0.746625 0.322095
vt 0.748549 0.339465
vt 0.740834 0.331240
vt 0.733771 0.347506
vt 0.731350 0.336434
vt 0.717210 0.347332
vt 0.720702 0.336315
vt 0.726992 0.316519
vt 0.292090 0.398006
vt 0.304900 0.373382
vt 0.346273 0.414755
vt 0.323816 0.427418
vt 0.360631 0.469125
vt 0.335633 0.468483
vt 0.346245 0.522419
vt 0.325329 0.509511
vt 0.307814 0.560814
vt 0.296232 0.539602
vt 0.256508 0.574670
vt 0.256635 0.551132
vt 0.206787 0.561981
vt 0.217037 0.542277
vt 0.167855 0.528550
vt 0.187056 0.514935
vt 0.149750 0.478585
vt 0.173767 0.475892
vt 0.159130 0.425077
vt 0.181707 0.434794
vt 0.194512 0.382705
vt 0.209387 0.402807
vt 0.247275 0.363252
vt 0.249796 0.388911
vt 0.308047 0.436458
vt 0.283567 0.414391
vt 0.317665 0.468111
vt 0.310095 0.500186
vt 0.287681 0.524050
vt 0.256669 0.533577
vt 0.225076 0.526823
vt 0.201411 0.504831
vt 0.191411 0.473968
vt 0.198086 0.441916
vt 0.220006 0.417306
vt 0.251445 0.407012
vt 0.296246 0.443519
vt 0.289066 0.447996
vt 0.273429 0.433878
vt 0.277279 0.426477
vt 0.303922 0.468125
vt 0.295436 0.468318
vt 0.298226 0.493266
vt 0.290793 0.489143
vt 0.280819 0.512137
vt 0.276415 0.504830
vt 0.256478 0.519837
vt 0.256224 0.511270
vt 0.231476 0.514522
vt 0.235470 0.506844
vt 0.212772 0.497100
vt 0.219933 0.492390
vt 0.205105 0.472749
vt 0.213616 0.472160
vt 0.210565 0.447663
vt 0.218209 0.451383
vt 0.227883 0.428567
vt 0.232595 0.435626
vt 0.252437 0.420728
vt 0.252892 0.429177
vt 0.263764 0.452457
vt 0.268884 0.442613
vt 0.280714 0.453410
vt 0.271352 0.459431
vt 0.285520 0.468754
vt 0.274425 0.469281
vt 0.282019 0.484489
vt 0.272171 0.479371
vt 0.271143 0.496392
vt 0.265194 0.487007
vt 0.255833 0.501281
vt 0.255363 0.490135
vt 0.240141 0.497865
vt 0.245314 0.487922
vt 0.228336 0.486976
vt 0.237734 0.480963
vt 0.223552 0.471634
vt 0.234652 0.471117
vt 0.227055 0.455894
vt 0.236899 0.461021
vt 0.237931 0.443997
vt 0.243868 0.453384
vt 0.253252 0.439125
vt 0.253696 0.450247
vt 0.254536 0.470194
vt 0.784758 0.661702
vt 0.795023 0.681386
vt 0.745275 0.694111
vt 0.745100 0.670589
vt 0.693912 0.680234
vt 0.705421 0.659015
vt 0.655448 0.641770
vt 0.676284 0.628827
vt 0.641074 0.588441
vt 0.665999 0.587736
vt 0.655422 0.534115
vt 0.677822 0.546691
vt 0.696689 0.492802
vt 0.709475 0.517321
vt 0.754188 0.482616
vt 0.751677 0.508181
vt 0.806945 0.501952
vt 0.792099 0.521984
vt 0.842443 0.544266
vt 0.819902 0.553941
vt 0.851961 0.597823
vt 0.827974 0.595112
vt 0.833935 0.647881
vt 0.814749 0.634273
vt 0.745029 0.653005
vt 0.776689 0.646225
vt 0.713940 0.643431
vt 0.691485 0.619476
vt 0.683922 0.587334
vt 0.693541 0.555677
vt 0.717976 0.533626
vt 0.750045 0.526215
vt 0.781508 0.536450
vt 0.803534 0.561052
vt 0.810319 0.593176
vt 0.800371 0.624148
vt 0.745196 0.639218
vt 0.745433 0.630615
vt 0.766234 0.626174
vt 0.770254 0.633883
vt 0.720789 0.631478
vt 0.725188 0.624144
vt 0.703343 0.612533
vt 0.710776 0.608397
vt 0.697642 0.587333
vt 0.706121 0.587521
vt 0.705314 0.562709
vt 0.712484 0.567175
vt 0.724253 0.545665
vt 0.728103 0.553047
vt 0.749071 0.539892
vt 0.748629 0.548329
vt 0.773654 0.547699
vt 0.768954 0.554758
vt 0.791052 0.566799
vt 0.783406 0.570527
vt 0.796599 0.591949
vt 0.788066 0.591358
vt 0.788973 0.616391
vt 0.781783 0.611662
vt 0.756332 0.607185
vt 0.761533 0.617160
vt 0.745810 0.620587
vt 0.746265 0.609404
vt 0.730462 0.615677
vt 0.736411 0.606265
vt 0.719557 0.603733
vt 0.729414 0.598606
vt 0.716042 0.587960
vt 0.727148 0.588491
vt 0.720840 0.572595
vt 0.730213 0.578623
vt 0.732658 0.561783
vt 0.737797 0.571637
vt 0.748289 0.558281
vt 0.747866 0.569419
vt 0.763634 0.563145
vt 0.757712 0.572555
vt 0.774555 0.575056
vt 0.764708 0.580202
vt 0.778105 0.590834
vt 0.766982 0.590325
vt 0.773345 0.606230
vt 0.763915 0.600202
vt 0.747064 0.589409
vt 0.347118 0.186769
vt 0.368642 0.187417
vt 0.355187 0.236919
vt 0.335239 0.225856
vt 0.317244 0.274863
vt 0.304880 0.255074
vt 0.263876 0.289260
vt 0.262896 0.265667
vt 0.209746 0.275131
vt 0.220856 0.253965
vt 0.169634 0.236012
vt 0.190532 0.223203
vt 0.154142 0.180938
vt 0.180464 0.181734
vt 0.172938 0.126902
vt 0.193021 0.140951
vt 0.215338 0.090284
vt 0.225145 0.112081
vt 0.270213 0.079455
vt 0.267811 0.102940
vt 0.322607 0.097040
vt 0.309075 0.116044
vt 0.358192 0.137196
vt 0.337615 0.147037
vt 0.320024 0.217498
vt 0.329865 0.186248
vt 0.295556 0.240275
vt 0.262259 0.248158
vt 0.229205 0.238554
vt 0.205641 0.214212
vt 0.198208 0.182272
vt 0.207557 0.150839
vt 0.232548 0.127967
vt 0.266118 0.120376
vt 0.298876 0.130254
vt 0.321925 0.154462
vt 0.307899 0.210649
vt 0.300267 0.206204
vt 0.306819 0.185553
vt 0.315776 0.185823
vt 0.288365 0.228462
vt 0.283972 0.220961
vt 0.262062 0.234427
vt 0.262118 0.225847
vt 0.236290 0.226747
vt 0.240751 0.219493
vt 0.217776 0.207900
vt 0.225388 0.203900
vt 0.211538 0.182675
vt 0.220137 0.182934
vt 0.219289 0.157873
vt 0.226646 0.162326
vt 0.238907 0.140180
vt 0.242922 0.147689
vt 0.265093 0.134068
vt 0.264630 0.142637
vt 0.290986 0.141610
vt 0.286149 0.148832
vt 0.309410 0.160567
vt 0.301524 0.164546
vt 0.284393 0.184876
vt 0.296188 0.185232
vt 0.291284 0.200884
vt 0.281271 0.194910
vt 0.278923 0.212059
vt 0.273347 0.202084
vt 0.262396 0.215752
vt 0.262751 0.204466
vt 0.246194 0.210993
vt 0.252331 0.201432
vt 0.234552 0.199143
vt 0.244852 0.193809
vt 0.230590 0.183251
vt 0.242317 0.183604
vt 0.235504 0.167626
vt 0.245464 0.173572
vt 0.247840 0.156502
vt 0.253389 0.166415
vt 0.264300 0.152731
vt 0.263973 0.164016
vt 0.280573 0.157413
vt 0.274406 0.167033
vt 0.292238 0.169313
vt 0.281882 0.174672
vt 0.263364 0.184241
vt 0.414830 0.247284
vt 0.415573 0.221504
vt 0.468954 0.239613
vt 0.455396 0.259614
vt 0.506090 0.281747
vt 0.484660 0.291946
vt 0.517176 0.337108
vt 0.493799 0.335236
vt 0.499607 0.389909
vt 0.480532 0.376882
vt 0.459486 0.425653
vt 0.449511 0.405446
vt 0.409385 0.436185
vt 0.409996 0.414955
vt 0.359973 0.422785
vt 0.371095 0.403186
vt 0.321976 0.384788
vt 0.341772 0.372882
vt 0.307479 0.331063
vt 0.330925 0.330541
vt 0.321736 0.276432
vt 0.342543 0.287849
vt 0.361237 0.236509
vt 0.373621 0.257257
vt 0.446289 0.274696
vt 0.414336 0.264439
vt 0.468778 0.300106
vt 0.476370 0.333847
vt 0.466356 0.366985
vt 0.442109 0.390080
vt 0.410484 0.398025
vt 0.379370 0.388270
vt 0.356494 0.363818
vt 0.348406 0.330157
vt 0.357928 0.296910
vt 0.381843 0.272838
vt 0.439145 0.286581
vt 0.434594 0.294103
vt 0.413676 0.287334
vt 0.413933 0.278407
vt 0.456865 0.306665
vt 0.449321 0.310792
vt 0.462582 0.333207
vt 0.454040 0.332850
vt 0.455028 0.359265
vt 0.447826 0.354494
vt 0.436047 0.377764
vt 0.432094 0.369950
vt 0.410884 0.384152
vt 0.411140 0.375275
vt 0.386131 0.376326
vt 0.390529 0.368752
vt 0.368247 0.356762
vt 0.375712 0.352417
vt 0.362208 0.330314
vt 0.370755 0.330448
vt 0.369444 0.304144
vt 0.376737 0.308699
vt 0.388292 0.285115
vt 0.392401 0.292887
vt 0.413019 0.310100
vt 0.413364 0.298104
vt 0.429184 0.303150
vt 0.423143 0.313300
vt 0.440363 0.315769
vt 0.430336 0.321375
vt 0.443992 0.332488
vt 0.432699 0.332120
vt 0.439260 0.348895
vt 0.429649 0.342664
vt 0.427344 0.360639
vt 0.421994 0.350208
vt 0.411447 0.364622
vt 0.411790 0.352749
vt 0.395807 0.359729
vt 0.401748 0.349625
vt 0.384587 0.347319
vt 0.394541 0.341652
vt 0.380808 0.330666
vt 0.392104 0.330949
vt 0.385393 0.314185
vt 0.395081 0.320358
vt 0.397281 0.302231
vt 0.402727 0.312712
vt 0.412402 0.331486
vt 0.920367 0.516638
vt 0.928307 0.542470
vt 0.870494 0.542118
vt 0.877538 0.518003
vt 0.822158 0.513751
vt 0.840138 0.497193
vt 0.794578 0.465608
vt 0.818139 0.460431
vt 0.794578 0.410803
vt 0.817336 0.417847
vt 0.821256 0.364451
vt 0.837428 0.381187
vt 0.865585 0.338416
vt 0.872044 0.359427
vt 0.916886 0.335057
vt 0.912906 0.357987
vt 0.964993 0.358421
vt 0.950121 0.377033
vt 0.995777 0.403765
vt 0.973375 0.412715
vt 0.999999 0.459088
vt 0.975823 0.455488
vt 0.975941 0.509706
vt 0.956568 0.493711
vt 0.882325 0.500891
vt 0.915083 0.499447
vt 0.853011 0.485075
vt 0.835413 0.456508
vt 0.834281 0.423044
vt 0.849690 0.393830
vt 0.877189 0.376164
vt 0.909862 0.375334
vt 0.939020 0.390849
vt 0.956880 0.419172
vt 0.958365 0.452692
vt 0.942996 0.482244
vt 0.885699 0.487735
vt 0.887560 0.479455
vt 0.908714 0.478728
vt 0.911146 0.486638
vt 0.862692 0.475480
vt 0.868567 0.469367
vt 0.848744 0.453152
vt 0.856988 0.450876
vt 0.847622 0.426850
vt 0.855991 0.429059
vt 0.859564 0.403705
vt 0.865861 0.409813
vt 0.881339 0.389667
vt 0.883949 0.398161
vt 0.907240 0.389051
vt 0.905460 0.397641
vt 0.930121 0.401492
vt 0.924436 0.408020
vt 0.943965 0.423883
vt 0.935866 0.426631
vt 0.944967 0.450190
vt 0.936673 0.448434
vt 0.932815 0.473253
vt 0.926624 0.467448
vt 0.902430 0.458284
vt 0.905761 0.469121
vt 0.889664 0.469645
vt 0.892059 0.458607
vt 0.875304 0.461944
vt 0.882849 0.453625
vt 0.866567 0.447963
vt 0.877258 0.444648
vt 0.865816 0.431463
vt 0.876794 0.434066
vt 0.873295 0.416880
vt 0.881605 0.424722
vt 0.887012 0.408123
vt 0.890398 0.419138
vt 0.903279 0.407663
vt 0.900810 0.418820
vt 0.917657 0.415528
vt 0.910038 0.423848
vt 0.926305 0.429601
vt 0.915597 0.432864
vt 0.926928 0.446076
vt 0.916015 0.443431
vt 0.919375 0.460513
vt 0.911192 0.452725
vt 0.896421 0.438733
s 1
usemtl None
f 364/31/190 361/32/191 362/33/192
f 362/33/192 363/34/193 364/31/190
f 368/35/194 365/36/195 366/37/196
f 366/37/196 367/38/197 368/35/194
f 372/39/198 369/40/199 370/41/200
f 370/41/200 371/42/201 372/39/198
f 376/43/202 373/44/203 374/45/204
f 374/45/204 375/46/205 376/43/202
f 380/47/206 377/48/207 378/49/208
f 378/49/208 379/50/209 380/47/206
f 384/51/210 381/52/211 382/53/212
f 382/53/212 383/54/213 384/51/210
f 388/55/214 385/56/215 386/57/216
f 386/57/216 387/58/217 388/55/214
f 392/59/218 389/60/219 390/61/220
f 390/61/220 391/62/221 392/59/218
f 396/63/222 393/64/223 394/65/224
f 394/65/224 395/66/225 396/63/222
f 400/67/226 397/68/227 398/69/228
f 398/69/228 399/70/229 400/67/226
f 404/71/230 401/72/231 402/73/232
f 402/73/232 403/74/233 404/71/230
f 408/75/234 405/76/235 406/77/236
f 406/77/236 407/78/237 408/75/234
f 412/79/238 409/80/239 410/81/240
f 410/81/240 411/82/241 412/79/238
f 416/83/242 413/84/243 414/85/244
f 414/85/244 415/86/245 416/83/242
f 420/87/246 417/88/247 418/89/248
f 418/89/248 419/90/249 420/87/246
f 424/91/250 421/92/251 422/93/252
f 422/93/252 423/94/253 424/91/250
f 428/95/254 425/96/255 426/97/256
f 426/97/256 427/98/257 428/95/254
f 432/99/258 429/100/259 430/101/260
f 430/101/260 431/102/261 432/99/258
f 436/103/262 433/104/263 434/105/264
f 434/105/264 435/106/265 436/103/262
f 440/107/266 437/108/267 438/109/268
f 438/109/268 439/110/269 440/107/266
f 444/111/270 441/112/271 442/113/272
f 442/113/272 443/114/273 444/111/270
f 448/115/274 445/116/275 446/117/276
f 446/117/276 447/118/277 448/115/274
f 452/119/278 449/120/279 450/121/280
f 450/121/280 451/122/281 452/119/278
f 456/123/282 453/124/283 454/125/284
f 454/125/284 455/126/285 456/123/282
f 460/127/286 457/128/287 458/129/288
f 458/129/288 459/130/289 460/127/286
f 464/131/290 461/132/291 462/133/292
f 462/133/292 463/134/293 464/131/290
f 468/135/294 465/136/295 466/137/296
f 466/137/296 467/138/297 468/135/294
f 472/139/298 469/140/299 470/141/300
f 470/141/300 471/142/301 472/139/298
f 476/143/302 473/144/303 474/145/304
f 474/145/304 475/146/305 476/143/302
f 480/147/306 477/148/307 478/149/308
f 478/149/308 479/150/309 480/147/306
f 484/151/310 481/152/311 482/153/312
f 482/153/312 483/154/313 484/151/310
f 488/155/314 485/156/315 486/157/316
f 486/157/316 487/158/317 488/155/314
f 492/159/318 489/160/319 490/161/320
f 490/161/320 491/162/321 492/159/318
f 496/163/322 493/164/323 494/165/324
f 494/165/324 495/166/325 496/163/322
f 500/167/326 497/168/327 498/169/328
f 498/169/328 499/170/329 500/167/326
f 504/171/330 501/172/331 502/173/332
f 502/173/332 503/174/333 504/171/330
f 506/175/334 371/42/201 370/41/200
f 370/41/200 505/176/335 506/175/334
f 508/177/336 383/54/213 382/53/212
f 382/53/212 507/178/337 508/177/336
f 510/179/338 395/66/225 394/65/224
f 394/65/224 509/180/339 510/179/338
f 512/181/340 407/78/237 406/77/236
f 406/77/236 511/182/341 512/181/340
f 514/183/342 419/90/249 418/89/248
f 418/89/248 513/184/343 514/183/342
f 516/185/344 431/102/261 430/101/260
f 430/101/260 515/186/345 516/185/344
f 518/187/346 444/111/270 443/114/273
f 443/114/273 517/188/347 518/187/346
f 520/189/348 455/126/285 454/125/284
f 454/125/284 519/190/349 520/189/348
f 524/191/350 521/192/351 522/193/352
f 522/193/352 523/194/353 524/191/350
f 525/195/354 526/196/355 527/197/356
f 531/198/357 528/199/358 529/200/359
f 529/200/359 530/201/360 531/198/357
f 535/202/361 532/203/362 533/204/363
f 533/204/363 534/205/364 535/202/361
f 536/206/365 537/207/366 538/208/367
f 540/209/368 539/210/369 534/205/364
f 534/205/364 533/204/363 540/209/368
f 544/211/370 541/212/371 542/213/372
f 542/213/372 543/214/373 544/211/370
f 545/215/374 546/216/375 547/217/376
f 549/218/377 548/219/378 543/214/373
f 543/214/373 542/213/372 549/218/377
f 553/220/379 550/221/380 551/222/381
f 551/222/381 552/223/382 553/220/379
f 554/224/383 555/225/384 556/226/385
f 558/227/386 557/228/387 552/223/382
f 552/223/382 551/222/381 558/227/386
f 562/229/388 559/230/389 560/231/390
f 560/231/390 561/232/391 562/229/388
f 563/233/392 564/234/393 565/235/394
f 567/236/395 566/237/396 561/232/391
f 561/232/391 560/231/390 567/236/395
f 571/238/397 568/239/398 569/240/399
f 569/240/399 570/241/400 571/238/397
f 572/242/401 573/243/402 574/244/403
f 576/245/404 575/246/405 570/241/400
f 570/241/400 569/240/399 576/245/404
f 580/247/406 577/248/407 578/249/408
f 578/249/408 579/250/409 580/247/406
f 581/251/410 582/252/411 583/253/412
f 585/254/413 584/255/414 579/250/409
f 579/250/409 578/249/408 585/254/413
f 589/256/415 586/257/416 587/258/417
f 587/258/417 588/259/418 589/256/415
f 590/260/419 591/261/420 592/262/421
f 594/263/422 593/264/423 588/259/418
f 588/259/418 587/258/417 594/263/422
f 598/265/424 595/266/425 596/267/426
f 596/267/426 597/268/427 598/265/424
f 599/269/428 600/270/429 601/271/430
f 603/272/431 602/273/432 597/268/427
f 597/268/427 596/267/426 603/272/431
f 607/274/433 604/275/434 605/276/435
f 605/276/435 606/277/436 607/274/433
f 611/278/437 608/279/438 609/280/439
f 609/280/439 610/281/440 611/278/437
f 613/282/441 612/283/442 548/219/378
f 548/219/378 549/218/377 613/282/441
f 615/284/443 614/285/444 557/228/387
f 557/228/387 558/227/386 615/284/443
f 617/286/445 616/287/446 566/237/396
f 566/237/396 567/236/395 617/286/445
f 619/288/447 618/289/448 575/246/405
f 575/246/405 576/245/404 619/288/447
f 621/290/449 620/291/450 584/255/414
f 584/255/414 585/254/413 621/290/449
f 623/292/451 622/293/452 593/264/423
f 593/264/423 594/263/422 623/292/451
f 625/294/453 624/295/454 602/273/432
f 602/273/432 603/272/431 625/294/453
f 628/296/455 626/297/456 627/298/457
f 627/298/457 527/197/356 628/296/455
f 631/299/458 629/300/459 630/301/460
f 630/301/460 538/208/367 631/299/458
f 634/302/461 632/303/462 633/304/463
f 633/304/463 547/217/376 634/302/461
f 637/305/464 635/306/465 636/307/466
f 636/307/466 556/226/385 637/305/464
f 640/308/467 638/309/468 639/310/469
f 639/310/469 565/235/394 640/308/467
f 643/311/470 641/312/471 642/313/472
f 642/313/472 574/244/403 643/311/470
f 646/314/473 644/315/474 645/316/475
f 645/316/475 583/253/412 646/314/473
f 649/317/476 647/318/477 648/319/478
f 648/319/478 592/262/421 649/317/476
f 652/320/479 650/321/480 651/322/481
f 651/322/481 601/271/430 652/320/479
f 607/274/433 606/277/436 653/323/482
f 653/323/482 582/252/411 607/274/433
f 656/324/483 654/325/484 655/326/485
f 655/326/485 536/327/365 656/324/483
f 655/328/485 369/329/199 537/330/366
f 537/330/366 536/331/365 655/328/485
f 657/332/486 373/333/203 471/334/301
f 471/334/301 610/335/440 657/332/486
f 611/336/437 470/337/300 378/338/208
f 378/338/208 539/339/369 611/336/437
f 534/340/364 377/341/207 658/342/487
f 658/342/487 535/343/361 534/340/364
f 661/344/488 659/345/489 660/346/490
f 660/346/490 545/347/374 661/344/488
f 660/348/490 381/349/211 546/350/375
f 546/350/375 545/351/374 660/348/490
f 663/352/491 385/353/215 475/354/305
f 475/354/305 662/355/492 663/352/491
f 612/356/442 474/357/304 390/358/220
f 390/358/220 548/359/378 612/356/442
f 543/360/373 389/361/219 664/362/493
f 664/362/493 544/363/370 543/360/373
f 667/364/494 665/365/495 666/366/496
f 666/366/496 554/367/383 667/364/494
f 666/368/496 393/369/223 555/370/384
f 555/370/384 554/371/383 666/368/496
f 669/372/497 397/373/227 479/374/309
f 479/374/309 668/375/498 669/372/497
f 614/376/444 478/377/308 402/378/232
f 402/378/232 557/379/387 614/376/444
f 552/380/382 401/381/231 670/382/499
f 670/382/499 553/383/379 552/380/382
f 673/384/500 671/385/501 672/386/502
f 672/386/502 563/387/392 673/384/500
f 672/388/502 405/389/235 564/390/393
f 564/390/393 563/391/392 672/388/502
f 675/392/503 409/393/239 483/394/313
f 483/394/313 674/395/504 675/392/503
f 616/396/446 482/397/312 414/398/244
f 414/398/244 566/399/396 616/396/446
f 561/400/391 413/401/243 676/402/505
f 676/402/505 562/403/388 561/400/391
f 679/404/506 677/405/507 678/406/508
f 678/406/508 572/407/401 679/404/506
f 678/408/508 417/409/247 573/410/402
f 573/410/402 572/411/401 678/408/508
f 681/412/509 421/413/251 487/414/317
f 487/414/317 680/415/510 681/412/509
f 618/416/448 486/417/316 426/418/256
f 426/418/256 575/419/405 618/416/448
f 570/420/400 425/421/255 682/422/511
f 682/422/511 571/423/397 570/420/400
f 685/424/512 683/425/513 684/426/514
f 684/426/514 581/427/410 685/424/512
f 684/428/514 429/429/259 582/430/411
f 582/430/411 581/431/410 684/428/514
f 687/432/515 433/433/263 491/434/321
f 491/434/321 686/435/516 687/432/515
f 620/436/450 490/437/320 438/438/268
f 438/438/268 584/439/414 620/436/450
f 579/440/409 437/441/267 688/442/517
f 688/442/517 580/443/406 579/440/409
f 691/444/518 689/445/519 690/446/520
f 690/446/520 590/447/419 691/444/518
f 690/448/520 442/449/272 591/450/420
f 591/450/420 590/451/419 690/448/520
f 693/452/521 445/453/275 495/454/325
f 495/454/325 692/455/522 693/452/521
f 622/456/452 494/457/324 450/458/280
f 450/458/280 593/459/423 622/456/452
f 588/460/418 449/461/279 694/462/523
f 694/462/523 589/463/415 588/460/418
f 697/464/524 695/465/525 696/466/526
f 696/466/526 599/467/428 697/464/524
f 696/468/526 453/469/283 600/470/429
f 600/470/429 599/471/428 696/468/526
f 699/472/527 457/473/287 499/474/329
f 499/474/329 698/475/528 699/472/527
f 624/476/454 498/477/328 462/478/292
f 462/478/292 602/479/432 624/476/454
f 597/480/427 461/481/291 700/482/529
f 700/482/529 598/483/424 597/480/427
f 703/484/530 701/485/531 702/486/532
f 702/486/532 525/487/354 703/484/530
f 702/488/532 524/489/350 526/490/355
f 526/490/355 525/491/354 702/488/532
f 705/492/533 361/493/191 467/494/297
f 467/494/297 704/495/534 705/492/533
f 706/496/535 466/497/296 366/498/196
f 366/498/196 528/499/358 706/496/535
f 529/500/359 365/501/195 707/502/536
f 707/502/536 708/503/537 529/500/359
f 375/46/205 374/45/204 709/504/538
f 709/504/538 710/505/539 375/46/205
f 369/40/199 372/39/198 710/505/539
f 710/505/539 709/504/538 369/40/199
f 387/58/217 386/57/216 711/506/540
f 711/506/540 712/507/541 387/58/217
f 381/52/211 384/51/210 712/507/541
f 712/507/541 711/506/540 381/52/211
f 399/70/229 398/69/228 713/508/542
f 713/508/542 714/509/543 399/70/229
f 393/64/223 396/63/222 714/509/543
f 714/509/543 713/508/542 393/64/223
f 411/82/241 410/81/240 715/510/544
f 715/510/544 716/511/545 411/82/241
f 405/76/235 408/75/234 716/511/545
f 716/511/545 715/510/544 405/76/235
f 423/94/253 422/93/252 717/512/546
f 717/512/546 718/513/547 423/94/253
f 417/88/247 420/87/246 718/513/547
f 718/513/547 717/512/546 417/88/247
f 435/106/265 434/105/264 719/514/548
f 719/514/548 720/515/549 435/106/265
f 429/100/259 432/99/258 720/515/549
f 720/515/549 719/514/548 429/100/259
f 447/118/277 446/117/276 721/516/550
f 721/516/550 722/517/551 447/118/277
f 442/113/272 441/112/271 722/517/551
f 722/517/551 721/516/550 442/113/272
f 459/130/289 458/129/288 723/518/552
f 723/518/552 724/519/553 459/130/289
f 453/124/283 456/123/282 724/519/553
f 724/519/553 723/518/552 453/124/283
f 527/197/356 526/196/355 725/520/554
f 725/520/554 628/296/455 527/197/356
f 368/35/194 726/521/555 707/522/536
f 707/522/536 365/36/195 368/35/194
f 369/329/199 709/523/538 727/524/556
f 727/524/556 537/330/366 369/329/199
f 535/343/361 658/342/487 659/525/489
f 659/525/489 661/526/488 535/343/361
f 381/349/211 711/527/540 728/528/557
f 728/528/557 546/350/375 381/349/211
f 544/363/370 664/362/493 665/529/495
f 665/529/495 667/530/494 544/363/370
f 393/369/223 713/531/542 729/532/558
f 729/532/558 555/370/384 393/369/223
f 553/383/379 670/382/499 671/533/501
f 671/533/501 673/534/500 553/383/379
f 405/389/235 715/535/544 730/536/559
f 730/536/559 564/390/393 405/389/235
f 562/403/388 676/402/505 677/537/507
f 677/537/507 679/538/506 562/403/388
f 417/409/247 717/539/546 731/540/560
f 731/540/560 573/410/402 417/409/247
f 571/423/397 682/422/511 683/541/513
f 683/541/513 685/542/512 571/423/397
f 429/429/259 719/543/548 607/544/433
f 607/544/433 582/430/411 429/429/259
f 580/443/406 688/442/517 689/545/519
f 689/545/519 691/546/518 580/443/406
f 442/449/272 721/547/550 732/548/561
f 732/548/561 591/450/420 442/449/272
f 589/463/415 694/462/523 695/549/525
f 695/549/525 697/550/524 589/463/415
f 453/469/283 723/551/552 733/552/562
f 733/552/562 600/470/429 453/469/283
f 598/483/424 700/482/529 701/553/531
f 701/553/531 703/554/530 598/483/424
f 524/489/350 523/555/353 734/556/563
f 734/556/563 526/490/355 524/489/350
f 708/503/537 707/502/536 654/557/484
f 654/557/484 656/558/483 708/503/537
f 736/559/564 522/193/352 521/192/351
f 521/192/351 735/560/565 736/559/564
f 738/561/566 465/136/295 468/135/294
f 468/135/294 737/562/567 738/561/566
f 740/563/568 506/175/334 726/521/555
f 726/521/555 739/564/569 740/563/568
f 742/565/570 710/505/539 372/39/198
f 372/39/198 741/566/571 742/565/570
f 744/567/572 469/140/299 472/139/298
f 472/139/298 743/568/573 744/567/572
f 747/569/574 508/177/336 745/570/575
f 745/570/575 746/571/576 747/569/574
f 749/572/577 712/507/541 384/51/210
f 384/51/210 748/573/578 749/572/577
f 751/574/579 473/144/303 476/143/302
f 476/143/302 750/575/580 751/574/579
f 754/576/581 510/179/338 752/577/582
f 752/577/582 753/578/583 754/576/581
f 756/579/584 477/148/307 480/147/306
f 480/147/306 755/580/585 756/579/584
f 759/581/586 512/181/340 757/582/587
f 757/582/587 758/583/588 759/581/586
f 761/584/589 716/511/545 408/75/234
f 408/75/234 760/585/590 761/584/589
f 763/586/591 481/152/311 484/151/310
f 484/151/310 762/587/592 763/586/591
f 766/588/593 514/183/342 764/589/594
f 764/589/594 765/590/595 766/588/593
f 768/591/596 718/513/547 420/87/246
f 420/87/246 767/592/597 768/591/596
f 770/593/598 485/156/315 488/155/314
f 488/155/314 769/594/599 770/593/598
f 773/595/600 516/185/344 771/596/601
f 771/596/601 772/597/602 773/595/600
f 775/598/603 720/515/549 432/99/258
f 432/99/258 774/599/604 775/598/603
f 777/600/605 489/160/319 492/159/318
f 492/159/318 776/601/606 777/600/605
f 780/602/607 518/187/346 778/603/608
f 778/603/608 779/604/609 780/602/607
f 782/605/610 722/517/551 441/112/271
f 441/112/271 781/606/611 782/605/610
f 784/607/612 493/164/323 496/163/322
f 496/163/322 783/608/613 784/607/612
f 787/609/614 520/189/348 785/610/615
f 785/610/615 786/611/616 787/609/614
f 789/612/617 724/519/553 456/123/282
f 456/123/282 788/613/618 789/612/617
f 791/614/619 497/168/327 500/167/326
f 500/167/326 790/615/620 791/614/619
f 794/616/621 504/171/330 792/617/622
f 792/617/622 793/618/623 794/616/621
f 796/619/624 364/31/190 363/34/193
f 363/34/193 795/620/625 796/619/624
f 798/621/626 376/43/202 375/46/205
f 375/46/205 797/622/627 798/621/626
f 800/623/628 388/55/214 387/58/217
f 387/58/217 799/624/629 800/623/628
f 802/625/630 400/67/226 399/70/229
f 399/70/229 801/626/631 802/625/630
f 804/627/632 412/79/238 411/82/241
f 411/82/241 803/628/633 804/627/632
f 806/629/634 424/91/250 423/94/253
f 423/94/253 805/630/635 806/629/634
f 808/631/636 436/103/262 435/106/265
f 435/106/265 807/632/637 808/631/636
f 810/633/638 448/115/274 447/118/277
f 447/118/277 809/634/639 810/633/638
f 812/635/640 460/127/286 459/130/289
f 459/130/289 811/636/641 812/635/640
f 813/637/642 501/172/331 504/171/330
f 504/171/330 794/616/621 813/637/642
f 814/638/643 371/42/201 506/175/334
f 506/175/334 740/563/568 814/638/643
f 815/639/644 383/54/213 508/177/336
f 508/177/336 747/569/574 815/639/644
f 816/640/645 395/66/225 510/179/338
f 510/179/338 754/576/581 816/640/645
f 817/641/646 407/78/237 512/181/340
f 512/181/340 759/581/586 817/641/646
f 818/642/647 419/90/249 514/183/342
f 514/183/342 766/588/593 818/642/647
f 819/643/648 431/102/261 516/185/344
f 516/185/344 773/595/600 819/643/648
f 820/644/649 444/111/270 518/187/346
f 518/187/346 780/602/607 820/644/649
f 821/645/650 455/126/285 520/189/348
f 520/189/348 787/609/614 821/645/650
f 735/560/565 521/192/351 501/172/331
f 501/172/331 813/637/642 735/560/565
f 823/646/651 368/35/194 367/38/197
f 367/38/197 822/647/652 823/646/651
f 741/566/571 372/39/198 371/42/201
f 371/42/201 814/638/643 741/566/571
f 825/648/653 380/47/206 379/50/209
f 379/50/209 824/649/654 825/648/653
f 748/573/578 384/51/210 383/54/213
f 383/54/213 815/639/644 748/573/578
f 827/650/655 392/59/218 391/62/221
f 391/62/221 826/651/656 827/650/655
f 828/652/657 396/63/222 395/66/225
f 395/66/225 816/640/645 828/652/657
f 830/653/658 404/71/230 403/74/233
f 403/74/233 829/654/659 830/653/658
f 760/585/590 408/75/234 407/78/237
f 407/78/237 817/641/646 760/585/590
f 832/655/660 416/83/242 415/86/245
f 415/86/245 831/656/661 832/655/660
f 767/592/597 420/87/246 419/90/249
f 419/90/249 818/642/647 767/592/597
f 834/657/662 428/95/254 427/98/257
f 427/98/257 833/658/663 834/657/662
f 774/599/604 432/99/258 431/102/261
f 431/102/261 819/643/648 774/599/604
f 836/659/664 440/107/266 439/110/269
f 439/110/269 835/660/665 836/659/664
f 781/606/611 441/112/271 444/111/270
f 444/111/270 820/644/649 781/606/611
f 838/661/666 452/119/278 451/122/281
f 451/122/281 837/662/667 838/661/666
f 788/613/618 456/123/282 455/126/285
f 455/126/285 821/645/650 788/613/618
f 840/663/668 464/131/290 463/134/293
f 463/134/293 839/664/669 840/663/668
f 842/665/670 736/666/564 735/667/565
f 735/667/565 841/668/671 842/665/670
f 844/669/566 738/670/566 737/671/567
f 737/671/567 843/672/672 844/669/566
f 846/673/673 740/674/568 739/675/569
f 739/675/569 845/676/674 846/673/673
f 848/677/570 742/678/570 741/679/571
f 741/679/571 847/680/675 848/677/570
f 850/681/572 744/682/572 743/683/573
f 743/683/573 849/684/676 850/681/572
f 852/685/677 747/686/574 746/687/576
f 746/687/576 851/688/678 852/685/677
f 854/689/577 749/690/577 748/691/578
f 748/691/578 853/692/679 854/689/577
f 856/693/579 751/694/579 750/695/580
f 750/695/580 855/696/680 856/693/579
f 858/697/681 754/698/581 753/699/583
f 753/699/583 857/700/682 858/697/681
f 861/701/683 859/702/683 828/703/657
f 828/703/657 860/704/684 861/701/683
f 863/705/584 756/706/584 755/707/585
f 755/707/585 862/708/685 863/705/584
f 865/709/686 759/710/586 758/711/588
f 758/711/588 864/712/687 865/709/686
f 867/713/688 761/714/589 760/715/590
f 760/715/590 866/716/689 867/713/688
f 869/717/591 763/718/591 762/719/592
f 762/719/592 868/720/690 869/717/591
f 871/721/691 766/722/593 765/723/595
f 765/723/595 870/724/692 871/721/691
f 873/725/596 768/726/596 767/727/597
f 767/727/597 872/728/693 873/725/596
f 875/729/598 770/730/598 769/731/599
f 769/731/599 874/732/694 875/729/598
f 877/733/695 773/734/600 772/735/602
f 772/735/602 876/736/696 877/733/695
f 879/737/603 775/738/603 774/739/604
f 774/739/604 878/740/697 879/737/603
f 881/741/605 777/742/605 776/743/606
f 776/743/606 880/744/698 881/741/605
f 883/745/699 780/746/607 779/747/609
f 779/747/609 882/748/700 883/745/699
f 885/749/701 782/750/610 781/751/611
f 781/751/611 884/752/702 885/749/701
f 887/753/612 784/754/612 783/755/613
f 783/755/613 886/756/703 887/753/612
f 889/757/704 787/758/614 786/759/616
f 786/759/616 888/760/705 889/757/704
f 891/761/617 789/762/617 788/763/618
f 788/763/618 890/764/706 891/761/617
f 893/765/707 791/766/619 790/767/620
f 790/767/620 892/768/708 893/765/707
f 895/769/709 794/770/621 793/771/623
f 793/771/623 894/772/710 895/769/709
f 897/773/624 796/774/624 795/775/625
f 795/775/625 896/776/711 897/773/624
f 899/777/712 798/778/626 797/779/627
f 797/779/627 898/780/713 899/777/712
f 901/781/628 800/782/628 799/783/629
f 799/783/629 900/784/714 901/781/628
f 903/785/630 802/786/630 801/787/631
f 801/787/631 902/788/715 903/785/630
f 905/789/632 804/790/632 803/791/633
f 803/791/633 904/792/716 905/789/632
f 907/793/634 806/794/634 805/795/635
f 805/795/635 906/796/717 907/793/634
f 909/797/636 808/798/636 807/799/637
f 807/799/637 908/800/718 909/797/636
f 911/801/719 810/802/638 809/803/639
f 809/803/639 910/804/720 911/801/719
f 913/805/640 812/806/640 811/807/641
f 811/807/641 912/808/721 913/805/640
f 914/809/722 813/810/642 794/770/621
f 794/770/621 895/769/709 914/809/722
f 915/811/723 814/812/643 740/674/568
f 740/674/568 846/673/673 915/811/723
f 916/813/724 815/814/644 747/686/574
f 747/686/574 852/685/677 916/813/724
f 917/815/725 816/816/645 754/698/581
f 754/698/581 858/697/681 917/815/725
f 918/817/726 817/818/646 759/710/586
f 759/710/586 865/709/686 918/817/726
f 919/819/727 818/820/647 766/722/593
f 766/722/593 871/721/691 919/819/727
f 920/821/728 819/822/648 773/734/600
f 773/734/600 877/733/695 920/821/728
f 921/823/729 820/824/649 780/746/607
f 780/746/607 883/745/699 921/823/729
f 922/825/730 821/826/650 787/758/614
f 787/758/614 889/757/704 922/825/730
f 841/668/671 735/667/565 813/810/642
f 813/810/642 914/809/722 841/668/671
f 924/827/651 823/828/651 822/829/652
f 822/829/652 923/830/731 924/827/651
f 847/680/675 741/679/571 814/812/643
f 814/812/643 915/811/723 847/680/675
f 926/831/653 825/832/653 824/833/654
f 824/833/654 925/834/732 926/831/653
f 853/692/679 748/691/578 815/814/644
f 815/814/644 916/813/724 853/692/679
f 928/835/655 827/836/655 826/837/656
f 826/837/656 927/838/733 928/835/655
f 860/704/684 828/703/657 816/816/645
f 816/816/645 917/815/725 860/704/684
f 930/839/658 830/840/658 829/841/659
f 829/841/659 929/842/734 930/839/658
f 866/716/689 760/715/590 817/818/646
f 817/818/646 918/817/726 866/716/689
f 932/843/660 832/844/660 831/845/661
f 831/845/661 931/846/735 932/843/660
f 872/728/693 767/727/597 818/820/647
f 818/820/647 919/819/727 872/728/693
f 934/847/736 834/848/662 833/849/663
f 833/849/663 933/850/737 934/847/736
f 878/740/697 774/739/604 819/822/648
f 819/822/648 920/821/728 878/740/697
f 936/851/664 836/852/664 835/853/665
f 835/853/665 935/854/738 936/851/664
f 884/752/702 781/751/611 820/824/649
f 820/824/649 921/823/729 884/752/702
f 938/855/666 838/856/666 837/857/667
f 837/857/667 937/858/739 938/855/666
f 890/764/706 788/763/618 821/826/650
f 821/826/650 922/825/730 890/764/706
f 940/859/668 840/860/668 839/861/669
f 839/861/669 939/862/740 940/859/668
f 896/863/711 842/864/670 941/865/741
f 941/865/741 942/866/742 896/863/711
f 923/867/731 844/868/566 943/869/743
f 943/869/743 944/870/744 923/867/731
f 846/871/673 845/872/674 945/873/745
f 945/873/745 946/874/746 846/871/673
f 898/875/713 848/876/570 947/877/747
f 947/877/747 948/878/748 898/875/713
f 950/879/749 850/880/572 849/881/676
f 849/881/676 949/882/750 950/879/749
f 852/883/677 851/884/678 951/885/751
f 951/885/751 952/886/752 852/883/677
f 900/887/714 854/888/577 953/889/753
f 953/889/753 954/890/754 900/887/714
f 927/891/733 856/892/579 955/893/755
f 955/893/755 956/894/756 927/891/733
f 858/895/681 857/896/682 957/897/757
f 957/897/757 958/898/758 858/895/681
f 902/899/715 861/900/683 959/901/759
f 959/901/759 960/902/760 902/899/715
f 929/903/734 863/904/584 961/905/761
f 961/905/761 962/906/762 929/903/734
f 865/907/686 864/908/687 963/909/763
f 963/909/763 964/910/764 865/907/686
f 904/911/716 867/912/688 965/913/765
f 965/913/765 966/914/766 904/911/716
f 931/915/735 869/916/591 967/917/767
f 967/917/767 968/918/768 931/915/735
f 871/919/691 870/920/692 969/921/769
f 969/921/769 970/922/770 871/919/691
f 906/923/717 873/924/596 971/925/771
f 971/925/771 972/926/772 906/923/717
f 933/927/737 875/928/598 973/929/773
f 973/929/773 974/930/774 933/927/737
f 877/931/695 876/932/696 975/933/775
f 975/933/775 976/934/776 877/931/695
f 908/935/718 879/936/603 977/937/777
f 977/937/777 978/938/778 908/935/718
f 935/939/738 881/940/605 979/941/779
f 979/941/779 980/942/780 935/939/738
f 883/943/699 882/944/700 981/945/781
f 981/945/781 982/946/782 883/943/699
f 910/947/720 885/948/701 983/949/783
f 983/949/783 984/950/784 910/947/720
f 937/951/739 887/952/612 985/953/785
f 985/953/785 986/954/786 937/951/739
f 889/955/704 888/956/705 987/957/787
f 987/957/787 988/958/788 889/955/704
f 912/959/721 891/960/617 989/961/789
f 989/961/789 990/962/790 912/959/721
f 939/963/740 893/964/707 991/965/791
f 991/965/791 992/966/792 939/963/740
f 895/967/709 894/968/710 993/969/793
f 993/969/793 994/970/794 895/967/709
f 843/971/672 897/972/624 995/973/795
f 995/973/795 996/974/796 843/971/672
f 997/975/797 899/976/712 898/875/713
f 898/875/713 948/878/748 997/975/797
f 855/977/680 901/978/628 998/979/798
f 998/979/798 999/980/799 855/977/680
f 862/981/685 903/982/630 1000/983/800
f 1000/983/800 1001/984/801 862/981/685
f 868/985/690 905/986/632 1002/987/802
f 1002/987/802 1003/988/803 868/985/690
f 874/989/694 907/990/634 1004/991/804
f 1004/991/804 1005/992/805 874/989/694
f 880/993/698 909/994/636 1006/995/806
f 1006/995/806 1007/996/807 880/993/698
f 886/997/703 911/998/719 1008/999/808
f 1008/999/808 1009/1000/809 886/997/703
f 892/1001/708 913/1002/640 1010/1003/810
f 1010/1003/810 1011/1004/811 892/1001/708
f 914/1005/722 895/967/709 994/970/794
f 994/970/794 1012/1006/812 914/1005/722
f 915/1007/723 846/871/673 946/874/746
f 946/874/746 1013/1008/813 915/1007/723
f 916/1009/724 852/883/677 952/886/752
f 952/886/752 1014/1010/814 916/1009/724
f 917/1011/725 858/895/681 958/898/758
f 958/898/758 1015/1012/815 917/1011/725
f 918/1013/726 865/907/686 964/910/764
f 964/910/764 1016/1014/816 918/1013/726
f 919/1015/727 871/919/691 970/922/770
f 970/922/770 1017/1016/817 919/1015/727
f 920/1017/728 877/931/695 976/934/776
f 976/934/776 1018/1018/818 920/1017/728
f 921/1019/729 883/943/699 982/946/782
f 982/946/782 1019/1020/819 921/1019/729
f 922/1021/730 889/955/704 988/958/788
f 988/958/788 1020/1022/820 922/1021/730
f 841/1023/671 914/1005/722 1012/1006/812
f 1012/1006/812 1021/1024/821 841/1023/671
f 845/872/674 924/1025/651 1022/1026/822
f 1022/1026/822 945/873/745 845/872/674
f 847/1027/675 915/1007/723 1013/1008/813
f 1013/1008/813 1023/1028/823 847/1027/675
f 851/884/678 926/1029/653 1024/1030/824
f 1024/1030/824 951/885/751 851/884/678
f 853/1031/679 916/1009/724 1014/1010/814
f 1014/1010/814 1025/1032/825 853/1031/679
f 857/896/682 928/1033/655 1026/1034/826
f 1026/1034/826 957/897/757 857/896/682
f 860/1035/684 917/1011/725 1015/1012/815
f 1015/1012/815 1027/1036/827 860/1035/684
f 864/908/687 930/1037/658 1028/1038/828
f 1028/1038/828 963/909/763 864/908/687
f 866/1039/689 918/1013/726 1016/1014/816
f 1016/1014/816 1029/1040/829 866/1039/689
f 870/920/692 932/1041/660 1030/1042/830
f 1030/1042/830 969/921/769 870/920/692
f 872/1043/693 919/1015/727 1017/1016/817
f 1017/1016/817 1031/1044/831 872/1043/693
f 876/932/696 934/1045/736 1032/1046/832
f 1032/1046/832 975/933/775 876/932/696
f 878/1047/697 920/1017/728 1018/1018/818
f 1018/1018/818 1033/1048/833 878/1047/697
f 882/944/700 936/1049/664 1034/1050/834
f 1034/1050/834 981/945/781 882/944/700
f 884/1051/702 921/1019/729 1019/1020/819
f 1019/1020/819 1035/1052/835 884/1051/702
f 888/956/705 938/1053/666 1036/1054/836
f 1036/1054/836 987/957/787 888/956/705
f 890/1055/706 922/1021/730 1020/1022/820
f 1020/1022/820 1037/1056/837 890/1055/706
f 894/968/710 940/1057/668 1038/1058/838
f 1038/1058/838 993/969/793 894/968/710
f 1042/1059/839 1039/1060/840 1040/1061/841
f 1040/1061/841 1041/1062/842 1042/1059/839
f 1046/1063/843 1043/1064/844 1044/1065/845
f 1044/1065/845 1045/1066/846 1046/1063/843
f 1050/1067/847 1047/1068/848 1048/1069/849
f 1048/1069/849 1049/1070/850 1050/1067/847
f 1054/1071/851 1051/1072/852 1052/1073/853
f 1052/1073/853 1053/1074/854 1054/1071/851
f 1058/1075/855 1055/1076/856 1056/1077/857
f 1056/1077/857 1057/1078/858 1058/1075/855
f 1062/1079/859 1059/1080/860 1060/1081/861
f 1060/1081/861 1061/1082/862 1062/1079/859
f 1066/1083/863 1063/1084/864 1064/1085/865
f 1064/1085/865 1065/1086/866 1066/1083/863
f 1070/1087/867 1067/1088/868 1068/1089/869
f 1068/1089/869 1069/1090/870 1070/1087/867
f 1074/1091/871 1071/1092/872 1072/1093/873
f 1072/1093/873 1073/1094/874 1074/1091/871
f 1078/1095/875 1075/1096/876 1076/1097/877
f 1076/1097/877 1077/1098/878 1078/1095/875
f 1082/1099/879 1079/1100/880 1080/1101/881
f 1080/1101/881 1081/1102/882 1082/1099/879
f 1086/1103/883 1083/1104/884 1084/1105/885
f 1084/1105/885 1085/1106/886 1086/1103/883
f 1090/1107/887 1087/1108/888 1088/1109/889
f 1088/1109/889 1089/1110/890 1090/1107/887
f 1094/1111/891 1091/1112/892 1092/1113/893
f 1092/1113/893 1093/1114/894 1094/1111/891
f 1098/1115/895 1095/1116/896 1096/1117/897
f 1096/1117/897 1097/1118/898 1098/1115/895
f 1102/1119/899 1099/1120/900 1100/1121/901
f 1100/1121/901 1101/1122/902 1102/1119/899
f 1106/1123/903 1103/1124/904 1104/1125/905
f 1104/1125/905 1105/1126/906 1106/1123/903
f 1110/1127/907 1107/1128/908 1108/1129/909
f 1108/1129/909 1109/1130/910 1110/1127/907
f 1114/1131/911 1111/1132/912 1112/1133/913
f 1112/1133/913 1113/1134/914 1114/1131/911
f 1118/1135/915 1115/1136/916 1116/1137/917
f 1116/1137/917 1117/1138/918 1118/1135/915
f 1122/1139/919 1119/1140/920 1120/1141/921
f 1120/1141/921 1121/1142/922 1122/1139/919
f 1126/1143/923 1123/1144/924 1124/1145/925
f 1124/1145/925 1125/1146/926 1126/1143/923
f 1130/1147/927 1127/1148/928 1128/1149/929
f 1128/1149/929 1129/1150/930 1130/1147/927
f 1134/1151/931 1131/1152/932 1132/1153/933
f 1132/1153/933 1133/1154/934 1134/1151/931
f 1138/1155/935 1135/1156/936 1136/1157/937
f 1136/1157/937 1137/1158/938 1138/1155/935
f 1142/1159/939 1139/1160/940 1140/1161/941
f 1140/1161/941 1141/1162/942 1142/1159/939
f 1146/1163/943 1143/1164/944 1144/1165/945
f 1144/1165/945 1145/1166/946 1146/1163/943
f 1150/1167/947 1147/1168/948 1148/1169/949
f 1148/1169/949 1149/1170/950 1150/1167/947
f 1154/1171/951 1151/1172/952 1152/1173/953
f 1152/1173/953 1153/1174/954 1154/1171/951
f 1158/1175/955 1155/1176/956 1156/1177/957
f 1156/1177/957 1157/1178/958 1158/1175/955
f 1162/1179/959 1159/1180/960 1160/1181/961
f 1160/1181/961 1161/1182/962 1162/1179/959
f 1166/1183/963 1163/1184/964 1164/1185/965
f 1164/1185/965 1165/1186/966 1166/1183/963
f 1170/1187/967 1167/1188/968 1168/1189/969
f 1168/1189/969 1169/1190/970 1170/1187/967
f 1174/1191/971 1171/1192/972 1172/1193/973
f 1172/1193/973 1173/1194/974 1174/1191/971
f 1178/1195/975 1175/1196/976 1176/1197/977
f 1176/1197/977 1177/1198/978 1178/1195/975
f 1182/1199/979 1179/1200/980 1180/1201/981
f 1180/1201/981 1181/1202/982 1182/1199/979
f 1184/1203/983 1183/1204/984 1143/1164/944
f 1143/1164/944 1146/1163/943 1184/1203/983
f 1186/1205/985 1185/1206/986 1047/1068/848
f 1047/1068/848 1050/1067/847 1186/1205/985
f 1188/1207/987 1187/1208/988 1059/1080/860
f 1059/1080/860 1062/1079/859 1188/1207/987
f 1190/1209/989 1189/1210/990 1071/1092/872
f 1071/1092/872 1074/1091/871 1190/1209/989
f 1192/1211/991 1191/1212/992 1083/1104/884
f 1083/1104/884 1086/1103/883 1192/1211/991
f 1194/1213/993 1193/1214/994 1095/1116/896
f 1095/1116/896 1098/1115/895 1194/1213/993
f 1196/1215/995 1195/1216/996 1107/1128/908
f 1107/1128/908 1110/1127/907 1196/1215/995
f 1198/1217/997 1197/1218/998 1119/1140/920
f 1119/1140/920 1122/1139/919 1198/1217/997
f 1200/1219/999 1199/1220/1000 1131/1152/932
f 1131/1152/932 1134/1151/931 1200/1219/999
f 1041/1062/842 1040/1061/841 1183/1204/984
f 1183/1204/984 1184/1203/983 1041/1062/842
f 1204/1221/1001 1201/1222/1002 1202/1223/1003
f 1202/1223/1003 1203/1224/1004 1204/1221/1001
f 1053/1074/854 1052/1073/853 1185/1206/986
f 1185/1206/986 1186/1205/985 1053/1074/854
f 1208/1225/1005 1205/1226/1006 1206/1227/1007
f 1206/1227/1007 1207/1228/1008 1208/1225/1005
f 1065/1086/866 1064/1085/865 1187/1208/988
f 1187/1208/988 1188/1207/987 1065/1086/866
f 1212/1229/1009 1209/1230/1010 1210/1231/1011
f 1210/1231/1011 1211/1232/1012 1212/1229/1009
f 1077/1098/878 1076/1097/877 1189/1210/990
f 1189/1210/990 1190/1209/989 1077/1098/878
f 1216/1233/1013 1213/1234/1014 1214/1235/1015
f 1214/1235/1015 1215/1236/1016 1216/1233/1013
f 1089/1110/890 1088/1109/889 1191/1212/992
f 1191/1212/992 1192/1211/991 1089/1110/890
f 1220/1237/1017 1217/1238/1018 1218/1239/1019
f 1218/1239/1019 1219/1240/1020 1220/1237/1017
f 1101/1122/902 1100/1121/901 1193/1214/994
f 1193/1214/994 1194/1213/993 1101/1122/902
f 1224/1241/1021 1221/1242/1022 1222/1243/1023
f 1222/1243/1023 1223/1244/1024 1224/1241/1021
f 1113/1134/914 1112/1133/913 1195/1216/996
f 1195/1216/996 1196/1215/995 1113/1134/914
f 1228/1245/1025 1225/1246/1026 1226/1247/1027
f 1226/1247/1027 1227/1248/1028 1228/1245/1025
f 1125/1146/926 1124/1145/925 1197/1218/998
f 1197/1218/998 1198/1217/997 1125/1146/926
f 1232/1249/1029 1229/1250/1030 1230/1251/1031
f 1230/1251/1031 1231/1252/1032 1232/1249/1029
f 1137/1158/938 1136/1157/937 1199/1220/1000
f 1199/1220/1000 1200/1219/999 1137/1158/938
f 1236/1253/1033 1233/1254/1034 1234/1255/1035
f 1234/1255/1035 1235/1256/1036 1236/1253/1033
f 1238/1257/1037 1042/1258/839 1041/1259/842
f 1041/1259/842 1237/1260/1038 1238/1257/1037
f 1240/1261/1039 1046/1262/843 1045/1263/846
f 1045/1263/846 1239/1264/1040 1240/1261/1039
f 1242/1265/1041 1050/1266/847 1049/1267/850
f 1049/1267/850 1241/1268/1042 1242/1265/1041
f 1244/1269/1043 1054/1270/851 1053/1271/854
f 1053/1271/854 1243/1272/1044 1244/1269/1043
f 1246/1273/1045 1058/1274/855 1057/1275/858
f 1057/1275/858 1245/1276/1046 1246/1273/1045
f 1248/1277/1047 1062/1278/859 1061/1279/862
f 1061/1279/862 1247/1280/1048 1248/1277/1047
f 1250/1281/1049 1066/1282/863 1065/1283/866
f 1065/1283/866 1249/1284/1050 1250/1281/1049
f 1252/1285/1051 1070/1286/867 1069/1287/870
f 1069/1287/870 1251/1288/1052 1252/1285/1051
f 1254/1289/1053 1074/1290/871 1073/1291/874
f 1073/1291/874 1253/1292/1054 1254/1289/1053
f 1256/1293/1055 1078/1294/875 1077/1295/878
f 1077/1295/878 1255/1296/1056 1256/1293/1055
f 1258/1297/1057 1082/1298/879 1081/1299/882
f 1081/1299/882 1257/1300/1058 1258/1297/1057
f 1260/1301/1059 1086/1302/883 1085/1303/886
f 1085/1303/886 1259/1304/1060 1260/1301/1059
f 1262/1305/1061 1090/1306/887 1089/1307/890
f 1089/1307/890 1261/1308/1062 1262/1305/1061
f 1264/1309/1063 1094/1310/891 1093/1311/894
f 1093/1311/894 1263/1312/1064 1264/1309/1063
f 1266/1313/1065 1098/1314/895 1097/1315/898
f 1097/1315/898 1265/1316/1066 1266/1313/1065
f 1268/1317/1067 1102/1318/899 1101/1319/902
f 1101/1319/902 1267/1320/1068 1268/1317/1067
f 1270/1321/1069 1106/1322/903 1105/1323/906
f 1105/1323/906 1269/1324/1070 1270/1321/1069
f 1272/1325/1071 1110/1326/907 1109/1327/910
f 1109/1327/910 1271/1328/1072 1272/1325/1071
f 1274/1329/1073 1114/1330/911 1113/1331/914
f 1113/1331/914 1273/1332/1074 1274/1329/1073
f 1276/1333/1075 1118/1334/915 1117/1335/918
f 1117/1335/918 1275/1336/1076 1276/1333/1075
f 1278/1337/1077 1122/1338/919 1121/1339/922
f 1121/1339/922 1277/1340/1078 1278/1337/1077
f 1280/1341/1079 1126/1342/923 1125/1343/926
f 1125/1343/926 1279/1344/1080 1280/1341/1079
f 1282/1345/1081 1130/1346/927 1129/1347/930
f 1129/1347/930 1281/1348/1082 1282/1345/1081
f 1284/1349/1083 1134/1350/931 1133/1351/934
f 1133/1351/934 1283/1352/1084 1284/1349/1083
f 1286/1353/1085 1138/1354/935 1137/1355/938
f 1137/1355/938 1285/1356/1086 1286/1353/1085
f 1288/1357/1087 1142/1358/939 1141/1359/942
f 1141/1359/942 1287/1360/1088 1288/1357/1087
f 1290/1361/1089 1146/1362/943 1145/1363/946
f 1145/1363/946 1289/1364/1090 1290/1361/1089
f 1292/1365/1091 1150/1366/947 1149/1367/950
f 1149/1367/950 1291/1368/1092 1292/1365/1091
f 1294/1369/1093 1154/1370/951 1153/1371/954
f 1153/1371/954 1293/1372/1094 1294/1369/1093
f 1296/1373/1095 1158/1374/955 1157/1375/958
f 1157/1375/958 1295/1376/1096 1296/1373/1095
f 1298/1377/1097 1162/1378/959 1161/1379/962
f 1161/1379/962 1297/1380/1098 1298/1377/1097
f 1300/1381/1099 1166/1382/963 1165/1383/966
f 1165/1383/966 1299/1384/1100 1300/1381/1099
f 1302/1385/1101 1170/1386/967 1169/1387/970
f 1169/1387/970 1301/1388/1102 1302/1385/1101
f 1304/1389/1103 1174/1390/971 1173/1391/974
f 1173/1391/974 1303/1392/1104 1304/1389/1103
f 1306/1393/1105 1178/1394/975 1177/1395/978
f 1177/1395/978 1305/1396/1106 1306/1393/1105
f 1308/1397/1107 1182/1398/979 1181/1399/982
f 1181/1399/982 1307/1400/1108 1308/1397/1107
f 1309/1401/1109 1184/1402/983 1146/1362/943
f 1146/1362/943 1290/1361/1089 1309/1401/1109
f 1310/1403/1110 1186/1404/985 1050/1266/847
f 1050/1266/847 1242/1265/1041 1310/1403/1110
f 1311/1405/1111 1188/1406/987 1062/1278/859
f 1062/1278/859 1248/1277/1047 1311/1405/1111
f 1312/1407/1112 1190/1408/989 1074/1290/871
f 1074/1290/871 1254/1289/1053 1312/1407/1112
f 1313/1409/1113 1192/1410/991 1086/1302/883
f 1086/1302/883 1260/1301/1059 1313/1409/1113
f 1314/1411/1114 1194/1412/993 1098/1314/895
f 1098/1314/895 1266/1313/1065 1314/1411/1114
f 1315/1413/1115 1196/1414/995 1110/1326/907
f 1110/1326/907 1272/1325/1071 1315/1413/1115
f 1316/1415/1116 1198/1416/997 1122/1338/919
f 1122/1338/919 1278/1337/1077 1316/1415/1116
f 1317/1417/1117 1200/1418/999 1134/1350/931
f 1134/1350/931 1284/1349/1083 1317/1417/1117
f 1237/1260/1038 1041/1259/842 1184/1402/983
f 1184/1402/983 1309/1401/1109 1237/1260/1038
f 1319/1419/1118 1204/1420/1001 1203/1421/1004
f 1203/1421/1004 1318/1422/1119 1319/1419/1118
f 1243/1272/1044 1053/1271/854 1186/1404/985
f 1186/1404/985 1310/1403/1110 1243/1272/1044
f 1321/1423/1120 1208/1424/1005 1207/1425/1008
f 1207/1425/1008 1320/1426/1121 1321/1423/1120
f 1249/1284/1050 1065/1283/866 1188/1406/987
f 1188/1406/987 1311/1405/1111 1249/1284/1050
f 1323/1427/1122 1212/1428/1009 1211/1429/1012
f 1211/1429/1012 1322/1430/1123 1323/1427/1122
f 1255/1296/1056 1077/1295/878 1190/1408/989
f 1190/1408/989 1312/1407/1112 1255/1296/1056
f 1325/1431/1124 1216/1432/1013 1215/1433/1016
f 1215/1433/1016 1324/1434/1125 1325/1431/1124
f 1261/1308/1062 1089/1307/890 1192/1410/991
f 1192/1410/991 1313/1409/1113 1261/1308/1062
f 1327/1435/1126 1220/1436/1017 1219/1437/1020
f 1219/1437/1020 1326/1438/1127 1327/1435/1126
f 1267/1320/1068 1101/1319/902 1194/1412/993
f 1194/1412/993 1314/1411/1114 1267/1320/1068
f 1329/1439/1128 1224/1440/1021 1223/1441/1024
f 1223/1441/1024 1328/1442/1129 1329/1439/1128
f 1273/1332/1074 1113/1331/914 1196/1414/995
f 1196/1414/995 1315/1413/1115 1273/1332/1074
f 1331/1443/1130 1228/1444/1025 1227/1445/1028
f 1227/1445/1028 1330/1446/1131 1331/1443/1130
f 1279/1344/1080 1125/1343/926 1198/1416/997
f 1198/1416/997 1316/1415/1116 1279/1344/1080
f 1333/1447/1132 1232/1448/1029 1231/1449/1032
f 1231/1449/1032 1332/1450/1133 1333/1447/1132
f 1285/1356/1086 1137/1355/938 1200/1418/999
f 1200/1418/999 1317/1417/1117 1285/1356/1086
f 1335/1451/1134 1236/1452/1033 1235/1453/1036
f 1235/1453/1036 1334/1454/1135 1335/1451/1134
f 646/314/473 653/323/482 1336/1455/1136
f 1336/1455/1136 1337/1456/1137 646/314/473
f 653/323/482 606/277/436 1338/1457/1138
f 1338/1457/1138 1336/1455/1136 653/323/482
f 605/276/435 1339/1458/1139 1340/1459/1140
f 1340/1459/1140 1341/1460/1141 605/276/435
f 1343/1461/1142 621/290/449 585/254/413
f 585/254/413 1342/1462/1143 1343/1461/1142
f 1345/1463/1144 578/249/408 577/248/407
f 577/248/407 1344/1464/1145 1345/1463/1144
f 1344/1464/1145 577/248/407 647/318/477
f 647/318/477 1346/1465/1146 1344/1464/1145
f 647/318/477 649/317/476 1347/1466/1147
f 1347/1466/1147 1346/1465/1146 647/318/477
f 649/317/476 1348/1467/1148 1349/1468/1149
f 1349/1468/1149 1347/1466/1147 649/317/476
f 1348/1467/1148 1350/1469/1150 1351/1470/1151
f 1351/1470/1151 1349/1468/1149 1348/1467/1148
f 1355/1471/1152 1352/1472/1153 1353/1473/1154
f 1353/1473/1154 1354/1474/1155 1355/1471/1152
f 1357/1475/1156 623/292/451 594/263/422
f 594/263/422 1356/1476/1157 1357/1475/1156
f 1359/1477/1158 587/258/417 586/257/416
f 586/257/416 1358/1478/1159 1359/1477/1158
f 1358/1478/1159 586/257/416 650/321/480
f 650/321/480 1360/1479/1160 1358/1478/1159
f 650/321/480 652/320/479 1361/1480/1161
f 1361/1480/1161 1360/1479/1160 650/321/480
f 652/320/479 1362/1481/1162 1363/1482/1163
f 1363/1482/1163 1361/1480/1161 652/320/479
f 1362/1481/1162 1364/1483/1164 1365/1484/1165
f 1365/1484/1165 1363/1482/1163 1362/1481/1162
f 1369/1485/1166 1366/1486/1167 1367/1487/1168
f 1367/1487/1168 1368/1488/1169 1369/1485/1166
f 1371/1489/1170 625/294/453 603/272/431
f 603/272/431 1370/1490/1171 1371/1489/1170
f 1373/1491/1172 596/267/426 595/266/425
f 595/266/425 1372/1492/1173 1373/1491/1172
f 1372/1492/1173 595/266/425 626/297/456
f 626/297/456 1374/1493/1174 1372/1492/1173
f 626/297/456 628/296/455 1375/1494/1175
f 1375/1494/1175 1374/1493/1174 626/297/456
f 628/296/455 725/520/554 1376/1495/1176
f 1376/1495/1176 1375/1494/1175 628/296/455
f 725/520/554 1377/1496/1177 1378/1497/1178
f 1378/1497/1178 1376/1495/1176 725/520/554
f 1382/1498/1179 1379/1499/1180 1380/1500/1181
f 1380/1500/1181 1381/1501/1182 1382/1498/1179
f 1385/1502/1183 1383/1503/1184 531/198/357
f 531/198/357 1384/1504/1185 1385/1502/1183
f 1388/1505/1186 530/201/360 1386/1506/1187
f 1386/1506/1187 1387/1507/1188 1388/1505/1186
f 1387/1507/1188 1386/1506/1187 629/300/459
f 629/300/459 1389/1508/1189 1387/1507/1188
f 629/300/459 631/299/458 1390/1509/1190
f 1390/1509/1190 1389/1508/1189 629/300/459
f 631/299/458 1391/1510/1191 1392/1511/1192
f 1392/1511/1192 1390/1509/1190 631/299/458
f 1391/1510/1191 1393/1512/1193 1394/1513/1194
f 1394/1513/1194 1392/1511/1192 1391/1510/1191
f 1397/1514/1195 1395/1515/1196 609/280/439
f 609/280/439 1396/1516/1197 1397/1514/1195
f 609/280/439 608/279/438 1398/1517/1198
f 1398/1517/1198 1396/1516/1197 609/280/439
f 540/209/368 533/204/363 1399/1518/1199
f 1399/1518/1199 1400/1519/1200 540/209/368
f 532/203/362 632/303/462 1401/1520/1201
f 1401/1520/1201 1402/1521/1202 532/203/362
f 632/303/462 634/302/461 1403/1522/1203
f 1403/1522/1203 1401/1520/1201 632/303/462
f 634/302/461 1404/1523/1204 1405/1524/1205
f 1405/1524/1205 1403/1522/1203 634/302/461
f 1404/1523/1204 1406/1525/1206 1407/1526/1207
f 1407/1526/1207 1405/1524/1205 1404/1523/1204
f 1411/1527/1208 1408/1528/1209 1409/1529/1210
f 1409/1529/1210 1410/1530/1211 1411/1527/1208
f 1413/1531/1212 613/282/441 549/218/377
f 549/218/377 1412/1532/1213 1413/1531/1212
f 1415/1533/1214 542/213/372 541/212/371
f 541/212/371 1414/1534/1215 1415/1533/1214
f 1414/1534/1215 541/212/371 635/306/465
f 635/306/465 1416/1535/1216 1414/1534/1215
f 635/306/465 637/305/464 1417/1536/1217
f 1417/1536/1217 1416/1535/1216 635/306/465
f 637/305/464 1418/1537/1218 1419/1538/1219
f 1419/1538/1219 1417/1536/1217 637/305/464
f 1418/1537/1218 1420/1539/1220 1421/1540/1221
f 1421/1540/1221 1419/1538/1219 1418/1537/1218
f 1425/1541/1222 1422/1542/1223 1423/1543/1224
f 1423/1543/1224 1424/1544/1225 1425/1541/1222
f 1427/1545/1226 615/284/443 558/227/386
f 558/227/386 1426/1546/1227 1427/1545/1226
f 1429/1547/1228 551/222/381 550/221/380
f 550/221/380 1428/1548/1229 1429/1547/1228
f 1428/1548/1229 550/221/380 638/309/468
f 638/309/468 1430/1549/1230 1428/1548/1229
f 638/309/468 640/308/467 1431/1550/1231
f 1431/1550/1231 1430/1549/1230 638/309/468
f 640/308/467 1432/1551/1232 1433/1552/1233
f 1433/1552/1233 1431/1550/1231 640/308/467
f 1432/1551/1232 1434/1553/1234 1435/1554/1235
f 1435/1554/1235 1433/1552/1233 1432/1551/1232
f 1439/1555/1236 1436/1556/1237 1437/1557/1238
f 1437/1557/1238 1438/1558/1239 1439/1555/1236
f 1441/1559/1240 617/286/445 567/236/395
f 567/236/395 1440/1560/1241 1441/1559/1240
f 1443/1561/1242 560/231/390 559/230/389
f 559/230/389 1442/1562/1243 1443/1561/1242
f 1442/1562/1243 559/230/389 641/312/471
f 641/312/471 1444/1563/1244 1442/1562/1243
f 641/312/471 643/311/470 1445/1564/1245
f 1445/1564/1245 1444/1563/1244 641/312/471
f 643/311/470 1446/1565/1246 1447/1566/1247
f 1447/1566/1247 1445/1564/1245 643/311/470
f 1446/1565/1246 1448/1567/1248 1449/1568/1249
f 1449/1568/1249 1447/1566/1247 1446/1565/1246
f 1453/1569/1250 1450/1570/1251 1451/1571/1252
f 1451/1571/1252 1452/1572/1253 1453/1569/1250
f 1455/1573/1254 619/288/447 576/245/404
f 576/245/404 1454/1574/1255 1455/1573/1254
f 1457/1575/1256 569/240/399 568/239/398
f 568/239/398 1456/1576/1257 1457/1575/1256
f 1456/1576/1257 568/239/398 644/315/474
f 644/315/474 1458/1577/1258 1456/1576/1257
f 644/315/474 646/314/473 1337/1456/1137
f 1337/1456/1137 1458/1577/1258 644/315/474
f 1462/1578/1259 1459/1579/1260 1460/1580/1261
f 1460/1580/1261 1461/1581/1262 1462/1578/1259
f 1466/1582/1263 1463/1583/1264 1464/1584/1265
f 1464/1584/1265 1465/1585/1266 1466/1582/1263
f 1470/1586/1267 1467/1587/1268 1468/1588/1269
f 1468/1588/1269 1469/1589/1270 1470/1586/1267
f 1474/1590/1271 1471/1591/1272 1472/1592/1273
f 1472/1592/1273 1473/1593/1274 1474/1590/1271
f 1478/1594/1275 1475/1595/1276 1476/1596/1277
f 1476/1596/1277 1477/1597/1278 1478/1594/1275
f 1482/1598/1279 1479/1599/1280 1480/1600/1281
f 1480/1600/1281 1481/1601/1282 1482/1598/1279
f 1486/1602/1283 1483/1603/1284 1484/1604/1285
f 1484/1604/1285 1485/1605/1286 1486/1602/1283
f 1490/1606/1287 1487/1607/1288 1488/1608/1289
f 1488/1608/1289 1489/1609/1290 1490/1606/1287
f 1494/1610/1291 1491/1611/1292 1492/1612/1293
f 1492/1612/1293 1493/1613/1294 1494/1610/1291
f 1498/1614/1295 1495/1615/1296 1496/1616/1297
f 1496/1616/1297 1497/1617/1298 1498/1614/1295
f 1502/1618/1299 1499/1619/1300 1500/1620/1301
f 1500/1620/1301 1501/1621/1302 1502/1618/1299
f 1506/1622/1303 1503/1623/1304 1504/1624/1305
f 1504/1624/1305 1505/1625/1306 1506/1622/1303
f 1510/1626/1307 1507/1627/1308 1508/1628/1309
f 1508/1628/1309 1509/1629/1310 1510/1626/1307
f 1514/1630/1311 1511/1631/1312 1512/1632/1313
f 1512/1632/1313 1513/1633/1314 1514/1630/1311
f 1518/1634/1315 1515/1635/1316 1516/1636/1317
f 1516/1636/1317 1517/1637/1318 1518/1634/1315
f 1522/1638/1319 1519/1639/1320 1520/1640/1321
f 1520/1640/1321 1521/1641/1322 1522/1638/1319
f 1526/1642/1323 1523/1643/1324 1524/1644/1325
f 1524/1644/1325 1525/1645/1326 1526/1642/1323
f 1530/1646/1327 1527/1647/1328 1528/1648/1329
f 1528/1648/1329 1529/1649/1330 1530/1646/1327
f 1534/1650/1331 1531/1651/1332 1532/1652/1333
f 1532/1652/1333 1533/1653/1334 1534/1650/1331
f 1538/1654/1335 1535/1655/1336 1536/1656/1337
f 1536/1656/1337 1537/1657/1338 1538/1654/1335
f 1542/1658/1339 1539/1659/1340 1540/1660/1341
f 1540/1660/1341 1541/1661/1342 1542/1658/1339
f 1546/1662/1343 1543/1663/1344 1544/1664/1345
f 1544/1664/1345 1545/1665/1346 1546/1662/1343
f 1550/1666/1347 1547/1667/1348 1548/1668/1349
f 1548/1668/1349 1549/1669/1350 1550/1666/1347
f 1554/1670/1351 1551/1671/1352 1552/1672/1353
f 1552/1672/1353 1553/1673/1354 1554/1670/1351
f 1558/1674/1355 1555/1675/1356 1556/1676/1357
f 1556/1676/1357 1557/1677/1358 1558/1674/1355
f 1562/1678/1359 1559/1679/1360 1560/1680/1361
f 1560/1680/1361 1561/1681/1362 1562/1678/1359
f 1566/1682/1363 1563/1683/1364 1564/1684/1365
f 1564/1684/1365 1565/1685/1366 1566/1682/1363
f 1570/1686/1367 1567/1687/1368 1568/1688/1369
f 1568/1688/1369 1569/1689/1370 1570/1686/1367
f 1574/1690/1371 1571/1691/1372 1572/1692/1373
f 1572/1692/1373 1573/1693/1374 1574/1690/1371
f 1578/1694/1375 1575/1695/1376 1576/1696/1377
f 1576/1696/1377 1577/1697/1378 1578/1694/1375
f 1582/1698/1379 1579/1699/1380 1580/1700/1381
f 1580/1700/1381 1581/1701/1382 1582/1698/1379
f 1586/1702/1383 1583/1703/1384 1584/1704/1385
f 1584/1704/1385 1585/1705/1386 1586/1702/1383
f 1590/1706/1387 1587/1707/1388 1588/1708/1389
f 1588/1708/1389 1589/1709/1390 1590/1706/1387
f 1594/1710/1391 1591/1711/1392 1592/1712/1393
f 1592/1712/1393 1593/1713/1394 1594/1710/1391
f 1598/1714/1395 1595/1715/1396 1596/1716/1397
f 1596/1716/1397 1597/1717/1398 1598/1714/1395
f 1600/1718/1399 1562/1678/1359 1561/1681/1362
f 1561/1681/1362 1599/1719/1400 1600/1718/1399
f 1602/1720/1401 1470/1586/1267 1469/1589/1270
f 1469/1589/1270 1601/1721/1402 1602/1720/1401
f 1604/1722/1403 1478/1594/1275 1477/1597/1278
f 1477/1597/1278 1603/1723/1404 1604/1722/1403
f 1606/1724/1405 1490/1606/1287 1489/1609/1290
f 1489/1609/1290 1605/1725/1406 1606/1724/1405
f 1608/1726/1407 1502/1618/1299 1501/1621/1302
f 1501/1621/1302 1607/1727/1408 1608/1726/1407
f 1610/1728/1409 1514/1630/1311 1513/1633/1314
f 1513/1633/1314 1609/1729/1410 1610/1728/1409
f 1612/1730/1411 1526/1642/1323 1525/1645/1326
f 1525/1645/1326 1611/1731/1412 1612/1730/1411
f 1614/1732/1413 1538/1654/1335 1537/1657/1338
f 1537/1657/1338 1613/1733/1414 1614/1732/1413
f 1616/1734/1415 1550/1666/1347 1549/1669/1350
f 1549/1669/1350 1615/1735/1416 1616/1734/1415
f 1618/1736/1417 1600/1718/1399 1599/1719/1400
f 1599/1719/1400 1617/1737/1418 1618/1736/1417
f 1467/1587/1268 1619/1738/1419 1620/1739/1420
f 1620/1739/1420 1468/1588/1269 1467/1587/1268
f 1622/1740/1421 1602/1720/1401 1601/1721/1402
f 1601/1721/1402 1621/1741/1422 1622/1740/1421
f 1626/1742/1423 1623/1743/1424 1624/1744/1425
f 1624/1744/1425 1625/1745/1426 1626/1742/1423
f 1475/1595/1276 1627/1746/1427 1628/1747/1428
f 1628/1747/1428 1476/1596/1277 1475/1595/1276
f 1630/1748/1429 1604/1722/1403 1603/1723/1404
f 1603/1723/1404 1629/1749/1430 1630/1748/1429
f 1487/1607/1288 1631/1750/1431 1632/1751/1432
f 1632/1751/1432 1488/1608/1289 1487/1607/1288
f 1634/1752/1433 1606/1724/1405 1605/1725/1406
f 1605/1725/1406 1633/1753/1434 1634/1752/1433
f 1499/1619/1300 1635/1754/1435 1636/1755/1436
f 1636/1755/1436 1500/1620/1301 1499/1619/1300
f 1638/1756/1437 1608/1726/1407 1607/1727/1408
f 1607/1727/1408 1637/1757/1438 1638/1756/1437
f 1511/1631/1312 1639/1758/1439 1640/1759/1440
f 1640/1759/1440 1512/1632/1313 1511/1631/1312
f 1642/1760/1441 1610/1728/1409 1609/1729/1410
f 1609/1729/1410 1641/1761/1442 1642/1760/1441
f 1523/1643/1324 1643/1762/1443 1644/1763/1444
f 1644/1763/1444 1524/1644/1325 1523/1643/1324
f 1646/1764/1445 1612/1730/1411 1611/1731/1412
f 1611/1731/1412 1645/1765/1446 1646/1764/1445
f 1535/1655/1336 1647/1766/1447 1648/1767/1448
f 1648/1767/1448 1536/1656/1337 1535/1655/1336
f 1650/1768/1449 1614/1732/1413 1613/1733/1414
f 1613/1733/1414 1649/1769/1450 1650/1768/1449
f 1547/1667/1348 1651/1770/1451 1652/1771/1452
f 1652/1771/1452 1548/1668/1349 1547/1667/1348
f 1654/1772/1453 1616/1734/1415 1615/1735/1416
f 1615/1735/1416 1653/1773/1454 1654/1772/1453
f 1559/1679/1360 1655/1774/1455 1656/1775/1456
f 1656/1775/1456 1560/1680/1361 1559/1679/1360
f 1461/1581/1262 1460/1580/1261 1657/1776/1457
f 1657/1776/1457 1658/1777/1458 1461/1581/1262
f 1465/1585/1266 1464/1584/1265 1659/1778/1459
f 1659/1778/1459 1660/1779/1460 1465/1585/1266
f 1469/1589/1270 1468/1588/1269 1661/1780/1461
f 1661/1780/1461 1662/1781/1462 1469/1589/1270
f 1473/1593/1274 1472/1592/1273 1663/1782/1463
f 1663/1782/1463 1664/1783/1464 1473/1593/1274
f 1477/1597/1278 1476/1596/1277 1665/1784/1465
f 1665/1784/1465 1666/1785/1466 1477/1597/1278
f 1481/1601/1282 1480/1600/1281 1667/1786/1467
f 1667/1786/1467 1668/1787/1468 1481/1601/1282
f 1485/1605/1286 1484/1604/1285 1669/1788/1469
f 1669/1788/1469 1670/1789/1470 1485/1605/1286
f 1489/1609/1290 1488/1608/1289 1671/1790/1471
f 1671/1790/1471 1672/1791/1472 1489/1609/1290
f 1493/1613/1294 1492/1612/1293 1673/1792/1473
f 1673/1792/1473 1674/1793/1474 1493/1613/1294
f 1497/1617/1298 1496/1616/1297 1675/1794/1475
f 1675/1794/1475 1676/1795/1476 1497/1617/1298
f 1501/1621/1302 1500/1620/1301 1677/1796/1477
f 1677/1796/1477 1678/1797/1478 1501/1621/1302
f 1505/1625/1306 1504/1624/1305 1679/1798/1479
f 1679/1798/1479 1680/1799/1480 1505/1625/1306
f 1509/1629/1310 1508/1628/1309 1681/1800/1481
f 1681/1800/1481 1682/1801/1482 1509/1629/1310
f 1513/1633/1314 1512/1632/1313 1683/1802/1483
f 1683/1802/1483 1684/1803/1484 1513/1633/1314
f 1517/1637/1318 1516/1636/1317 1685/1804/1485
f 1685/1804/1485 1686/1805/1486 1517/1637/1318
f 1521/1641/1322 1520/1640/1321 1687/1806/1487
f 1687/1806/1487 1688/1807/1488 1521/1641/1322
f 1525/1645/1326 1524/1644/1325 1689/1808/1489
f 1689/1808/1489 1690/1809/1490 1525/1645/1326
f 1529/1649/1330 1528/1648/1329 1691/1810/1491
f 1691/1810/1491 1692/1811/1492 1529/1649/1330
f 1533/1653/1334 1532/1652/1333 1693/1812/1493
f 1693/1812/1493 1694/1813/1494 1533/1653/1334
f 1537/1657/1338 1536/1656/1337 1695/1814/1495
f 1695/1814/1495 1696/1815/1496 1537/1657/1338
f 1541/1661/1342 1540/1660/1341 1697/1816/1497
f 1697/1816/1497 1698/1817/1498 1541/1661/1342
f 1545/1665/1346 1544/1664/1345 1699/1818/1499
f 1699/1818/1499 1700/1819/1500 1545/1665/1346
f 1549/1669/1350 1548/1668/1349 1701/1820/1501
f 1701/1820/1501 1702/1821/1502 1549/1669/1350
f 1553/1673/1354 1552/1672/1353 1703/1822/1503
f 1703/1822/1503 1704/1823/1504 1553/1673/1354
f 1557/1677/1358 1556/1676/1357 1705/1824/1505
f 1705/1824/1505 1706/1825/1506 1557/1677/1358
f 1561/1681/1362 1560/1680/1361 1707/1826/1507
f 1707/1826/1507 1708/1827/1508 1561/1681/1362
f 1565/1685/1366 1564/1684/1365 1709/1828/1509
f 1709/1828/1509 1710/1829/1510 1565/1685/1366
f 1569/1689/1370 1568/1688/1369 1711/1830/1511
f 1711/1830/1511 1712/1831/1512 1569/1689/1370
f 1573/1693/1374 1572/1692/1373 1713/1832/1513
f 1713/1832/1513 1714/1833/1514 1573/1693/1374
f 1577/1697/1378 1576/1696/1377 1715/1834/1515
f 1715/1834/1515 1716/1835/1516 1577/1697/1378
f 1581/1701/1382 1580/1700/1381 1717/1836/1517
f 1717/1836/1517 1718/1837/1518 1581/1701/1382
f 1585/1705/1386 1584/1704/1385 1719/1838/1519
f 1719/1838/1519 1720/1839/1520 1585/1705/1386
f 1589/1709/1390 1588/1708/1389 1721/1840/1521
f 1721/1840/1521 1722/1841/1522 1589/1709/1390
f 1593/1713/1394 1592/1712/1393 1723/1842/1523
f 1723/1842/1523 1724/1843/1524 1593/1713/1394
f 1597/1717/1398 1596/1716/1397 1725/1844/1525
f 1725/1844/1525 1726/1845/1526 1597/1717/1398
f 1599/1719/1400 1561/1681/1362 1708/1827/1508
f 1708/1827/1508 1727/1846/1527 1599/1719/1400
f 1601/1721/1402 1469/1589/1270 1662/1781/1462
f 1662/1781/1462 1728/1847/1528 1601/1721/1402
f 1603/1723/1404 1477/1597/1278 1666/1785/1466
f 1666/1785/1466 1729/1848/1529 1603/1723/1404
f 1605/1725/1406 1489/1609/1290 1672/1791/1472
f 1672/1791/1472 1730/1849/1530 1605/1725/1406
f 1607/1727/1408 1501/1621/1302 1678/1797/1478
f 1678/1797/1478 1731/1850/1531 1607/1727/1408
f 1609/1729/1410 1513/1633/1314 1684/1803/1484
f 1684/1803/1484 1732/1851/1532 1609/1729/1410
f 1611/1731/1412 1525/1645/1326 1690/1809/1490
f 1690/1809/1490 1733/1852/1533 1611/1731/1412
f 1613/1733/1414 1537/1657/1338 1696/1815/1496
f 1696/1815/1496 1734/1853/1534 1613/1733/1414
f 1615/1735/1416 1549/1669/1350 1702/1821/1502
f 1702/1821/1502 1735/1854/1535 1615/1735/1416
f 1617/1737/1418 1599/1719/1400 1727/1846/1527
f 1727/1846/1527 1736/1855/1536 1617/1737/1418
f 1468/1588/1269 1620/1739/1420 1737/1856/1537
f 1737/1856/1537 1661/1780/1461 1468/1588/1269
f 1621/1741/1422 1601/1721/1402 1728/1847/1528
f 1728/1847/1528 1738/1857/1538 1621/1741/1422
f 1625/1745/1426 1624/1744/1425 1739/1858/1539
f 1739/1858/1539 1740/1859/1540 1625/1745/1426
f 1476/1596/1277 1628/1747/1428 1741/1860/1541
f 1741/1860/1541 1665/1784/1465 1476/1596/1277
f 1629/1749/1430 1603/1723/1404 1729/1848/1529
f 1729/1848/1529 1742/1861/1542 1629/1749/1430
f 1488/1608/1289 1632/1751/1432 1743/1862/1543
f 1743/1862/1543 1671/1790/1471 1488/1608/1289
f 1633/1753/1434 1605/1725/1406 1730/1849/1530
f 1730/1849/1530 1744/1863/1544 1633/1753/1434
f 1500/1620/1301 1636/1755/1436 1745/1864/1545
f 1745/1864/1545 1677/1796/1477 1500/1620/1301
f 1637/1757/1438 1607/1727/1408 1731/1850/1531
f 1731/1850/1531 1746/1865/1546 1637/1757/1438
f 1512/1632/1313 1640/1759/1440 1747/1866/1547
f 1747/1866/1547 1683/1802/1483 1512/1632/1313
f 1641/1761/1442 1609/1729/1410 1732/1851/1532
f 1732/1851/1532 1748/1867/1548 1641/1761/1442
f 1524/1644/1325 1644/1763/1444 1749/1868/1549
f 1749/1868/1549 1689/1808/1489 1524/1644/1325
f 1645/1765/1446 1611/1731/1412 1733/1852/1533
f 1733/1852/1533 1750/1869/1550 1645/1765/1446
f 1536/1656/1337 1648/1767/1448 1751/1870/1551
f 1751/1870/1551 1695/1814/1495 1536/1656/1337
f 1649/1769/1450 1613/1733/1414 1734/1853/1534
f 1734/1853/1534 1752/1871/1552 1649/1769/1450
f 1548/1668/1349 1652/1771/1452 1753/1872/1553
f 1753/1872/1553 1701/1820/1501 1548/1668/1349
f 1653/1773/1454 1615/1735/1416 1735/1854/1535
f 1735/1854/1535 1754/1873/1554 1653/1773/1454
f 1560/1680/1361 1656/1775/1456 1755/1874/1555
f 1755/1874/1555 1707/1826/1507 1560/1680/1361
f 1658/1777/1458 1657/1776/1457 1756/1875/1556
f 1756/1875/1556 1757/1876/1557 1658/1777/1458
f 1660/1779/1460 1659/1778/1459 1758/1877/1558
f 1758/1877/1558 1759/1878/1559 1660/1779/1460
f 1662/1781/1462 1661/1780/1461 1760/1879/1560
f 1760/1879/1560 1761/1880/1561 1662/1781/1462
f 1664/1783/1464 1663/1782/1463 1762/1881/1562
f 1762/1881/1562 1763/1882/1563 1664/1783/1464
f 1666/1785/1466 1665/1784/1465 1764/1883/1564
f 1764/1883/1564 1765/1884/1565 1666/1785/1466
f 1668/1787/1468 1667/1786/1467 1766/1885/1566
f 1766/1885/1566 1767/1886/1567 1668/1787/1468
f 1670/1789/1470 1669/1788/1469 1768/1887/1568
f 1768/1887/1568 1769/1888/1569 1670/1789/1470
f 1672/1791/1472 1671/1790/1471 1770/1889/1570
f 1770/1889/1570 1771/1890/1571 1672/1791/1472
f 1674/1793/1474 1673/1792/1473 1772/1891/1572
f 1772/1891/1572 1773/1892/1573 1674/1793/1474
f 1676/1795/1476 1675/1794/1475 1774/1893/1574
f 1774/1893/1574 1775/1894/1575 1676/1795/1476
f 1678/1797/1478 1677/1796/1477 1776/1895/1576
f 1776/1895/1576 1777/1896/1577 1678/1797/1478
f 1680/1799/1480 1679/1798/1479 1778/1897/1578
f 1778/1897/1578 1779/1898/1579 1680/1799/1480
f 1682/1801/1482 1681/1800/1481 1780/1899/1580
f 1780/1899/1580 1781/1900/1581 1682/1801/1482
f 1684/1803/1484 1683/1802/1483 1782/1901/1582
f 1782/1901/1582 1783/1902/1583 1684/1803/1484
f 1686/1805/1486 1685/1804/1485 1784/1903/1584
f 1784/1903/1584 1785/1904/1585 1686/1805/1486
f 1688/1807/1488 1687/1806/1487 1786/1905/1586
f 1786/1905/1586 1787/1906/1587 1688/1807/1488
f 1690/1809/1490 1689/1808/1489 1788/1907/1588
f 1788/1907/1588 1789/1908/1589 1690/1809/1490
f 1692/1811/1492 1691/1810/1491 1790/1909/1590
f 1790/1909/1590 1791/1910/1591 1692/1811/1492
f 1694/1813/1494 1693/1812/1493 1792/1911/1592
f 1792/1911/1592 1793/1912/1593 1694/1813/1494
f 1696/1815/1496 1695/1814/1495 1794/1913/1594
f 1794/1913/1594 1795/1914/1595 1696/1815/1496
f 1698/1817/1498 1697/1816/1497 1796/1915/1596
f 1796/1915/1596 1797/1916/1597 1698/1817/1498
f 1700/1819/1500 1699/1818/1499 1798/1917/1598
f 1798/1917/1598 1799/1918/1599 1700/1819/1500
f 1702/1821/1502 1701/1820/1501 1800/1919/1600
f 1800/1919/1600 1801/1920/1601 1702/1821/1502
f 1704/1823/1504 1703/1822/1503 1802/1921/1602
f 1802/1921/1602 1803/1922/1603 1704/1823/1504
f 1706/1825/1506 1705/1824/1505 1804/1923/1604
f 1804/1923/1604 1805/1924/1605 1706/1825/1506
f 1708/1827/1508 1707/1826/1507 1806/1925/1606
f 1806/1925/1606 1807/1926/1607 1708/1827/1508
f 1710/1829/1510 1709/1828/1509 1808/1927/1608
f 1808/1927/1608 1809/1928/1609 1710/1829/1510
f 1712/1831/1512 1711/1830/1511 1810/1929/1610
f 1810/1929/1610 1811/1930/1611 1712/1831/1512
f 1714/1833/1514 1713/1832/1513 1812/1931/1612
f 1812/1931/1612 1813/1932/1613 1714/1833/1514
f 1716/1835/1516 1715/1834/1515 1814/1933/1614
f 1814/1933/1614 1815/1934/1615 1716/1835/1516
f 1718/1837/1518 1717/1836/1517 1816/1935/1616
f 1816/1935/1616 1817/1936/1617 1718/1837/1518
f 1720/1839/1520 1719/1838/1519 1818/1937/1618
f 1818/1937/1618 1819/1938/1619 1720/1839/1520
f 1722/1841/1522 1721/1840/1521 1820/1939/1620
f 1820/1939/1620 1821/1940/1621 1722/1841/1522
f 1724/1843/1524 1723/1842/1523 1822/1941/1622
f 1822/1941/1622 1823/1942/1623 1724/1843/1524
f 1726/1845/1526 1725/1844/1525 1824/1943/1624
f 1824/1943/1624 1825/1944/1625 1726/1845/1526
f 1727/1846/1527 1708/1827/1508 1807/1926/1607
f 1807/1926/1607 1826/1945/1626 1727/1846/1527
f 1728/1847/1528 1662/1781/1462 1761/1880/1561
f 1761/1880/1561 1827/1946/1627 1728/1847/1528
f 1729/1848/1529 1666/1785/1466 1765/1884/1565
f 1765/1884/1565 1828/1947/1628 1729/1848/1529
f 1730/1849/1530 1672/1791/1472 1771/1890/1571
f 1771/1890/1571 1829/1948/1629 1730/1849/1530
f 1731/1850/1531 1678/1797/1478 1777/1896/1577
f 1777/1896/1577 1830/1949/1630 1731/1850/1531
f 1732/1851/1532 1684/1803/1484 1783/1902/1583
f 1783/1902/1583 1831/1950/1631 1732/1851/1532
f 1733/1852/1533 1690/1809/1490 1789/1908/1589
f 1789/1908/1589 1832/1951/1632 1733/1852/1533
f 1734/1853/1534 1696/1815/1496 1795/1914/1595
f 1795/1914/1595 1833/1952/1633 1734/1853/1534
f 1735/1854/1535 1702/1821/1502 1801/1920/1601
f 1801/1920/1601 1834/1953/1634 1735/1854/1535
f 1736/1855/1536 1727/1846/1527 1826/1945/1626
f 1826/1945/1626 1835/1954/1635 1736/1855/1536
f 1661/1780/1461 1737/1856/1537 1836/1955/1636
f 1836/1955/1636 1760/1879/1560 1661/1780/1461
f 1738/1857/1538 1728/1847/1528 1827/1946/1627
f 1827/1946/1627 1837/1956/1637 1738/1857/1538
f 1740/1859/1540 1739/1858/1539 1838/1957/1638
f 1838/1957/1638 1839/1958/1639 1740/1859/1540
f 1665/1784/1465 1741/1860/1541 1840/1959/1640
f 1840/1959/1640 1764/1883/1564 1665/1784/1465
f 1742/1861/1542 1729/1848/1529 1828/1947/1628
f 1828/1947/1628 1841/1960/1641 1742/1861/1542
f 1671/1790/1471 1743/1862/1543 1842/1961/1642
f 1842/1961/1642 1770/1889/1570 1671/1790/1471
f 1744/1863/1544 1730/1849/1530 1829/1948/1629
f 1829/1948/1629 1843/1962/1643 1744/1863/1544
f 1677/1796/1477 1745/1864/1545 1844/1963/1644
f 1844/1963/1644 1776/1895/1576 1677/1796/1477
f 1746/1865/1546 1731/1850/1531 1830/1949/1630
f 1830/1949/1630 1845/1964/1645 1746/1865/1546
f 1683/1802/1483 1747/1866/1547 1846/1965/1646
f 1846/1965/1646 1782/1901/1582 1683/1802/1483
f 1748/1867/1548 1732/1851/1532 1831/1950/1631
f 1831/1950/1631 1847/1966/1647 1748/1867/1548
f 1689/1808/1489 1749/1868/1549 1848/1967/1648
f 1848/1967/1648 1788/1907/1588 1689/1808/1489
f 1750/1869/1550 1733/1852/1533 1832/1951/1632
f 1832/1951/1632 1849/1968/1649 1750/1869/1550
f 1695/1814/1495 1751/1870/1551 1850/1969/1650
f 1850/1969/1650 1794/1913/1594 1695/1814/1495
f 1752/1871/1552 1734/1853/1534 1833/1952/1633
f 1833/1952/1633 1851/1970/1651 1752/1871/1552
f 1701/1820/1501 1753/1872/1553 1852/1971/1652
f 1852/1971/1652 1800/1919/1600 1701/1820/1501
f 1754/1873/1554 1735/1854/1535 1834/1953/1634
f 1834/1953/1634 1853/1972/1653 1754/1873/1554
f 1707/1826/1507 1755/1874/1555 1854/1973/1654
f 1854/1973/1654 1806/1925/1606 1707/1826/1507
f 1757/1876/1557 1756/1875/1556 1039/1060/840
f 1039/1060/840 1148/1169/949 1757/1876/1557
f 1759/1878/1559 1758/1877/1558 1043/1064/844
f 1043/1064/844 1202/1223/1003 1759/1878/1559
f 1761/1880/1561 1760/1879/1560 1048/1069/849
f 1048/1069/849 1047/1068/848 1761/1880/1561
f 1763/1882/1563 1762/1881/1562 1051/1072/852
f 1051/1072/852 1152/1173/953 1763/1882/1563
f 1765/1884/1565 1764/1883/1564 1060/1081/861
f 1060/1081/861 1059/1080/860 1765/1884/1565
f 1767/1886/1567 1766/1885/1566 1063/1084/864
f 1063/1084/864 1156/1177/957 1767/1886/1567
f 1769/1888/1569 1768/1887/1568 1067/1088/868
f 1067/1088/868 1210/1231/1011 1769/1888/1569
f 1771/1890/1571 1770/1889/1570 1072/1093/873
f 1072/1093/873 1071/1092/872 1771/1890/1571
f 1773/1892/1573 1772/1891/1572 1075/1096/876
f 1075/1096/876 1160/1181/961 1773/1892/1573
f 1775/1894/1575 1774/1893/1574 1079/1100/880
f 1079/1100/880 1214/1235/1015 1775/1894/1575
f 1777/1896/1577 1776/1895/1576 1084/1105/885
f 1084/1105/885 1083/1104/884 1777/1896/1577
f 1779/1898/1579 1778/1897/1578 1087/1108/888
f 1087/1108/888 1164/1185/965 1779/1898/1579
f 1781/1900/1581 1780/1899/1580 1091/1112/892
f 1091/1112/892 1218/1239/1019 1781/1900/1581
f 1783/1902/1583 1782/1901/1582 1096/1117/897
f 1096/1117/897 1095/1116/896 1783/1902/1583
f 1785/1904/1585 1784/1903/1584 1099/1120/900
f 1099/1120/900 1168/1189/969 1785/1904/1585
f 1787/1906/1587 1786/1905/1586 1103/1124/904
f 1103/1124/904 1222/1243/1023 1787/1906/1587
f 1789/1908/1589 1788/1907/1588 1108/1129/909
f 1108/1129/909 1107/1128/908 1789/1908/1589
f 1791/1910/1591 1790/1909/1590 1111/1132/912
f 1111/1132/912 1172/1193/973 1791/1910/1591
f 1793/1912/1593 1792/1911/1592 1115/1136/916
f 1115/1136/916 1226/1247/1027 1793/1912/1593
f 1795/1914/1595 1794/1913/1594 1120/1141/921
f 1120/1141/921 1119/1140/920 1795/1914/1595
f 1797/1916/1597 1796/1915/1596 1123/1144/924
f 1123/1144/924 1176/1197/977 1797/1916/1597
f 1799/1918/1599 1798/1917/1598 1127/1148/928
f 1127/1148/928 1230/1251/1031 1799/1918/1599
f 1801/1920/1601 1800/1919/1600 1132/1153/933
f 1132/1153/933 1131/1152/932 1801/1920/1601
f 1803/1922/1603 1802/1921/1602 1135/1156/936
f 1135/1156/936 1180/1201/981 1803/1922/1603
f 1805/1924/1605 1804/1923/1604 1139/1160/940
f 1139/1160/940 1234/1255/1035 1805/1924/1605
f 1807/1926/1607 1806/1925/1606 1144/1165/945
f 1144/1165/945 1143/1164/944 1807/1926/1607
f 1809/1928/1609 1808/1927/1608 1147/1168/948
f 1147/1168/948 1044/1065/845 1809/1928/1609
f 1811/1930/1611 1810/1929/1610 1151/1172/952
f 1151/1172/952 1056/1077/857 1811/1930/1611
f 1813/1932/1613 1812/1931/1612 1155/1176/956
f 1155/1176/956 1068/1089/869 1813/1932/1613
f 1815/1934/1615 1814/1933/1614 1159/1180/960
f 1159/1180/960 1080/1974/881 1815/1934/1615
f 1817/1936/1617 1816/1935/1616 1163/1184/964
f 1163/1184/964 1092/1113/893 1817/1936/1617
f 1819/1938/1619 1818/1937/1618 1167/1188/968
f 1167/1188/968 1104/1125/905 1819/1938/1619
f 1821/1940/1621 1820/1939/1620 1171/1192/972
f 1171/1192/972 1116/1137/917 1821/1940/1621
f 1823/1942/1623 1822/1941/1622 1175/1196/976
f 1175/1196/976 1128/1149/929 1823/1942/1623
f 1825/1944/1625 1824/1943/1624 1179/1200/980
f 1179/1200/980 1140/1161/941 1825/1944/1625
f 1826/1945/1626 1807/1926/1607 1143/1164/944
f 1143/1164/944 1183/1204/984 1826/1945/1626
f 1827/1946/1627 1761/1880/1561 1047/1068/848
f 1047/1068/848 1185/1206/986 1827/1946/1627
f 1828/1947/1628 1765/1884/1565 1059/1080/860
f 1059/1080/860 1187/1208/988 1828/1947/1628
f 1829/1948/1629 1771/1890/1571 1071/1092/872
f 1071/1092/872 1189/1210/990 1829/1948/1629
f 1830/1949/1630 1777/1896/1577 1083/1104/884
f 1083/1104/884 1191/1212/992 1830/1949/1630
f 1831/1950/1631 1783/1902/1583 1095/1116/896
f 1095/1116/896 1193/1214/994 1831/1950/1631
f 1832/1951/1632 1789/1908/1589 1107/1128/908
f 1107/1128/908 1195/1216/996 1832/1951/1632
f 1833/1952/1633 1795/1914/1595 1119/1140/920
f 1119/1140/920 1197/1218/998 1833/1952/1633
f 1834/1953/1634 1801/1920/1601 1131/1152/932
f 1131/1152/932 1199/1220/1000 1834/1953/1634
f 1835/1954/1635 1826/1945/1626 1183/1204/984
f 1183/1204/984 1040/1061/841 1835/1954/1635
f 1760/1879/1560 1836/1955/1636 1201/1222/1002
f 1201/1222/1002 1048/1069/849 1760/1879/1560
f 1837/1956/1637 1827/1946/1627 1185/1206/986
f 1185/1206/986 1052/1073/853 1837/1956/1637
f 1839/1958/1639 1838/1957/1638 1055/1076/856
f 1055/1076/856 1206/1227/1007 1839/1958/1639
f 1764/1883/1564 1840/1959/1640 1205/1226/1006
f 1205/1226/1006 1060/1081/861 1764/1883/1564
f 1841/1960/1641 1828/1947/1628 1187/1208/988
f 1187/1208/988 1064/1085/865 1841/1960/1641
f 1770/1889/1570 1842/1961/1642 1209/1230/1010
f 1209/1230/1010 1072/1093/873 1770/1889/1570
f 1843/1962/1643 1829/1948/1629 1189/1210/990
f 1189/1210/990 1076/1097/877 1843/1962/1643
f 1776/1895/1576 1844/1963/1644 1213/1234/1014
f 1213/1234/1014 1084/1105/885 1776/1895/1576
f 1845/1964/1645 1830/1949/1630 1191/1212/992
f 1191/1212/992 1088/1109/889 1845/1964/1645
f 1782/1901/1582 1846/1965/1646 1217/1238/1018
f 1217/1238/1018 1096/1117/897 1782/1901/1582
f 1847/1966/1647 1831/1950/1631 1193/1214/994
f 1193/1214/994 1100/1121/901 1847/1966/1647
f 1788/1907/1588 1848/1967/1648 1221/1242/1022
f 1221/1242/1022 1108/1129/909 1788/1907/1588
f 1849/1968/1649 1832/1951/1632 1195/1216/996
f 1195/1216/996 1112/1133/913 1849/1968/1649
f 1794/1913/1594 1850/1969/1650 1225/1246/1026
f 1225/1246/1026 1120/1141/921 1794/1913/1594
f 1851/1970/1651 1833/1952/1633 1197/1218/998
f 1197/1218/998 1124/1145/925 1851/1970/1651
f 1800/1919/1600 1852/1971/1652 1229/1250/1030
f 1229/1250/1030 1132/1153/933 1800/1919/1600
f 1853/1972/1653 1834/1953/1634 1199/1220/1000
f 1199/1220/1000 1136/1157/937 1853/1972/1653
f 1806/1925/1606 1854/1973/1654 1233/1254/1034
f 1233/1254/1034 1144/1165/945 1806/1925/1606
f 577/248/407 580/247/406 648/319/478
f 648/319/478 647/318/477 577/248/407
f 580/247/406 691/1975/518 648/319/478
f 586/257/416 589/256/415 651/322/481
f 651/322/481 650/321/480 586/257/416
f 589/256/415 697/1976/524 651/322/481
f 595/266/425 598/265/424 627/298/457
f 627/298/457 626/297/456 595/266/425
f 598/265/424 703/1977/530 627/298/457
f 1386/1506/1187 708/1978/537 630/301/460
f 630/301/460 629/300/459 1386/1506/1187
f 708/1978/537 656/1979/483 630/301/460
f 532/203/362 535/202/361 633/304/463
f 633/304/463 632/303/462 532/203/362
f 535/202/361 661/1980/488 633/304/463
f 541/212/371 544/211/370 636/307/466
f 636/307/466 635/306/465 541/212/371
f 544/211/370 667/1981/494 636/307/466
f 550/221/380 553/220/379 639/310/469
f 639/310/469 638/309/468 550/221/380
f 553/220/379 673/1982/500 639/310/469
f 559/230/389 562/229/388 642/313/472
f 642/313/472 641/312/471 559/230/389
f 562/229/388 679/1983/506 642/313/472
f 568/239/398 571/238/397 645/316/475
f 645/316/475 644/315/474 568/239/398
f 571/238/397 685/1984/512 645/316/475
f 1379/1499/1180 705/1985/533 704/1986/534
f 704/1986/534 1855/1987/1655 1379/1499/1180
f 538/208/367 537/207/366 1391/1510/1191
f 1391/1510/1191 631/299/458 538/208/367
f 1395/1515/1196 657/1988/486 610/281/440
f 610/281/440 609/280/439 1395/1515/1196
f 547/217/376 546/216/375 1404/1523/1204
f 1404/1523/1204 634/302/461 547/217/376
f 1408/1528/1209 663/1989/491 662/1990/492
f 662/1990/492 1856/1991/1656 1408/1528/1209
f 556/226/385 555/225/384 1418/1537/1218
f 1418/1537/1218 637/305/464 556/226/385
f 1422/1542/1223 669/1992/497 668/1993/498
f 668/1993/498 1857/1994/1657 1422/1542/1223
f 565/235/394 564/234/393 1432/1551/1232
f 1432/1551/1232 640/308/467 565/235/394
f 1436/1556/1237 675/1995/503 674/1996/504
f 674/1996/504 1858/1997/1658 1436/1556/1237
f 574/244/403 573/243/402 1446/1565/1246
f 1446/1565/1246 643/311/470 574/244/403
f 1450/1570/1251 681/1998/509 680/1999/510
f 680/1999/510 1859/2000/1659 1450/1570/1251
f 583/253/412 582/252/411 653/323/482
f 653/323/482 646/314/473 583/253/412
f 1339/1458/1139 687/2001/515 686/2002/516
f 686/2002/516 1860/2003/1660 1339/1458/1139
f 592/262/421 591/261/420 1348/1467/1148
f 1348/1467/1148 649/317/476 592/262/421
f 1352/1472/1153 693/2004/521 692/2005/522
f 692/2005/522 1861/2006/1661 1352/1472/1153
f 601/271/430 600/270/429 1362/1481/1162
f 1362/1481/1162 652/320/479 601/271/430
f 1366/1486/1167 699/2007/527 698/2008/528
f 698/2008/528 1862/2009/1662 1366/1486/1167
f 1383/1503/1184 706/2010/535 528/199/358
f 528/199/358 531/198/357 1383/1503/1184
f 627/298/457 703/1977/530 525/195/354
f 525/195/354 527/197/356 627/298/457
f 630/301/460 656/1979/483 536/206/365
f 536/206/365 538/208/367 630/301/460
f 633/304/463 661/1980/488 545/215/374
f 545/215/374 547/217/376 633/304/463
f 636/307/466 667/1981/494 554/224/383
f 554/224/383 556/226/385 636/307/466
f 639/310/469 673/1982/500 563/233/392
f 563/233/392 565/235/394 639/310/469
f 642/313/472 679/1983/506 572/242/401
f 572/242/401 574/244/403 642/313/472
f 645/316/475 685/1984/512 581/251/410
f 581/251/410 583/253/412 645/316/475
f 648/319/478 691/1975/518 590/260/419
f 590/260/419 592/262/421 648/319/478
f 651/322/481 697/1976/524 599/269/428
f 599/269/428 601/271/430 651/322/481
f 732/2011/561 1350/1469/1150 1348/1467/1148
f 1348/1467/1148 591/261/420 732/2011/561
f 733/2012/562 1364/1483/1164 1362/1481/1162
f 1362/1481/1162 600/270/429 733/2012/562
f 734/2013/563 1377/1496/1177 725/520/554
f 725/520/554 526/196/355 734/2013/563
f 727/2014/556 1393/1512/1193 1391/1510/1191
f 1391/1510/1191 537/207/366 727/2014/556
f 728/2015/557 1406/1525/1206 1404/1523/1204
f 1404/1523/1204 546/216/375 728/2015/557
f 729/2016/558 1420/1539/1220 1418/1537/1218
f 1418/1537/1218 555/225/384 729/2016/558
f 730/2017/559 1434/1553/1234 1432/1551/1232
f 1432/1551/1232 564/234/393 730/2017/559
f 731/2018/560 1448/1567/1248 1446/1565/1246
f 1446/1565/1246 573/243/402 731/2018/560
f 708/1978/537 1386/1506/1187 530/201/360
f 530/201/360 529/200/359 708/1978/537
f 714/509/543 859/2019/683 801/626/631
f 801/626/631 399/70/229 714/509/543
f 941/865/741 1459/2020/1260 1462/2021/1259
f 1462/2021/1259 942/866/742 941/865/741
f 943/869/743 1463/2022/1264 1466/2023/1263
f 1466/2023/1263 944/870/744 943/869/743
f 945/873/745 1467/2024/1268 1470/2025/1267
f 1470/2025/1267 946/874/746 945/873/745
f 947/877/747 1471/2026/1272 1474/2027/1271
f 1474/2027/1271 948/878/748 947/877/747
f 950/879/749 1623/2028/1424 1626/2029/1423
f 1626/2029/1423 1863/2030/1663 950/879/749
f 951/885/751 1475/2031/1276 1478/2032/1275
f 1478/2032/1275 952/886/752 951/885/751
f 953/889/753 1479/2033/1280 1482/2034/1279
f 1482/2034/1279 954/890/754 953/889/753
f 955/893/755 1483/2035/1284 1486/2036/1283
f 1486/2036/1283 956/894/756 955/893/755
f 957/897/757 1487/2037/1288 1490/2038/1287
f 1490/2038/1287 958/898/758 957/897/757
f 959/901/759 1491/2039/1292 1494/2040/1291
f 1494/2040/1291 960/902/760 959/901/759
f 961/905/761 1495/2041/1296 1498/2042/1295
f 1498/2042/1295 962/906/762 961/905/761
f 963/909/763 1499/2043/1300 1502/2044/1299
f 1502/2044/1299 964/910/764 963/909/763
f 965/913/765 1503/2045/1304 1506/2046/1303
f 1506/2046/1303 966/914/766 965/913/765
f 967/917/767 1507/2047/1308 1510/2048/1307
f 1510/2048/1307 968/918/768 967/917/767
f 969/921/769 1511/2049/1312 1514/2050/1311
f 1514/2050/1311 970/922/770 969/921/769
f 971/925/771 1515/2051/1316 1518/2052/1315
f 1518/2052/1315 972/926/772 971/925/771
f 973/929/773 1519/2053/1320 1522/2054/1319
f 1522/2054/1319 974/930/774 973/929/773
f 975/933/775 1523/2055/1324 1526/2056/1323
f 1526/2056/1323 976/934/776 975/933/775
f 977/937/777 1527/2057/1328 1530/2058/1327
f 1530/2058/1327 978/938/778 977/937/777
f 979/941/779 1531/2059/1332 1534/2060/1331
f 1534/2060/1331 980/942/780 979/941/779
f 981/945/781 1535/2061/1336 1538/2062/1335
f 1538/2062/1335 982/946/782 981/945/781
f 983/949/783 1539/2063/1340 1542/2064/1339
f 1542/2064/1339 984/950/784 983/949/783
f 985/953/785 1543/2065/1344 1546/2066/1343
f 1546/2066/1343 986/954/786 985/953/785
f 987/957/787 1547/2067/1348 1550/2068/1347
f 1550/2068/1347 988/958/788 987/957/787
f 989/961/789 1551/2069/1352 1554/2070/1351
f 1554/2070/1351 990/962/790 989/961/789
f 991/965/791 1555/2071/1356 1558/2072/1355
f 1558/2072/1355 992/966/792 991/965/791
f 993/969/793 1559/2073/1360 1562/2074/1359
f 1562/2074/1359 994/970/794 993/969/793
f 995/973/795 1563/2075/1364 1566/2076/1363
f 1566/2076/1363 996/974/796 995/973/795
f 997/975/797 1567/2077/1368 1570/2078/1367
f 1570/2078/1367 949/882/750 997/975/797
f 998/979/798 1571/2079/1372 1574/2080/1371
f 1574/2080/1371 999/980/799 998/979/798
f 1000/983/800 1575/2081/1376 1578/2082/1375
f 1578/2082/1375 1001/984/801 1000/983/800
f 1002/987/802 1579/2083/1380 1582/2084/1379
f 1582/2084/1379 1003/988/803 1002/987/802
f 1004/991/804 1583/2085/1384 1586/2086/1383
f 1586/2086/1383 1005/992/805 1004/991/804
f 1006/995/806 1587/2087/1388 1590/2088/1387
f 1590/2088/1387 1007/996/807 1006/995/806
f 1008/999/808 1591/2089/1392 1594/2090/1391
f 1594/2090/1391 1009/1000/809 1008/999/808
f 1010/1003/810 1595/2091/1396 1598/2092/1395
f 1598/2092/1395 1011/1004/811 1010/1003/810
f 994/970/794 1562/2074/1359 1600/2093/1399
f 1600/2093/1399 1012/1006/812 994/970/794
f 946/874/746 1470/2025/1267 1602/2094/1401
f 1602/2094/1401 1013/1008/813 946/874/746
f 952/886/752 1478/2032/1275 1604/2095/1403
f 1604/2095/1403 1014/1010/814 952/886/752
f 958/898/758 1490/2038/1287 1606/2096/1405
f 1606/2096/1405 1015/1012/815 958/898/758
f 964/910/764 1502/2044/1299 1608/2097/1407
f 1608/2097/1407 1016/1014/816 964/910/764
f 970/922/770 1514/2050/1311 1610/2098/1409
f 1610/2098/1409 1017/1016/817 970/922/770
f 976/934/776 1526/2056/1323 1612/2099/1411
f 1612/2099/1411 1018/1018/818 976/934/776
f 982/946/782 1538/2062/1335 1614/2100/1413
f 1614/2100/1413 1019/1020/819 982/946/782
f 988/958/788 1550/2068/1347 1616/2101/1415
f 1616/2101/1415 1020/1022/820 988/958/788
f 1012/1006/812 1600/2093/1399 1618/2102/1417
f 1618/2102/1417 1021/1024/821 1012/1006/812
f 1022/1026/822 1619/2103/1419 1467/2024/1268
f 1467/2024/1268 945/873/745 1022/1026/822
f 1013/1008/813 1602/2094/1401 1622/2104/1421
f 1622/2104/1421 1023/1028/823 1013/1008/813
f 1024/1030/824 1627/2105/1427 1475/2031/1276
f 1475/2031/1276 951/885/751 1024/1030/824
f 1014/1010/814 1604/2095/1403 1630/2106/1429
f 1630/2106/1429 1025/1032/825 1014/1010/814
f 1026/1034/826 1631/2107/1431 1487/2037/1288
f 1487/2037/1288 957/897/757 1026/1034/826
f 1015/1012/815 1606/2096/1405 1634/2108/1433
f 1634/2108/1433 1027/1036/827 1015/1012/815
f 1028/1038/828 1635/2109/1435 1499/2043/1300
f 1499/2043/1300 963/909/763 1028/1038/828
f 1016/1014/816 1608/2097/1407 1638/2110/1437
f 1638/2110/1437 1029/1040/829 1016/1014/816
f 1030/1042/830 1639/2111/1439 1511/2049/1312
f 1511/2049/1312 969/921/769 1030/1042/830
f 1017/1016/817 1610/2098/1409 1642/2112/1441
f 1642/2112/1441 1031/1044/831 1017/1016/817
f 1032/1046/832 1643/2113/1443 1523/2055/1324
f 1523/2055/1324 975/933/775 1032/1046/832
f 1018/1018/818 1612/2099/1411 1646/2114/1445
f 1646/2114/1445 1033/1048/833 1018/1018/818
f 1034/1050/834 1647/2115/1447 1535/2061/1336
f 1535/2061/1336 981/945/781 1034/1050/834
f 1019/1020/819 1614/2100/1413 1650/2116/1449
f 1650/2116/1449 1035/1052/835 1019/1020/819
f 1036/1054/836 1651/2117/1451 1547/2067/1348
f 1547/2067/1348 987/957/787 1036/1054/836
f 1020/1022/820 1616/2101/1415 1654/2118/1453
f 1654/2118/1453 1037/1056/837 1020/1022/820
f 1038/1058/838 1655/2119/1455 1559/2073/1360
f 1559/2073/1360 993/969/793 1038/1058/838
f 1337/1456/1137 1336/1455/1136 1273/1332/1074
f 1273/1332/1074 1315/1413/1115 1337/1456/1137
f 1336/1455/1136 1338/1457/1138 1274/1329/1073
f 1274/1329/1073 1273/1332/1074 1336/1455/1136
f 1341/1460/1141 1340/1459/1140 1304/1389/1103
f 1304/1389/1103 1303/1392/1104 1341/1460/1141
f 1343/1461/1142 1276/1333/1075 1275/1336/1076
f 1275/1336/1076 1864/2120/1664 1343/1461/1142
f 1345/1463/1144 1331/1443/1130 1330/1446/1131
f 1330/1446/1131 1342/1462/1143 1345/1463/1144
f 1346/1465/1146 1278/1337/1077 1277/1340/1078
f 1277/1340/1078 1344/1464/1145 1346/1465/1146
f 1347/1466/1147 1316/1415/1116 1278/1337/1077
f 1278/1337/1077 1346/1465/1146 1347/1466/1147
f 1347/1466/1147 1349/1468/1149 1279/1344/1080
f 1279/1344/1080 1316/1415/1116 1347/1466/1147
f 1349/1468/1149 1351/1470/1151 1280/1341/1079
f 1280/1341/1079 1279/1344/1080 1349/1468/1149
f 1354/1474/1155 1353/1473/1154 1306/1393/1105
f 1306/1393/1105 1305/1396/1106 1354/1474/1155
f 1357/1475/1156 1282/1345/1081 1281/1348/1082
f 1281/1348/1082 1865/2121/1665 1357/1475/1156
f 1359/1477/1158 1333/1447/1132 1332/1450/1133
f 1332/1450/1133 1356/1476/1157 1359/1477/1158
f 1360/1479/1160 1284/1349/1083 1283/1352/1084
f 1283/1352/1084 1358/1478/1159 1360/1479/1160
f 1361/1480/1161 1317/1417/1117 1284/1349/1083
f 1284/1349/1083 1360/1479/1160 1361/1480/1161
f 1361/1480/1161 1363/1482/1163 1285/1356/1086
f 1285/1356/1086 1317/1417/1117 1361/1480/1161
f 1363/1482/1163 1365/1484/1165 1286/1353/1085
f 1286/1353/1085 1285/1356/1086 1363/1482/1163
f 1368/1488/1169 1367/1487/1168 1308/1397/1107
f 1308/1397/1107 1307/1400/1108 1368/1488/1169
f 1371/1489/1170 1288/1357/1087 1287/1360/1088
f 1287/1360/1088 1866/2122/1666 1371/1489/1170
f 1373/1491/1172 1335/1451/1134 1334/1454/1135
f 1334/1454/1135 1370/1490/1171 1373/1491/1172
f 1374/1493/1174 1290/1361/1089 1289/1364/1090
f 1289/1364/1090 1372/1492/1173 1374/1493/1174
f 1375/1494/1175 1309/1401/1109 1290/1361/1089
f 1290/1361/1089 1374/1493/1174 1375/1494/1175
f 1375/1494/1175 1376/1495/1176 1237/1260/1038
f 1237/1260/1038 1309/1401/1109 1375/1494/1175
f 1376/1495/1176 1378/1497/1178 1238/1257/1037
f 1238/1257/1037 1237/1260/1038 1376/1495/1176
f 1381/1501/1182 1380/1500/1181 1292/1365/1091
f 1292/1365/1091 1291/1368/1092 1381/1501/1182
f 1385/1502/1183 1240/1261/1039 1239/1264/1040
f 1239/1264/1040 1867/2123/1667 1385/1502/1183
f 1388/1505/1186 1319/1419/1118 1318/1422/1119
f 1318/1422/1119 1384/1504/1185 1388/1505/1186
f 1389/1508/1189 1242/1265/1041 1241/1268/1042
f 1241/1268/1042 1387/1507/1188 1389/1508/1189
f 1390/1509/1190 1310/1403/1110 1242/1265/1041
f 1242/1265/1041 1389/1508/1189 1390/1509/1190
f 1390/1509/1190 1392/1511/1192 1243/1272/1044
f 1243/1272/1044 1310/1403/1110 1390/1509/1190
f 1394/1513/1194 1244/1269/1043 1243/1272/1044
f 1243/1272/1044 1392/1511/1192 1394/1513/1194
f 1397/1514/1195 1294/1369/1093 1293/1372/1094
f 1293/1372/1094 1868/2124/1668 1397/1514/1195
f 1396/1516/1197 1398/1517/1198 1246/1273/1045
f 1246/1273/1045 1245/1276/1046 1396/1516/1197
f 1400/1519/1200 1399/1518/1199 1321/1423/1120
f 1321/1423/1120 1320/1426/1121 1400/1519/1200
f 1401/1520/1201 1248/1277/1047 1247/1280/1048
f 1247/1280/1048 1402/1521/1202 1401/1520/1201
f 1403/1522/1203 1311/1405/1111 1248/1277/1047
f 1248/1277/1047 1401/1520/1201 1403/1522/1203
f 1403/1522/1203 1405/1524/1205 1249/1284/1050
f 1249/1284/1050 1311/1405/1111 1403/1522/1203
f 1405/1524/1205 1407/1526/1207 1250/1281/1049
f 1250/1281/1049 1249/1284/1050 1405/1524/1205
f 1410/1530/1211 1409/1529/1210 1296/1373/1095
f 1296/1373/1095 1295/1376/1096 1410/1530/1211
f 1413/1531/1212 1252/1285/1051 1251/1288/1052
f 1251/1288/1052 1869/2125/1669 1413/1531/1212
f 1415/1533/1214 1323/1427/1122 1322/1430/1123
f 1322/1430/1123 1412/1532/1213 1415/1533/1214
f 1416/1535/1216 1254/1289/1053 1253/1292/1054
f 1253/1292/1054 1414/1534/1215 1416/1535/1216
f 1417/1536/1217 1312/1407/1112 1254/1289/1053
f 1254/1289/1053 1416/1535/1216 1417/1536/1217
f 1417/1536/1217 1419/1538/1219 1255/1296/1056
f 1255/1296/1056 1312/1407/1112 1417/1536/1217
f 1419/1538/1219 1421/1540/1221 1256/1293/1055
f 1256/1293/1055 1255/1296/1056 1419/1538/1219
f 1424/1544/1225 1423/1543/1224 1298/1377/1097
f 1298/1377/1097 1297/1380/1098 1424/1544/1225
f 1427/1545/1226 1258/1297/1057 1257/1300/1058
f 1257/1300/1058 1870/2126/1670 1427/1545/1226
f 1429/1547/1228 1325/1431/1124 1324/1434/1125
f 1324/1434/1125 1426/1546/1227 1429/1547/1228
f 1430/1549/1230 1260/1301/1059 1259/1304/1060
f 1259/1304/1060 1428/1548/1229 1430/1549/1230
f 1431/1550/1231 1313/1409/1113 1260/1301/1059
f 1260/1301/1059 1430/1549/1230 1431/1550/1231
f 1431/1550/1231 1433/1552/1233 1261/1308/1062
f 1261/1308/1062 1313/1409/1113 1431/1550/1231
f 1433/1552/1233 1435/1554/1235 1262/1305/1061
f 1262/1305/1061 1261/1308/1062 1433/1552/1233
f 1438/1558/1239 1437/1557/1238 1300/1381/1099
f 1300/1381/1099 1299/1384/1100 1438/1558/1239
f 1441/1559/1240 1264/1309/1063 1263/1312/1064
f 1263/1312/1064 1871/2127/1671 1441/1559/1240
f 1443/1561/1242 1327/1435/1126 1326/1438/1127
f 1326/1438/1127 1440/1560/1241 1443/1561/1242
f 1444/1563/1244 1266/1313/1065 1265/1316/1066
f 1265/1316/1066 1442/1562/1243 1444/1563/1244
f 1445/1564/1245 1314/1411/1114 1266/1313/1065
f 1266/1313/1065 1444/1563/1244 1445/1564/1245
f 1445/1564/1245 1447/1566/1247 1267/1320/1068
f 1267/1320/1068 1314/1411/1114 1445/1564/1245
f 1447/1566/1247 1449/1568/1249 1268/1317/1067
f 1268/1317/1067 1267/1320/1068 1447/1566/1247
f 1452/1572/1253 1451/1571/1252 1302/1385/1101
f 1302/1385/1101 1301/1388/1102 1452/1572/1253
f 1455/1573/1254 1270/1321/1069 1269/1324/1070
f 1269/1324/1070 1872/2128/1672 1455/1573/1254
f 1457/1575/1256 1329/1439/1128 1328/1442/1129
f 1328/1442/1129 1454/1574/1255 1457/1575/1256
f 1458/1577/1258 1272/1325/1071 1271/1328/1072
f 1271/1328/1072 1456/1576/1257 1458/1577/1258
f 1337/1456/1137 1315/1413/1115 1272/1325/1071
f 1272/1325/1071 1458/1577/1258 1337/1456/1137
f 524/191/350 702/2129/532 502/173/332
f 369/40/199 655/2130/485 370/41/200
f 381/52/211 660/2131/490 382/53/212
f 393/64/223 666/2132/496 394/65/224
f 405/76/235 672/2133/502 406/77/236
f 417/88/247 678/2134/508 418/89/248
f 429/100/259 684/2135/514 430/101/260
f 442/113/272 690/2136/520 443/114/273
f 453/124/283 696/2137/526 454/125/284
f 502/173/332 702/2129/532 701/2138/531
f 701/2138/531 503/174/333 502/173/332
f 370/41/200 655/2130/485 654/2139/484
f 654/2139/484 505/176/335 370/41/200
f 382/53/212 660/2131/490 659/2140/489
f 659/2140/489 507/178/337 382/53/212
f 394/65/224 666/2132/496 665/2141/495
f 665/2141/495 509/180/339 394/65/224
f 406/77/236 672/2133/502 671/2142/501
f 671/2142/501 511/182/341 406/77/236
f 418/89/248 678/2134/508 677/2143/507
f 677/2143/507 513/184/343 418/89/248
f 430/101/260 684/2135/514 683/2144/513
f 683/2144/513 515/186/345 430/101/260
f 443/114/273 690/2136/520 689/2145/519
f 689/2145/519 517/188/347 443/114/273
f 454/125/284 696/2137/526 695/2146/525
f 695/2146/525 519/190/349 454/125/284
f 505/176/335 707/522/536 726/521/555
f 726/521/555 506/175/334 505/176/335
f 505/176/335 654/2139/484 707/522/536
f 507/178/337 658/2147/487 745/570/575
f 745/570/575 508/177/336 507/178/337
f 507/178/337 659/2140/489 658/2147/487
f 509/180/339 664/2148/493 752/577/582
f 752/577/582 510/179/338 509/180/339
f 509/180/339 665/2141/495 664/2148/493
f 511/182/341 670/2149/499 757/582/587
f 757/582/587 512/181/340 511/182/341
f 511/182/341 671/2142/501 670/2149/499
f 513/184/343 676/2150/505 764/589/594
f 764/589/594 514/183/342 513/184/343
f 513/184/343 677/2143/507 676/2150/505
f 515/186/345 682/2151/511 771/596/601
f 771/596/601 516/185/344 515/186/345
f 515/186/345 683/2144/513 682/2151/511
f 517/188/347 688/2152/517 778/603/608
f 778/603/608 518/187/346 517/188/347
f 517/188/347 689/2145/519 688/2152/517
f 519/190/349 694/2153/523 785/610/615
f 785/610/615 520/189/348 519/190/349
f 519/190/349 695/2146/525 694/2153/523
f 503/174/333 700/2154/529 792/617/622
f 792/617/622 504/171/330 503/174/333
f 503/174/333 701/2138/531 700/2154/529
f 363/34/193 362/33/192 523/194/353
f 523/194/353 522/193/352 363/34/193
f 464/131/290 792/617/622 700/2154/529
f 700/2154/529 461/132/291 464/131/290
f 452/119/278 785/610/615 694/2153/523
f 694/2153/523 449/120/279 452/119/278
f 440/107/266 778/603/608 688/2152/517
f 688/2152/517 437/108/267 440/107/266
f 428/95/254 771/596/601 682/2151/511
f 682/2151/511 425/96/255 428/95/254
f 416/83/242 764/589/594 676/2150/505
f 676/2150/505 413/84/243 416/83/242
f 404/71/230 757/582/587 670/2149/499
f 670/2149/499 401/72/231 404/71/230
f 392/59/218 752/577/582 664/2148/493
f 664/2148/493 389/60/219 392/59/218
f 380/47/206 745/570/575 658/2147/487
f 658/2147/487 377/48/207 380/47/206
f 1456/1576/1257 1271/1328/1072 1329/1439/1128
f 1329/1439/1128 1457/1575/1256 1456/1576/1257
f 1449/1568/1249 1452/1572/1253 1301/1388/1102
f 1301/1388/1102 1268/1317/1067 1449/1568/1249
f 1442/1562/1243 1265/1316/1066 1327/1435/1126
f 1327/1435/1126 1443/1561/1242 1442/1562/1243
f 1435/1554/1235 1438/1558/1239 1299/1384/1100
f 1299/1384/1100 1262/1305/1061 1435/1554/1235
f 1428/1548/1229 1259/1304/1060 1325/1431/1124
f 1325/1431/1124 1429/1547/1228 1428/1548/1229
f 1421/1540/1221 1424/1544/1225 1297/1380/1098
f 1297/1380/1098 1256/1293/1055 1421/1540/1221
f 1414/1534/1215 1253/1292/1054 1323/1427/1122
f 1323/1427/1122 1415/1533/1214 1414/1534/1215
f 1407/1526/1207 1410/1530/1211 1295/1376/1096
f 1295/1376/1096 1250/1281/1049 1407/1526/1207
f 1399/1518/1199 1402/1521/1202 1247/1280/1048
f 1247/1280/1048 1321/1423/1120 1399/1518/1199
f 1868/2124/1668 1293/1372/1094 1244/1269/1043
f 1244/1269/1043 1394/1513/1194 1868/2124/1668
f 1387/1507/1188 1241/1268/1042 1319/1419/1118
f 1319/1419/1118 1388/1505/1186 1387/1507/1188
f 1378/1497/1178 1381/1501/1182 1291/1368/1092
f 1291/1368/1092 1238/1257/1037 1378/1497/1178
f 1372/1492/1173 1289/1364/1090 1335/1451/1134
f 1335/1451/1134 1373/1491/1172 1372/1492/1173
f 1365/1484/1165 1368/1488/1169 1307/1400/1108
f 1307/1400/1108 1286/1353/1085 1365/1484/1165
f 1358/1478/1159 1283/1352/1084 1333/1447/1132
f 1333/1447/1132 1359/1477/1158 1358/1478/1159
f 1351/1470/1151 1354/1474/1155 1305/1396/1106
f 1305/1396/1106 1280/1341/1079 1351/1470/1151
f 1344/1464/1145 1277/1340/1078 1331/1443/1130
f 1331/1443/1130 1345/1463/1144 1344/1464/1145
f 1338/1457/1138 1341/1460/1141 1303/1392/1104
f 1303/1392/1104 1274/1329/1073 1338/1457/1138
f 992/966/792 1558/2072/1355 1655/2119/1455
f 1655/2119/1455 1038/1058/838 992/966/792
f 986/954/786 1546/2066/1343 1651/2117/1451
f 1651/2117/1451 1036/1054/836 986/954/786
f 980/942/780 1534/2060/1331 1647/2115/1447
f 1647/2115/1447 1034/1050/834 980/942/780
f 974/930/774 1522/2054/1319 1643/2113/1443
f 1643/2113/1443 1032/1046/832 974/930/774
f 968/918/768 1510/2048/1307 1639/2111/1439
f 1639/2111/1439 1030/1042/830 968/918/768
f 962/906/762 1498/2042/1295 1635/2109/1435
f 1635/2109/1435 1028/1038/828 962/906/762
f 956/894/756 1486/2036/1283 1631/2107/1431
f 1631/2107/1431 1026/1034/826 956/894/756
f 1863/2030/1663 1626/2029/1423 1627/2105/1427
f 1627/2105/1427 1024/1030/824 1863/2030/1663
f 944/870/744 1466/2023/1263 1619/2103/1419
f 1619/2103/1419 1022/1026/822 944/870/744
f 1037/1056/837 1654/2118/1453 1551/2069/1352
f 1551/2069/1352 989/961/789 1037/1056/837
f 1035/1052/835 1650/2116/1449 1539/2063/1340
f 1539/2063/1340 983/949/783 1035/1052/835
f 1033/1048/833 1646/2114/1445 1527/2057/1328
f 1527/2057/1328 977/937/777 1033/1048/833
f 1031/1044/831 1642/2112/1441 1515/2051/1316
f 1515/2051/1316 971/925/771 1031/1044/831
f 1029/1040/829 1638/2110/1437 1503/2045/1304
f 1503/2045/1304 965/913/765 1029/1040/829
f 1027/1036/827 1634/2108/1433 1491/2039/1292
f 1491/2039/1292 959/901/759 1027/1036/827
f 1025/1032/825 1630/2106/1429 1479/2033/1280
f 1479/2033/1280 953/889/753 1025/1032/825
f 1023/1028/823 1622/2104/1421 1471/2026/1272
f 1471/2026/1272 947/877/747 1023/1028/823
f 1021/1024/821 1618/2102/1417 1459/2020/1260
f 1459/2020/1260 941/865/741 1021/1024/821
f 396/63/222 828/652/657 859/2019/683
f 859/2019/683 714/509/543 396/63/222
f 731/2018/560 1873/2155/1673 1453/1569/1250
f 1453/1569/1250 1448/1567/1248 731/2018/560
f 730/2017/559 1874/2156/1674 1439/1555/1236
f 1439/1555/1236 1434/1553/1234 730/2017/559
f 729/2016/558 1875/2157/1675 1425/1541/1222
f 1425/1541/1222 1420/1539/1220 729/2016/558
f 728/2015/557 1876/2158/1676 1411/1527/1208
f 1411/1527/1208 1406/1525/1206 728/2015/557
f 727/2014/556 1877/2159/1677 1878/2160/1678
f 1878/2160/1678 1393/1512/1193 727/2014/556
f 734/2013/563 1879/2161/1679 1382/1498/1179
f 1382/1498/1179 1377/1496/1177 734/2013/563
f 733/2012/562 1880/2162/1680 1369/1485/1166
f 1369/1485/1166 1364/1483/1164 733/2012/562
f 732/2011/561 1881/2163/1681 1355/1471/1152
f 1355/1471/1152 1350/1469/1150 732/2011/561
f 1854/1973/1654 1805/1924/1605 1234/1255/1035
f 1234/1255/1035 1233/1254/1034 1854/1973/1654
f 1852/1971/1652 1799/1918/1599 1230/1251/1031
f 1230/1251/1031 1229/1250/1030 1852/1971/1652
f 1850/1969/1650 1793/1912/1593 1226/1247/1027
f 1226/1247/1027 1225/1246/1026 1850/1969/1650
f 1848/1967/1648 1787/1906/1587 1222/1243/1023
f 1222/1243/1023 1221/1242/1022 1848/1967/1648
f 1846/1965/1646 1781/1900/1581 1218/1239/1019
f 1218/1239/1019 1217/1238/1018 1846/1965/1646
f 1844/1963/1644 1775/1894/1575 1214/1235/1015
f 1214/1235/1015 1213/1234/1014 1844/1963/1644
f 1842/1961/1642 1769/1888/1569 1210/1231/1011
f 1210/1231/1011 1209/1230/1010 1842/1961/1642
f 1840/1959/1640 1839/1958/1639 1206/1227/1007
f 1206/1227/1007 1205/1226/1006 1840/1959/1640
f 1836/1955/1636 1759/1878/1559 1202/1223/1003
f 1202/1223/1003 1201/1222/1002 1836/1955/1636
f 1802/1921/1602 1853/1972/1653 1136/1157/937
f 1136/1157/937 1135/1156/936 1802/1921/1602
f 1796/1915/1596 1851/1970/1651 1124/1145/925
f 1124/1145/925 1123/1144/924 1796/1915/1596
f 1790/1909/1590 1849/1968/1649 1112/1133/913
f 1112/1133/913 1111/1132/912 1790/1909/1590
f 1784/1903/1584 1847/1966/1647 1100/1121/901
f 1100/1121/901 1099/1120/900 1784/1903/1584
f 1778/1897/1578 1845/1964/1645 1088/1109/889
f 1088/1109/889 1087/1108/888 1778/1897/1578
f 1772/1891/1572 1843/1962/1643 1076/1097/877
f 1076/1097/877 1075/1096/876 1772/1891/1572
f 1766/1885/1566 1841/1960/1641 1064/1085/865
f 1064/1085/865 1063/1084/864 1766/1885/1566
f 1762/1881/1562 1837/1956/1637 1052/1073/853
f 1052/1073/853 1051/1072/852 1762/1881/1562
f 1756/1875/1556 1835/1954/1635 1040/1061/841
f 1040/1061/841 1039/1060/840 1756/1875/1556
f 1755/1874/1555 1706/1825/1506 1805/1924/1605
f 1805/1924/1605 1854/1973/1654 1755/1874/1555
f 1753/1872/1553 1700/1819/1500 1799/1918/1599
f 1799/1918/1599 1852/1971/1652 1753/1872/1553
f 1751/1870/1551 1694/1813/1494 1793/1912/1593
f 1793/1912/1593 1850/1969/1650 1751/1870/1551
f 1749/1868/1549 1688/1807/1488 1787/1906/1587
f 1787/1906/1587 1848/1967/1648 1749/1868/1549
f 1747/1866/1547 1682/1801/1482 1781/1900/1581
f 1781/1900/1581 1846/1965/1646 1747/1866/1547
f 1745/1864/1545 1676/1795/1476 1775/1894/1575
f 1775/1894/1575 1844/1963/1644 1745/1864/1545
f 1743/1862/1543 1670/1789/1470 1769/1888/1569
f 1769/1888/1569 1842/1961/1642 1743/1862/1543
f 1741/1860/1541 1740/1859/1540 1839/1958/1639
f 1839/1958/1639 1840/1959/1640 1741/1860/1541
f 1737/1856/1537 1660/1779/1460 1759/1878/1559
f 1759/1878/1559 1836/1955/1636 1737/1856/1537
f 1703/1822/1503 1754/1873/1554 1853/1972/1653
f 1853/1972/1653 1802/1921/1602 1703/1822/1503
f 1697/1816/1497 1752/1871/1552 1851/1970/1651
f 1851/1970/1651 1796/1915/1596 1697/1816/1497
f 1691/1810/1491 1750/1869/1550 1849/1968/1649
f 1849/1968/1649 1790/1909/1590 1691/1810/1491
f 1685/1804/1485 1748/1867/1548 1847/1966/1647
f 1847/1966/1647 1784/1903/1584 1685/1804/1485
f 1679/1798/1479 1746/1865/1546 1845/1964/1645
f 1845/1964/1645 1778/1897/1578 1679/1798/1479
f 1673/1792/1473 1744/1863/1544 1843/1962/1643
f 1843/1962/1643 1772/1891/1572 1673/1792/1473
f 1667/1786/1467 1742/1861/1542 1841/1960/1641
f 1841/1960/1641 1766/1885/1566 1667/1786/1467
f 1663/1782/1463 1738/1857/1538 1837/1956/1637
f 1837/1956/1637 1762/1881/1562 1663/1782/1463
f 1657/1776/1457 1736/1855/1536 1835/1954/1635
f 1835/1954/1635 1756/1875/1556 1657/1776/1457
f 1656/1775/1456 1557/1677/1358 1706/1825/1506
f 1706/1825/1506 1755/1874/1555 1656/1775/1456
f 1652/1771/1452 1545/1665/1346 1700/1819/1500
f 1700/1819/1500 1753/1872/1553 1652/1771/1452
f 1648/1767/1448 1533/1653/1334 1694/1813/1494
f 1694/1813/1494 1751/1870/1551 1648/1767/1448
f 1644/1763/1444 1521/1641/1322 1688/1807/1488
f 1688/1807/1488 1749/1868/1549 1644/1763/1444
f 1640/1759/1440 1509/1629/1310 1682/1801/1482
f 1682/1801/1482 1747/1866/1547 1640/1759/1440
f 1636/1755/1436 1497/1617/1298 1676/1795/1476
f 1676/1795/1476 1745/1864/1545 1636/1755/1436
f 1632/1751/1432 1485/1605/1286 1670/1789/1470
f 1670/1789/1470 1743/1862/1543 1632/1751/1432
f 1628/1747/1428 1625/1745/1426 1740/1859/1540
f 1740/1859/1540 1741/1860/1541 1628/1747/1428
f 1620/1739/1420 1465/1585/1266 1660/1779/1460
f 1660/1779/1460 1737/1856/1537 1620/1739/1420
f 1552/1672/1353 1653/1773/1454 1754/1873/1554
f 1754/1873/1554 1703/1822/1503 1552/1672/1353
f 1540/1660/1341 1649/1769/1450 1752/1871/1552
f 1752/1871/1552 1697/1816/1497 1540/1660/1341
f 1528/1648/1329 1645/1765/1446 1750/1869/1550
f 1750/1869/1550 1691/1810/1491 1528/1648/1329
f 1516/1636/1317 1641/1761/1442 1748/1867/1548
f 1748/1867/1548 1685/1804/1485 1516/1636/1317
f 1504/1624/1305 1637/1757/1438 1746/1865/1546
f 1746/1865/1546 1679/1798/1479 1504/1624/1305
f 1492/1612/1293 1633/1753/1434 1744/1863/1544
f 1744/1863/1544 1673/1792/1473 1492/1612/1293
f 1480/1600/1281 1629/1749/1430 1742/1861/1542
f 1742/1861/1542 1667/1786/1467 1480/1600/1281
f 1472/1592/1273 1621/1741/1422 1738/1857/1538
f 1738/1857/1538 1663/1782/1463 1472/1592/1273
f 1460/1580/1261 1617/1737/1418 1736/1855/1536
f 1736/1855/1536 1657/1776/1457 1460/1580/1261
f 1655/1774/1455 1558/1674/1355 1557/1677/1358
f 1557/1677/1358 1656/1775/1456 1655/1774/1455
f 1651/1770/1451 1546/1662/1343 1545/1665/1346
f 1545/1665/1346 1652/1771/1452 1651/1770/1451
f 1647/1766/1447 1534/1650/1331 1533/1653/1334
f 1533/1653/1334 1648/1767/1448 1647/1766/1447
f 1643/1762/1443 1522/1638/1319 1521/1641/1322
f 1521/1641/1322 1644/1763/1444 1643/1762/1443
f 1639/1758/1439 1510/1626/1307 1509/1629/1310
f 1509/1629/1310 1640/1759/1440 1639/1758/1439
f 1635/1754/1435 1498/1614/1295 1497/1617/1298
f 1497/1617/1298 1636/1755/1436 1635/1754/1435
f 1631/1750/1431 1486/1602/1283 1485/1605/1286
f 1485/1605/1286 1632/1751/1432 1631/1750/1431
f 1627/1746/1427 1626/1742/1423 1625/1745/1426
f 1625/1745/1426 1628/1747/1428 1627/1746/1427
f 1619/1738/1419 1466/1582/1263 1465/1585/1266
f 1465/1585/1266 1620/1739/1420 1619/1738/1419
f 1551/1671/1352 1654/1772/1453 1653/1773/1454
f 1653/1773/1454 1552/1672/1353 1551/1671/1352
f 1539/1659/1340 1650/1768/1449 1649/1769/1450
f 1649/1769/1450 1540/1660/1341 1539/1659/1340
f 1527/1647/1328 1646/1764/1445 1645/1765/1446
f 1645/1765/1446 1528/1648/1329 1527/1647/1328
f 1515/1635/1316 1642/1760/1441 1641/1761/1442
f 1641/1761/1442 1516/1636/1317 1515/1635/1316
f 1503/1623/1304 1638/1756/1437 1637/1757/1438
f 1637/1757/1438 1504/1624/1305 1503/1623/1304
f 1491/1611/1292 1634/1752/1433 1633/1753/1434
f 1633/1753/1434 1492/1612/1293 1491/1611/1292
f 1479/1599/1280 1630/1748/1429 1629/1749/1430
f 1629/1749/1430 1480/1600/1281 1479/1599/1280
f 1471/1591/1272 1622/1740/1421 1621/1741/1422
f 1621/1741/1422 1472/1592/1273 1471/1591/1272
f 1459/1579/1260 1618/1736/1417 1617/1737/1418
f 1617/1737/1418 1460/1580/1261 1459/1579/1260
f 1454/1574/1255 576/245/404 569/240/399
f 569/240/399 1457/1575/1256 1454/1574/1255
f 1448/1567/1248 1453/1569/1250 1452/1572/1253
f 1452/1572/1253 1449/1568/1249 1448/1567/1248
f 1440/1560/1241 567/236/395 560/231/390
f 560/231/390 1443/1561/1242 1440/1560/1241
f 1434/1553/1234 1439/1555/1236 1438/1558/1239
f 1438/1558/1239 1435/1554/1235 1434/1553/1234
f 1426/1546/1227 558/227/386 551/222/381
f 551/222/381 1429/1547/1228 1426/1546/1227
f 1420/1539/1220 1425/1541/1222 1424/1544/1225
f 1424/1544/1225 1421/1540/1221 1420/1539/1220
f 1412/1532/1213 549/218/377 542/213/372
f 542/213/372 1415/1533/1214 1412/1532/1213
f 1406/1525/1206 1411/1527/1208 1410/1530/1211
f 1410/1530/1211 1407/1526/1207 1406/1525/1206
f 533/204/363 532/203/362 1402/1521/1202
f 1402/1521/1202 1399/1518/1199 533/204/363
f 1393/1512/1193 1878/2160/1678 1868/2124/1668
f 1868/2124/1668 1394/1513/1194 1393/1512/1193
f 1384/1504/1185 531/198/357 530/201/360
f 530/201/360 1388/1505/1186 1384/1504/1185
f 1377/1496/1177 1382/1498/1179 1381/1501/1182
f 1381/1501/1182 1378/1497/1178 1377/1496/1177
f 1370/1490/1171 603/272/431 596/267/426
f 596/267/426 1373/1491/1172 1370/1490/1171
f 1364/1483/1164 1369/1485/1166 1368/1488/1169
f 1368/1488/1169 1365/1484/1165 1364/1483/1164
f 1356/1476/1157 594/263/422 587/258/417
f 587/258/417 1359/1477/1158 1356/1476/1157
f 1350/1469/1150 1355/1471/1152 1354/1474/1155
f 1354/1474/1155 1351/1470/1151 1350/1469/1150
f 1342/1462/1143 585/254/413 578/249/408
f 578/249/408 1345/1463/1144 1342/1462/1143
f 606/277/436 605/276/435 1341/1460/1141
f 1341/1460/1141 1338/1457/1138 606/277/436
f 1289/1364/1090 1145/1363/946 1236/1452/1033
f 1236/1452/1033 1335/1451/1134 1289/1364/1090
f 1283/1352/1084 1133/1351/934 1232/1448/1029
f 1232/1448/1029 1333/1447/1132 1283/1352/1084
f 1277/1340/1078 1121/1339/922 1228/1444/1025
f 1228/1444/1025 1331/1443/1130 1277/1340/1078
f 1271/1328/1072 1109/1327/910 1224/1440/1021
f 1224/1440/1021 1329/1439/1128 1271/1328/1072
f 1265/1316/1066 1097/1315/898 1220/1436/1017
f 1220/1436/1017 1327/1435/1126 1265/1316/1066
f 1259/1304/1060 1085/1303/886 1216/1432/1013
f 1216/1432/1013 1325/1431/1124 1259/1304/1060
f 1253/1292/1054 1073/1291/874 1212/1428/1009
f 1212/1428/1009 1323/1427/1122 1253/1292/1054
f 1247/1280/1048 1061/1279/862 1208/1424/1005
f 1208/1424/1005 1321/1423/1120 1247/1280/1048
f 1241/1268/1042 1049/1267/850 1204/1420/1001
f 1204/1420/1001 1319/1419/1118 1241/1268/1042
f 1307/1400/1108 1181/1399/982 1138/1354/935
f 1138/1354/935 1286/1353/1085 1307/1400/1108
f 1305/1396/1106 1177/1395/978 1126/1342/923
f 1126/1342/923 1280/1341/1079 1305/1396/1106
f 1303/1392/1104 1173/1391/974 1114/1330/911
f 1114/1330/911 1274/1329/1073 1303/1392/1104
f 1301/1388/1102 1169/1387/970 1102/1318/899
f 1102/1318/899 1268/1317/1067 1301/1388/1102
f 1299/1384/1100 1165/1383/966 1090/1306/887
f 1090/1306/887 1262/1305/1061 1299/1384/1100
f 1297/1380/1098 1161/1379/962 1078/1294/875
f 1078/1294/875 1256/1293/1055 1297/1380/1098
f 1295/1376/1096 1157/1375/958 1066/1282/863
f 1066/1282/863 1250/1281/1049 1295/1376/1096
f 1293/1372/1094 1153/1371/954 1054/1270/851
f 1054/1270/851 1244/1269/1043 1293/1372/1094
f 1291/1368/1092 1149/1367/950 1042/1258/839
f 1042/1258/839 1238/1257/1037 1291/1368/1092
f 1145/1166/946 1144/1165/945 1233/1254/1034
f 1233/1254/1034 1236/1253/1033 1145/1166/946
f 1133/1154/934 1132/1153/933 1229/1250/1030
f 1229/1250/1030 1232/1249/1029 1133/1154/934
f 1121/1142/922 1120/1141/921 1225/1246/1026
f 1225/1246/1026 1228/1245/1025 1121/1142/922
f 1109/1130/910 1108/1129/909 1221/1242/1022
f 1221/1242/1022 1224/1241/1021 1109/1130/910
f 1097/1118/898 1096/1117/897 1217/1238/1018
f 1217/1238/1018 1220/1237/1017 1097/1118/898
f 1085/1106/886 1084/1105/885 1213/1234/1014
f 1213/1234/1014 1216/1233/1013 1085/1106/886
f 1073/1094/874 1072/1093/873 1209/1230/1010
f 1209/1230/1010 1212/1229/1009 1073/1094/874
f 1061/1082/862 1060/1081/861 1205/1226/1006
f 1205/1226/1006 1208/1225/1005 1061/1082/862
f 1049/1070/850 1048/1069/849 1201/1222/1002
f 1201/1222/1002 1204/1221/1001 1049/1070/850
f 1181/1202/982 1180/1201/981 1135/1156/936
f 1135/1156/936 1138/1155/935 1181/1202/982
f 1177/1198/978 1176/1197/977 1123/1144/924
f 1123/1144/924 1126/1143/923 1177/1198/978
f 1173/1194/974 1172/1193/973 1111/1132/912
f 1111/1132/912 1114/1131/911 1173/1194/974
f 1169/1190/970 1168/1189/969 1099/1120/900
f 1099/1120/900 1102/1119/899 1169/1190/970
f 1165/1186/966 1164/1185/965 1087/1108/888
f 1087/1108/888 1090/1107/887 1165/1186/966
f 1161/1182/962 1160/1181/961 1075/1096/876
f 1075/1096/876 1078/1095/875 1161/1182/962
f 1157/1178/958 1156/1177/957 1063/1084/864
f 1063/1084/864 1066/1083/863 1157/1178/958
f 1153/1174/954 1152/1173/953 1051/1072/852
f 1051/1072/852 1054/1071/851 1153/1174/954
f 1149/1170/950 1148/1169/949 1039/1060/840
f 1039/1060/840 1042/1059/839 1149/1170/950
f 940/1057/668 939/963/740 992/966/792
f 992/966/792 1038/1058/838 940/1057/668
f 938/1053/666 937/951/739 986/954/786
f 986/954/786 1036/1054/836 938/1053/666
f 936/1049/664 935/939/738 980/942/780
f 980/942/780 1034/1050/834 936/1049/664
f 934/1045/736 933/927/737 974/930/774
f 974/930/774 1032/1046/832 934/1045/736
f 932/1041/660 931/915/735 968/918/768
f 968/918/768 1030/1042/830 932/1041/660
f 930/1037/658 929/903/734 962/906/762
f 962/906/762 1028/1038/828 930/1037/658
f 928/1033/655 927/891/733 956/894/756
f 956/894/756 1026/1034/826 928/1033/655
f 926/1029/653 925/2164/732 1863/2030/1663
f 1863/2030/1663 1024/1030/824 926/1029/653
f 924/1025/651 923/867/731 944/870/744
f 944/870/744 1022/1026/822 924/1025/651
f 891/960/617 890/1055/706 1037/1056/837
f 1037/1056/837 989/961/789 891/960/617
f 885/948/701 884/1051/702 1035/1052/835
f 1035/1052/835 983/949/783 885/948/701
f 879/936/603 878/1047/697 1033/1048/833
f 1033/1048/833 977/937/777 879/936/603
f 873/924/596 872/1043/693 1031/1044/831
f 1031/1044/831 971/925/771 873/924/596
f 867/912/688 866/1039/689 1029/1040/829
f 1029/1040/829 965/913/765 867/912/688
f 861/900/683 860/1035/684 1027/1036/827
f 1027/1036/827 959/901/759 861/900/683
f 854/888/577 853/1031/679 1025/1032/825
f 1025/1032/825 953/889/753 854/888/577
f 848/876/570 847/1027/675 1023/1028/823
f 1023/1028/823 947/877/747 848/876/570
f 842/864/670 841/1023/671 1021/1024/821
f 1021/1024/821 941/865/741 842/864/670
f 894/772/710 793/771/623 840/860/668
f 840/860/668 940/859/668 894/772/710
f 888/760/705 786/759/616 838/856/666
f 838/856/666 938/855/666 888/760/705
f 882/748/700 779/747/609 836/852/664
f 836/852/664 936/851/664 882/748/700
f 876/736/696 772/735/602 834/848/662
f 834/848/662 934/847/736 876/736/696
f 870/724/692 765/723/595 832/844/660
f 832/844/660 932/843/660 870/724/692
f 864/712/687 758/711/588 830/840/658
f 830/840/658 930/839/658 864/712/687
f 857/700/682 753/699/583 827/836/655
f 827/836/655 928/835/655 857/700/682
f 851/688/678 746/687/576 825/832/653
f 825/832/653 926/831/653 851/688/678
f 845/676/674 739/675/569 823/828/651
f 823/828/651 924/827/651 845/676/674
f 912/808/721 811/807/641 789/762/617
f 789/762/617 891/761/617 912/808/721
f 910/804/720 809/803/639 782/750/610
f 782/750/610 885/749/701 910/804/720
f 908/800/718 807/799/637 775/738/603
f 775/738/603 879/737/603 908/800/718
f 906/796/717 805/795/635 768/726/596
f 768/726/596 873/725/596 906/796/717
f 904/792/716 803/791/633 761/714/589
f 761/714/589 867/713/688 904/792/716
f 902/788/715 801/787/631 859/702/683
f 859/702/683 861/701/683 902/788/715
f 900/784/714 799/783/629 749/690/577
f 749/690/577 854/689/577 900/784/714
f 898/780/713 797/779/627 742/678/570
f 742/678/570 848/677/570 898/780/713
f 896/776/711 795/775/625 736/666/564
f 736/666/564 842/665/670 896/776/711
f 793/618/623 792/617/622 464/131/290
f 464/131/290 840/663/668 793/618/623
f 786/611/616 785/610/615 452/119/278
f 452/119/278 838/661/666 786/611/616
f 779/604/609 778/603/608 440/107/266
f 440/107/266 836/659/664 779/604/609
f 772/597/602 771/596/601 428/95/254
f 428/95/254 834/657/662 772/597/602
f 765/590/595 764/589/594 416/83/242
f 416/83/242 832/655/660 765/590/595
f 758/583/588 757/582/587 404/71/230
f 404/71/230 830/653/658 758/583/588
f 753/578/583 752/577/582 392/59/218
f 392/59/218 827/650/655 753/578/583
f 746/571/576 745/570/575 380/47/206
f 380/47/206 825/648/653 746/571/576
f 739/564/569 726/521/555 368/35/194
f 368/35/194 823/646/651 739/564/569
f 811/636/641 459/130/289 724/519/553
f 724/519/553 789/612/617 811/636/641
f 809/634/639 447/118/277 722/517/551
f 722/517/551 782/605/610 809/634/639
f 807/632/637 435/106/265 720/515/549
f 720/515/549 775/598/603 807/632/637
f 805/630/635 423/94/253 718/513/547
f 718/513/547 768/591/596 805/630/635
f 803/628/633 411/82/241 716/511/545
f 716/511/545 761/584/589 803/628/633
f 799/624/629 387/58/217 712/507/541
f 712/507/541 749/572/577 799/624/629
f 797/622/627 375/46/205 710/505/539
f 710/505/539 742/565/570 797/622/627
f 795/620/625 363/34/193 522/193/352
f 522/193/352 736/559/564 795/620/625
f 523/555/353 362/2165/192 1879/2166/1679
f 1879/2166/1679 734/556/563 523/555/353
f 723/551/552 458/2167/288 1880/2168/1680
f 1880/2168/1680 733/552/562 723/551/552
f 721/547/550 446/2169/276 1881/2170/1681
f 1881/2170/1681 732/548/561 721/547/550
f 719/543/548 434/2171/264 604/2172/434
f 604/2172/434 607/544/433 719/543/548
f 717/539/546 422/2173/252 1873/2174/1673
f 1873/2174/1673 731/540/560 717/539/546
f 715/535/544 410/2175/240 1874/2176/1674
f 1874/2176/1674 730/536/559 715/535/544
f 713/531/542 398/2177/228 1875/2178/1675
f 1875/2178/1675 729/532/558 713/531/542
f 711/527/540 386/2179/216 1876/2180/1676
f 1876/2180/1676 728/528/557 711/527/540
f 709/523/538 374/2181/204 1877/2182/1677
f 1877/2182/1677 727/524/556 709/523/538
f 528/499/358 366/498/196 365/501/195
f 365/501/195 529/500/359 528/499/358
f 602/479/432 462/478/292 461/481/291
f 461/481/291 597/480/427 602/479/432
f 593/459/423 450/458/280 449/461/279
f 449/461/279 588/460/418 593/459/423
f 584/439/414 438/438/268 437/441/267
f 437/441/267 579/440/409 584/439/414
f 575/419/405 426/418/256 425/421/255
f 425/421/255 570/420/400 575/419/405
f 566/399/396 414/398/244 413/401/243
f 413/401/243 561/400/391 566/399/396
f 557/379/387 402/378/232 401/381/231
f 401/381/231 552/380/382 557/379/387
f 548/359/378 390/358/220 389/361/219
f 389/361/219 543/360/373 548/359/378
f 539/339/369 378/338/208 377/341/207
f 377/341/207 534/340/364 539/339/369
f 521/192/351 524/191/350 502/173/332
f 502/173/332 501/172/331 521/192/351
f 1454/1574/1255 1328/1442/1129 1270/1321/1069
f 1270/1321/1069 1455/1573/1254 1454/1574/1255
f 1451/1571/1252 1872/2128/1672 1269/1324/1070
f 1269/1324/1070 1302/1385/1101 1451/1571/1252
f 1440/1560/1241 1326/1438/1127 1264/1309/1063
f 1264/1309/1063 1441/1559/1240 1440/1560/1241
f 1437/1557/1238 1871/2127/1671 1263/1312/1064
f 1263/1312/1064 1300/1381/1099 1437/1557/1238
f 1426/1546/1227 1324/1434/1125 1258/1297/1057
f 1258/1297/1057 1427/1545/1226 1426/1546/1227
f 1423/1543/1224 1870/2183/1670 1257/2184/1058
f 1257/2184/1058 1298/1377/1097 1423/1543/1224
f 1412/1532/1213 1322/1430/1123 1252/1285/1051
f 1252/1285/1051 1413/1531/1212 1412/1532/1213
f 1409/1529/1210 1869/2125/1669 1251/1288/1052
f 1251/1288/1052 1296/1373/1095 1409/1529/1210
f 1398/1517/1198 1400/1519/1200 1320/1426/1121
f 1320/1426/1121 1246/1273/1045 1398/1517/1198
f 1396/1516/1197 1245/1276/1046 1294/1369/1093
f 1294/1369/1093 1397/1514/1195 1396/1516/1197
f 1384/1504/1185 1318/1422/1119 1240/1261/1039
f 1240/1261/1039 1385/1502/1183 1384/1504/1185
f 1380/1500/1181 1867/2123/1667 1239/1264/1040
f 1239/1264/1040 1292/1365/1091 1380/1500/1181
f 1370/1490/1171 1334/1454/1135 1288/1357/1087
f 1288/1357/1087 1371/1489/1170 1370/1490/1171
f 1367/1487/1168 1866/2122/1666 1287/1360/1088
f 1287/1360/1088 1308/1397/1107 1367/1487/1168
f 1356/1476/1157 1332/1450/1133 1282/1345/1081
f 1282/1345/1081 1357/1475/1156 1356/1476/1157
f 1353/1473/1154 1865/2121/1665 1281/1348/1082
f 1281/1348/1082 1306/1393/1105 1353/1473/1154
f 1342/1462/1143 1330/1446/1131 1276/1333/1075
f 1276/1333/1075 1343/1461/1142 1342/1462/1143
f 1340/1459/1140 1864/2120/1664 1275/1336/1076
f 1275/1336/1076 1304/1389/1103 1340/1459/1140
f 990/962/790 1554/2070/1351 1595/2091/1396
f 1595/2091/1396 1010/1003/810 990/962/790
f 984/950/784 1542/2064/1339 1591/2089/1392
f 1591/2089/1392 1008/999/808 984/950/784
f 978/938/778 1530/2058/1327 1587/2087/1388
f 1587/2087/1388 1006/995/806 978/938/778
f 972/926/772 1518/2052/1315 1583/2085/1384
f 1583/2085/1384 1004/991/804 972/926/772
f 966/914/766 1506/2046/1303 1579/2083/1380
f 1579/2083/1380 1002/987/802 966/914/766
f 960/902/760 1494/2040/1291 1575/2081/1376
f 1575/2081/1376 1000/983/800 960/902/760
f 954/890/754 1482/2034/1279 1571/2079/1372
f 1571/2079/1372 998/979/798 954/890/754
f 948/878/748 1474/2027/1271 1567/2077/1368
f 1567/2077/1368 997/975/797 948/878/748
f 942/866/742 1462/2021/1259 1563/2075/1364
f 1563/2075/1364 995/973/795 942/866/742
f 1011/1004/811 1598/2092/1395 1555/2071/1356
f 1555/2071/1356 991/965/791 1011/1004/811
f 1009/1000/809 1594/2090/1391 1543/2065/1344
f 1543/2065/1344 985/953/785 1009/1000/809
f 1007/996/807 1590/2088/1387 1531/2059/1332
f 1531/2059/1332 979/941/779 1007/996/807
f 1005/992/805 1586/2086/1383 1519/2053/1320
f 1519/2053/1320 973/929/773 1005/992/805
f 1003/988/803 1582/2084/1379 1507/2047/1308
f 1507/2047/1308 967/917/767 1003/988/803
f 1001/2185/801 1578/2186/1375 1495/2041/1296
f 1495/2041/1296 961/905/761 1001/2185/801
f 999/980/799 1574/2080/1371 1483/2035/1284
f 1483/2035/1284 955/893/755 999/980/799
f 949/882/750 1570/2078/1367 1623/2028/1424
f 1623/2028/1424 950/879/749 949/882/750
f 996/974/796 1566/2076/1363 1463/2022/1264
f 1463/2022/1264 943/869/743 996/974/796
f 1855/1987/1655 704/1986/534 706/2010/535
f 706/2010/535 1383/1503/1184 1855/1987/1655
f 1369/1485/1166 1880/2162/1680 699/2007/527
f 699/2007/527 1366/1486/1167 1369/1485/1166
f 1355/1471/1152 1881/2163/1681 693/2004/521
f 693/2004/521 1352/1472/1153 1355/1471/1152
f 605/276/435 604/275/434 687/2001/515
f 687/2001/515 1339/1458/1139 605/276/435
f 1453/1569/1250 1873/2155/1673 681/1998/509
f 681/1998/509 1450/1570/1251 1453/1569/1250
f 1439/1555/1236 1874/2156/1674 675/1995/503
f 675/1995/503 1436/1556/1237 1439/1555/1236
f 1425/1541/1222 1875/2157/1675 669/1992/497
f 669/1992/497 1422/1542/1223 1425/1541/1222
f 1411/1527/1208 1876/2158/1676 663/1989/491
f 663/1989/491 1408/1528/1209 1411/1527/1208
f 1878/2160/1678 1877/2159/1677 657/1988/486
f 657/1988/486 1395/1515/1196 1878/2160/1678
f 1382/1498/1179 1879/2161/1679 705/1985/533
f 705/1985/533 1379/1499/1180 1382/1498/1179
f 1838/1957/1638 1811/1930/1611 1056/1077/857
f 1056/1077/857 1055/1076/856 1838/1957/1638
f 1824/1943/1624 1803/1922/1603 1180/1201/981
f 1180/1201/981 1179/1200/980 1824/1943/1624
f 1822/1941/1622 1797/1916/1597 1176/1197/977
f 1176/1197/977 1175/1196/976 1822/1941/1622
f 1820/1939/1620 1791/1910/1591 1172/1193/973
f 1172/1193/973 1171/1192/972 1820/1939/1620
f 1818/1937/1618 1785/1904/1585 1168/1189/969
f 1168/1189/969 1167/1188/968 1818/1937/1618
f 1816/1935/1616 1779/1898/1579 1164/1185/965
f 1164/1185/965 1163/1184/964 1816/1935/1616
f 1814/1933/1614 1773/1892/1573 1160/1181/961
f 1160/1181/961 1159/1180/960 1814/1933/1614
f 1812/1931/1612 1767/1886/1567 1156/1177/957
f 1156/1177/957 1155/1176/956 1812/1931/1612
f 1810/1929/1610 1763/1882/1563 1152/1173/953
f 1152/1173/953 1151/1172/952 1810/1929/1610
f 1808/1927/1608 1757/1876/1557 1148/1169/949
f 1148/1169/949 1147/1168/948 1808/1927/1608
f 1804/1923/1604 1825/1944/1625 1140/1161/941
f 1140/1161/941 1139/1160/940 1804/1923/1604
f 1798/1917/1598 1823/1942/1623 1128/1149/929
f 1128/1149/929 1127/1148/928 1798/1917/1598
f 1792/1911/1592 1821/1940/1621 1116/1137/917
f 1116/1137/917 1115/1136/916 1792/1911/1592
f 1786/1905/1586 1819/1938/1619 1104/1125/905
f 1104/1125/905 1103/1124/904 1786/1905/1586
f 1780/1899/1580 1817/1936/1617 1092/1113/893
f 1092/1113/893 1091/1112/892 1780/1899/1580
f 1774/1893/1574 1815/2187/1615 1080/1101/881
f 1080/1101/881 1079/1100/880 1774/1893/1574
f 1768/1887/1568 1813/1932/1613 1068/1089/869
f 1068/1089/869 1067/1088/868 1768/1887/1568
f 1758/1877/1558 1809/1928/1609 1044/1065/845
f 1044/1065/845 1043/1064/844 1758/1877/1558
f 1739/1858/1539 1712/1831/1512 1811/1930/1611
f 1811/1930/1611 1838/1957/1638 1739/1858/1539
f 1725/1844/1525 1704/1823/1504 1803/1922/1603
f 1803/1922/1603 1824/1943/1624 1725/1844/1525
f 1723/1842/1523 1698/1817/1498 1797/1916/1597
f 1797/1916/1597 1822/1941/1622 1723/1842/1523
f 1721/1840/1521 1692/1811/1492 1791/1910/1591
f 1791/1910/1591 1820/1939/1620 1721/1840/1521
f 1719/1838/1519 1686/1805/1486 1785/1904/1585
f 1785/1904/1585 1818/1937/1618 1719/1838/1519
f 1717/1836/1517 1680/1799/1480 1779/1898/1579
f 1779/1898/1579 1816/1935/1616 1717/1836/1517
f 1715/1834/1515 1674/1793/1474 1773/1892/1573
f 1773/1892/1573 1814/1933/1614 1715/1834/1515
f 1713/1832/1513 1668/1787/1468 1767/1886/1567
f 1767/1886/1567 1812/1931/1612 1713/1832/1513
f 1711/1830/1511 1664/1783/1464 1763/1882/1563
f 1763/1882/1563 1810/1929/1610 1711/1830/1511
f 1709/1828/1509 1658/1777/1458 1757/1876/1557
f 1757/1876/1557 1808/1927/1608 1709/1828/1509
f 1705/1824/1505 1726/1845/1526 1825/1944/1625
f 1825/1944/1625 1804/1923/1604 1705/1824/1505
f 1699/1818/1499 1724/1843/1524 1823/1942/1623
f 1823/1942/1623 1798/1917/1598 1699/1818/1499
f 1693/1812/1493 1722/1841/1522 1821/1940/1621
f 1821/1940/1621 1792/1911/1592 1693/1812/1493
f 1687/1806/1487 1720/1839/1520 1819/1938/1619
f 1819/1938/1619 1786/1905/1586 1687/1806/1487
f 1681/1800/1481 1718/1837/1518 1817/1936/1617
f 1817/1936/1617 1780/1899/1580 1681/1800/1481
f 1675/1794/1475 1716/2188/1516 1815/2187/1615
f 1815/2187/1615 1774/1893/1574 1675/1794/1475
f 1669/1788/1469 1714/1833/1514 1813/1932/1613
f 1813/1932/1613 1768/1887/1568 1669/1788/1469
f 1659/1778/1459 1710/1829/1510 1809/1928/1609
f 1809/1928/1609 1758/1877/1558 1659/1778/1459
f 1624/1744/1425 1569/1689/1370 1712/1831/1512
f 1712/1831/1512 1739/1858/1539 1624/1744/1425
f 1596/1716/1397 1553/1673/1354 1704/1823/1504
f 1704/1823/1504 1725/1844/1525 1596/1716/1397
f 1592/1712/1393 1541/1661/1342 1698/1817/1498
f 1698/1817/1498 1723/1842/1523 1592/1712/1393
f 1588/1708/1389 1529/1649/1330 1692/1811/1492
f 1692/1811/1492 1721/1840/1521 1588/1708/1389
f 1584/1704/1385 1517/1637/1318 1686/1805/1486
f 1686/1805/1486 1719/1838/1519 1584/1704/1385
f 1580/1700/1381 1505/1625/1306 1680/1799/1480
f 1680/1799/1480 1717/1836/1517 1580/1700/1381
f 1576/1696/1377 1493/1613/1294 1674/1793/1474
f 1674/1793/1474 1715/1834/1515 1576/1696/1377
f 1572/1692/1373 1481/1601/1282 1668/1787/1468
f 1668/1787/1468 1713/1832/1513 1572/1692/1373
f 1568/1688/1369 1473/1593/1274 1664/1783/1464
f 1664/1783/1464 1711/1830/1511 1568/1688/1369
f 1564/1684/1365 1461/1581/1262 1658/1777/1458
f 1658/1777/1458 1709/1828/1509 1564/1684/1365
f 1556/1676/1357 1597/1717/1398 1726/1845/1526
f 1726/1845/1526 1705/1824/1505 1556/1676/1357
f 1544/1664/1345 1593/1713/1394 1724/1843/1524
f 1724/1843/1524 1699/1818/1499 1544/1664/1345
f 1532/1652/1333 1589/1709/1390 1722/1841/1522
f 1722/1841/1522 1693/1812/1493 1532/1652/1333
f 1520/1640/1321 1585/1705/1386 1720/1839/1520
f 1720/1839/1520 1687/1806/1487 1520/1640/1321
f 1508/1628/1309 1581/1701/1382 1718/1837/1518
f 1718/1837/1518 1681/1800/1481 1508/1628/1309
f 1496/1616/1297 1577/2189/1378 1716/2188/1516
f 1716/2188/1516 1675/1794/1475 1496/1616/1297
f 1484/1604/1285 1573/1693/1374 1714/1833/1514
f 1714/1833/1514 1669/1788/1469 1484/1604/1285
f 1464/1584/1265 1565/1685/1366 1710/1829/1510
f 1710/1829/1510 1659/1778/1459 1464/1584/1265
f 1623/1743/1424 1570/1686/1367 1569/1689/1370
f 1569/1689/1370 1624/1744/1425 1623/1743/1424
f 1595/1715/1396 1554/1670/1351 1553/1673/1354
f 1553/1673/1354 1596/1716/1397 1595/1715/1396
f 1591/1711/1392 1542/1658/1339 1541/1661/1342
f 1541/1661/1342 1592/1712/1393 1591/1711/1392
f 1587/1707/1388 1530/1646/1327 1529/1649/1330
f 1529/1649/1330 1588/1708/1389 1587/1707/1388
f 1583/1703/1384 1518/1634/1315 1517/1637/1318
f 1517/1637/1318 1584/1704/1385 1583/1703/1384
f 1579/1699/1380 1506/1622/1303 1505/1625/1306
f 1505/1625/1306 1580/1700/1381 1579/1699/1380
f 1575/1695/1376 1494/1610/1291 1493/1613/1294
f 1493/1613/1294 1576/1696/1377 1575/1695/1376
f 1571/1691/1372 1482/1598/1279 1481/1601/1282
f 1481/1601/1282 1572/1692/1373 1571/1691/1372
f 1567/1687/1368 1474/1590/1271 1473/1593/1274
f 1473/1593/1274 1568/1688/1369 1567/1687/1368
f 1563/1683/1364 1462/1578/1259 1461/1581/1262
f 1461/1581/1262 1564/1684/1365 1563/1683/1364
f 1555/1675/1356 1598/1714/1395 1597/1717/1398
f 1597/1717/1398 1556/1676/1357 1555/1675/1356
f 1543/1663/1344 1594/1710/1391 1593/1713/1394
f 1593/1713/1394 1544/1664/1345 1543/1663/1344
f 1531/1651/1332 1590/1706/1387 1589/1709/1390
f 1589/1709/1390 1532/1652/1333 1531/1651/1332
f 1519/1639/1320 1586/1702/1383 1585/1705/1386
f 1585/1705/1386 1520/1640/1321 1519/1639/1320
f 1507/1627/1308 1582/1698/1379 1581/1701/1382
f 1581/1701/1382 1508/1628/1309 1507/1627/1308
f 1495/1615/1296 1578/2190/1375 1577/2189/1378
f 1577/2189/1378 1496/1616/1297 1495/1615/1296
f 1483/1603/1284 1574/1690/1371 1573/1693/1374
f 1573/1693/1374 1484/1604/1285 1483/1603/1284
f 1463/1583/1264 1566/1682/1363 1565/1685/1366
f 1565/1685/1366 1464/1584/1265 1463/1583/1264
f 1872/2128/1672 1859/2000/1659 619/288/447
f 619/288/447 1455/1573/1254 1872/2128/1672
f 1450/1570/1251 1859/2000/1659 1872/2128/1672
f 1872/2128/1672 1451/1571/1252 1450/1570/1251
f 1871/2127/1671 1858/1997/1658 617/286/445
f 617/286/445 1441/1559/1240 1871/2127/1671
f 1436/1556/1237 1858/1997/1658 1871/2127/1671
f 1871/2127/1671 1437/1557/1238 1436/1556/1237
f 1870/2126/1670 1857/2191/1657 615/284/443
f 615/284/443 1427/1545/1226 1870/2126/1670
f 1422/1542/1223 1857/1994/1657 1870/2183/1670
f 1870/2183/1670 1423/1543/1224 1422/1542/1223
f 1869/2125/1669 1856/1991/1656 613/282/441
f 613/282/441 1413/1531/1212 1869/2125/1669
f 1408/1528/1209 1856/1991/1656 1869/2125/1669
f 1869/2125/1669 1409/1529/1210 1408/1528/1209
f 608/279/438 540/209/368 1400/1519/1200
f 1400/1519/1200 1398/1517/1198 608/279/438
f 1868/2124/1668 1878/2160/1678 1395/1515/1196
f 1395/1515/1196 1397/1514/1195 1868/2124/1668
f 1867/2123/1667 1855/1987/1655 1383/1503/1184
f 1383/1503/1184 1385/1502/1183 1867/2123/1667
f 1379/1499/1180 1855/1987/1655 1867/2123/1667
f 1867/2123/1667 1380/1500/1181 1379/1499/1180
f 1866/2122/1666 1862/2009/1662 625/294/453
f 625/294/453 1371/1489/1170 1866/2122/1666
f 1366/1486/1167 1862/2009/1662 1866/2122/1666
f 1866/2122/1666 1367/1487/1168 1366/1486/1167
f 1865/2121/1665 1861/2006/1661 623/292/451
f 623/292/451 1357/1475/1156 1865/2121/1665
f 1352/1472/1153 1861/2006/1661 1865/2121/1665
f 1865/2121/1665 1353/1473/1154 1352/1472/1153
f 1864/2120/1664 1860/2003/1660 621/290/449
f 621/290/449 1343/1461/1142 1864/2120/1664
f 1339/1458/1139 1860/2003/1660 1864/2120/1664
f 1864/2120/1664 1340/1459/1140 1339/1458/1139
f 1287/1360/1088 1141/1359/942 1182/1398/979
f 1182/1398/979 1308/1397/1107 1287/1360/1088
f 1281/1348/1082 1129/1347/930 1178/1394/975
f 1178/1394/975 1306/1393/1105 1281/1348/1082
f 1275/1336/1076 1117/1335/918 1174/1390/971
f 1174/1390/971 1304/1389/1103 1275/1336/1076
f 1269/1324/1070 1105/1323/906 1170/1386/967
f 1170/1386/967 1302/1385/1101 1269/1324/1070
f 1263/1312/1064 1093/1311/894 1166/1382/963
f 1166/1382/963 1300/1381/1099 1263/1312/1064
f 1257/2184/1058 1081/2192/882 1162/1378/959
f 1162/1378/959 1298/1377/1097 1257/2184/1058
f 1251/1288/1052 1069/1287/870 1158/1374/955
f 1158/1374/955 1296/1373/1095 1251/1288/1052
f 1245/1276/1046 1057/1275/858 1154/1370/951
f 1154/1370/951 1294/1369/1093 1245/1276/1046
f 1239/1264/1040 1045/1263/846 1150/1366/947
f 1150/1366/947 1292/1365/1091 1239/1264/1040
f 1334/1454/1135 1235/1453/1036 1142/1358/939
f 1142/1358/939 1288/1357/1087 1334/1454/1135
f 1332/1450/1133 1231/1449/1032 1130/1346/927
f 1130/1346/927 1282/1345/1081 1332/1450/1133
f 1330/1446/1131 1227/1445/1028 1118/1334/915
f 1118/1334/915 1276/1333/1075 1330/1446/1131
f 1328/1442/1129 1223/1441/1024 1106/1322/903
f 1106/1322/903 1270/1321/1069 1328/1442/1129
f 1326/1438/1127 1219/1437/1020 1094/1310/891
f 1094/1310/891 1264/1309/1063 1326/1438/1127
f 1324/1434/1125 1215/1433/1016 1082/1298/879
f 1082/1298/879 1258/1297/1057 1324/1434/1125
f 1322/1430/1123 1211/1429/1012 1070/1286/867
f 1070/1286/867 1252/1285/1051 1322/1430/1123
f 1320/1426/1121 1207/1425/1008 1058/1274/855
f 1058/1274/855 1246/1273/1045 1320/1426/1121
f 1318/1422/1119 1203/1421/1004 1046/1262/843
f 1046/1262/843 1240/1261/1039 1318/1422/1119
f 1141/1162/942 1140/1161/941 1179/1200/980
f 1179/1200/980 1182/1199/979 1141/1162/942
f 1129/1150/930 1128/1149/929 1175/1196/976
f 1175/1196/976 1178/1195/975 1129/1150/930
f 1117/1138/918 1116/1137/917 1171/1192/972
f 1171/1192/972 1174/1191/971 1117/1138/918
f 1105/1126/906 1104/1125/905 1167/1188/968
f 1167/1188/968 1170/1187/967 1105/1126/906
f 1093/1114/894 1092/1113/893 1163/1184/964
f 1163/1184/964 1166/1183/963 1093/1114/894
f 1081/2193/882 1080/1974/881 1159/1180/960
f 1159/1180/960 1162/1179/959 1081/2193/882
f 1069/1090/870 1068/1089/869 1155/1176/956
f 1155/1176/956 1158/1175/955 1069/1090/870
f 1057/1078/858 1056/1077/857 1151/1172/952
f 1151/1172/952 1154/1171/951 1057/1078/858
f 1045/1066/846 1044/1065/845 1147/1168/948
f 1147/1168/948 1150/1167/947 1045/1066/846
f 1235/1256/1036 1234/1255/1035 1139/1160/940
f 1139/1160/940 1142/1159/939 1235/1256/1036
f 1231/1252/1032 1230/1251/1031 1127/1148/928
f 1127/1148/928 1130/1147/927 1231/1252/1032
f 1227/1248/1028 1226/1247/1027 1115/1136/916
f 1115/1136/916 1118/1135/915 1227/1248/1028
f 1223/1244/1024 1222/1243/1023 1103/1124/904
f 1103/1124/904 1106/1123/903 1223/1244/1024
f 1219/1240/1020 1218/1239/1019 1091/1112/892
f 1091/1112/892 1094/1111/891 1219/1240/1020
f 1215/1236/1016 1214/1235/1015 1079/1100/880
f 1079/1100/880 1082/1099/879 1215/1236/1016
f 1211/1232/1012 1210/1231/1011 1067/1088/868
f 1067/1088/868 1070/1087/867 1211/1232/1012
f 1207/1228/1008 1206/1227/1007 1055/1076/856
f 1055/1076/856 1058/1075/855 1207/1228/1008
f 1203/1224/1004 1202/1223/1003 1043/1064/844
f 1043/1064/844 1046/1063/843 1203/1224/1004
f 913/1002/640 912/959/721 990/962/790
f 990/962/790 1010/1003/810 913/1002/640
f 911/998/719 910/947/720 984/950/784
f 984/950/784 1008/999/808 911/998/719
f 909/994/636 908/935/718 978/938/778
f 978/938/778 1006/995/806 909/994/636
f 907/990/634 906/923/717 972/926/772
f 972/926/772 1004/991/804 907/990/634
f 905/986/632 904/911/716 966/914/766
f 966/914/766 1002/987/802 905/986/632
f 903/982/630 902/899/715 960/902/760
f 960/902/760 1000/983/800 903/982/630
f 901/978/628 900/887/714 954/890/754
f 954/890/754 998/979/798 901/978/628
f 949/882/750 849/881/676 899/976/712
f 899/976/712 997/975/797 949/882/750
f 897/972/624 896/863/711 942/866/742
f 942/866/742 995/973/795 897/972/624
f 893/964/707 892/1001/708 1011/1004/811
f 1011/1004/811 991/965/791 893/964/707
f 887/952/612 886/997/703 1009/1000/809
f 1009/1000/809 985/953/785 887/952/612
f 881/940/605 880/993/698 1007/996/807
f 1007/996/807 979/941/779 881/940/605
f 875/928/598 874/989/694 1005/992/805
f 1005/992/805 973/929/773 875/928/598
f 869/916/591 868/985/690 1003/988/803
f 1003/988/803 967/917/767 869/916/591
f 863/904/584 862/2194/685 1001/2185/801
f 1001/2185/801 961/905/761 863/904/584
f 856/892/579 855/977/680 999/980/799
f 999/980/799 955/893/755 856/892/579
f 1863/2030/1663 925/2164/732 850/880/572
f 850/880/572 950/879/749 1863/2030/1663
f 844/868/566 843/971/672 996/974/796
f 996/974/796 943/869/743 844/868/566
f 892/768/708 790/767/620 812/806/640
f 812/806/640 913/805/640 892/768/708
f 886/756/703 783/755/613 810/802/638
f 810/802/638 911/801/719 886/756/703
f 880/744/698 776/743/606 808/798/636
f 808/798/636 909/797/636 880/744/698
f 874/732/694 769/731/599 806/794/634
f 806/794/634 907/793/634 874/732/694
f 868/720/690 762/719/592 804/790/632
f 804/790/632 905/789/632 868/720/690
f 862/708/685 755/707/585 802/786/630
f 802/786/630 903/785/630 862/708/685
f 855/696/680 750/695/580 800/782/628
f 800/782/628 901/781/628 855/696/680
f 849/684/676 743/683/573 798/778/626
f 798/778/626 899/777/712 849/684/676
f 843/672/672 737/671/567 796/774/624
f 796/774/624 897/773/624 843/672/672
f 939/862/740 839/861/669 791/766/619
f 791/766/619 893/765/707 939/862/740
f 937/858/739 837/857/667 784/754/612
f 784/754/612 887/753/612 937/858/739
f 935/854/738 835/853/665 777/742/605
f 777/742/605 881/741/605 935/854/738
f 933/850/737 833/849/663 770/730/598
f 770/730/598 875/729/598 933/850/737
f 931/846/735 831/845/661 763/718/591
f 763/718/591 869/717/591 931/846/735
f 929/842/734 829/841/659 756/706/584
f 756/706/584 863/705/584 929/842/734
f 927/838/733 826/837/656 751/694/579
f 751/694/579 856/693/579 927/838/733
f 925/834/732 824/833/654 744/682/572
f 744/682/572 850/681/572 925/834/732
f 923/830/731 822/829/652 738/670/566
f 738/670/566 844/669/566 923/830/731
f 790/615/620 500/167/326 460/127/286
f 460/127/286 812/635/640 790/615/620
f 783/608/613 496/163/322 448/115/274
f 448/115/274 810/633/638 783/608/613
f 776/601/606 492/159/318 436/103/262
f 436/103/262 808/631/636 776/601/606
f 769/594/599 488/155/314 424/91/250
f 424/91/250 806/629/634 769/594/599
f 762/587/592 484/151/310 412/79/238
f 412/79/238 804/627/632 762/587/592
f 755/2195/585 480/2196/306 400/67/226
f 400/67/226 802/625/630 755/2195/585
f 750/575/580 476/143/302 388/55/214
f 388/55/214 800/623/628 750/575/580
f 743/568/573 472/139/298 376/43/202
f 376/43/202 798/621/626 743/568/573
f 737/562/567 468/135/294 364/31/190
f 364/31/190 796/619/624 737/562/567
f 839/664/669 463/134/293 497/168/327
f 497/168/327 791/614/619 839/664/669
f 837/662/667 451/122/281 493/164/323
f 493/164/323 784/607/612 837/662/667
f 835/660/665 439/110/269 489/160/319
f 489/160/319 777/600/605 835/660/665
f 833/658/663 427/98/257 485/156/315
f 485/156/315 770/593/598 833/658/663
f 831/656/661 415/86/245 481/152/311
f 481/152/311 763/586/591 831/656/661
f 829/654/659 403/74/233 477/148/307
f 477/148/307 756/579/584 829/654/659
f 826/651/656 391/62/221 473/144/303
f 473/144/303 751/574/579 826/651/656
f 824/649/654 379/50/209 469/140/299
f 469/140/299 744/567/572 824/649/654
f 822/647/652 367/38/197 465/136/295
f 465/136/295 738/561/566 822/647/652
f 704/495/534 467/494/297 466/497/296
f 466/497/296 706/496/535 704/495/534
f 1879/2166/1679 362/2165/192 361/493/191
f 361/493/191 705/492/533 1879/2166/1679
f 698/475/528 499/474/329 498/477/328
f 498/477/328 624/476/454 698/475/528
f 1880/2168/1680 458/2167/288 457/473/287
f 457/473/287 699/472/527 1880/2168/1680
f 692/455/522 495/454/325 494/457/324
f 494/457/324 622/456/452 692/455/522
f 1881/2170/1681 446/2169/276 445/453/275
f 445/453/275 693/452/521 1881/2170/1681
f 686/435/516 491/434/321 490/437/320
f 490/437/320 620/436/450 686/435/516
f 604/2172/434 434/2171/264 433/433/263
f 433/433/263 687/432/515 604/2172/434
f 680/415/510 487/414/317 486/417/316
f 486/417/316 618/416/448 680/415/510
f 1873/2174/1673 422/2173/252 421/413/251
f 421/413/251 681/412/509 1873/2174/1673
f 674/395/504 483/394/313 482/397/312
f 482/397/312 616/396/446 674/395/504
f 1874/2176/1674 410/2175/240 409/393/239
f 409/393/239 675/392/503 1874/2176/1674
f 668/375/498 479/374/309 478/377/308
f 478/377/308 614/376/444 668/375/498
f 1875/2178/1675 398/2177/228 397/373/227
f 397/373/227 669/372/497 1875/2178/1675
f 662/355/492 475/354/305 474/357/304
f 474/357/304 612/356/442 662/355/492
f 1876/2180/1676 386/2179/216 385/353/215
f 385/353/215 663/352/491 1876/2180/1676
f 610/335/440 471/334/301 470/337/300
f 470/337/300 611/336/437 610/335/440
f 1877/2197/1677 374/2198/204 373/333/203
f 373/333/203 657/332/486 1877/2197/1677
f 1862/2009/1662 698/2008/528 624/295/454
f 624/295/454 625/294/453 1862/2009/1662
f 1861/2006/1661 692/2005/522 622/293/452
f 622/293/452 623/292/451 1861/2006/1661
f 1860/2003/1660 686/2002/516 620/291/450
f 620/291/450 621/290/449 1860/2003/1660
f 1859/2000/1659 680/1999/510 618/289/448
f 618/289/448 619/288/447 1859/2000/1659
f 1858/1997/1658 674/1996/504 616/287/446
f 616/287/446 617/286/445 1858/1997/1658
f 1857/2191/1657 668/2199/498 614/285/444
f 614/285/444 615/284/443 1857/2191/1657
f 1856/1991/1656 662/1990/492 612/283/442
f 612/283/442 613/282/441 1856/1991/1656
f 539/210/369 540/209/368 608/279/438
f 608/279/438 611/278/437 539/210/369
f 497/168/327 463/134/293 462/133/292
f 462/133/292 498/169/328 497/168/327
f 493/164/323 451/122/281 450/121/280
f 450/121/280 494/165/324 493/164/323
f 489/160/319 439/110/269 438/109/268
f 438/109/268 490/161/320 489/160/319
f 485/156/315 427/98/257 426/97/256
f 426/97/256 486/157/316 485/156/315
f 481/152/311 415/86/245 414/85/244
f 414/85/244 482/153/312 481/152/311
f 477/148/307 403/74/233 402/73/232
f 402/73/232 478/149/308 477/148/307
f 473/144/303 391/62/221 390/61/220
f 390/61/220 474/145/304 473/144/303
f 469/140/299 379/50/209 378/49/208
f 378/49/208 470/141/300 469/140/299
f 465/136/295 367/38/197 366/37/196
f 366/37/196 466/137/296 465/136/295
f 500/167/326 499/170/329 457/128/287
f 457/128/287 460/127/286 500/167/326
f 496/163/322 495/166/325 445/116/275
f 445/116/275 448/115/274 496/163/322
f 492/159/318 491/162/321 433/104/263
f 433/104/263 436/103/262 492/159/318
f 488/155/314 487/158/317 421/92/251
f 421/92/251 424/91/250 488/155/314
f 484/151/310 483/154/313 409/80/239
f 409/80/239 412/79/238 484/151/310
f 480/2196/306 479/2200/309 397/68/227
f 397/68/227 400/67/226 480/2196/306
f 476/143/302 475/146/305 385/56/215
f 385/56/215 388/55/214 476/143/302
f 472/139/298 471/142/301 373/44/203
f 373/44/203 376/43/202 472/139/298
f 468/135/294 467/138/297 361/32/191
f 361/32/191 364/31/190 468/135/294
f 1885/2201/1682 1882/2202/1683 1883/2203/1684
f 1883/2203/1684 1884/2204/1685 1885/2201/1682
f 1887/2205/1686 1886/2206/1687 1882/2202/1683
f 1882/2202/1683 1885/2201/1682 1887/2205/1686
f 1889/2207/1688 1888/2208/1689 1886/2206/1687
f 1886/2206/1687 1887/2205/1686 1889/2207/1688
f 1891/2209/1690 1890/2210/1691 1888/2208/1689
f 1888/2208/1689 1889/2207/1688 1891/2209/1690
f 1893/2211/1692 1892/2212/1693 1890/2210/1691
f 1890/2210/1691 1891/2209/1690 1893/2211/1692
f 1895/2213/1694 1894/2214/1695 1892/2212/1693
f 1892/2212/1693 1893/2211/1692 1895/2213/1694
f 1897/2215/1696 1896/2216/1697 1894/2214/1695
f 1894/2214/1695 1895/2213/1694 1897/2215/1696
f 1899/2217/1698 1898/2218/1699 1896/2216/1697
f 1896/2216/1697 1897/2215/1696 1899/2217/1698
f 1901/2219/1700 1900/2220/1701 1898/2221/1699
f 1898/2221/1699 1899/2222/1698 1901/2219/1700
f 1903/2223/1702 1902/2224/1703 1900/2220/1701
f 1900/2220/1701 1901/2219/1700 1903/2223/1702
f 1905/2225/1704 1904/2226/1705 1902/2224/1703
f 1902/2224/1703 1903/2223/1702 1905/2225/1704
f 1909/2227/1706 1906/2228/1707 1907/2229/1708
f 1907/2229/1708 1908/2230/1709 1909/2227/1706
f 1913/2231/1710 1910/2232/1711 1911/2233/1712
f 1911/2233/1712 1912/2234/1713 1913/2231/1710
f 1917/2235/1687 1914/2236/1714 1915/2237/1715
f 1915/2237/1715 1916/2238/1683 1917/2235/1687
f 1921/2239/1697 1918/2240/1716 1919/2241/1717
f 1919/2241/1717 1920/2242/1718 1921/2239/1697
f 1925/2243/1713 1922/2244/1712 1923/2245/1719
f 1923/2245/1719 1924/2246/1720 1925/2243/1713
f 1929/2247/1721 1926/2248/1722 1927/2249/1723
f 1927/2249/1723 1928/2250/1724 1929/2247/1721
f 1889/2251/1688 1930/2252/1725 1931/2253/1725
f 1931/2253/1725 1891/2254/1690 1889/2251/1688
f 1935/2255/1725 1932/2256/1725 1933/2257/1725
f 1933/2257/1725 1934/2258/1725 1935/2255/1725
f 1939/2259/1725 1936/2260/1725 1937/2261/1725
f 1937/2261/1725 1938/2262/1725 1939/2259/1725
f 1941/2263/1710 1940/2264/1711 1922/2244/1712
f 1922/2244/1712 1925/2243/1713 1941/2263/1710
f 1945/2265/1725 1942/2266/1725 1943/2267/1725
f 1943/2267/1725 1944/2268/1725 1945/2265/1725
f 1949/2269/1725 1946/2270/1725 1947/2271/1725
f 1947/2271/1725 1948/2272/1725 1949/2269/1725
f 1952/2273/1725 1950/2274/1725 1951/2275/1725
f 1951/2275/1725 1930/2252/1725 1952/2273/1725
f 1956/2276/1725 1953/2277/1725 1954/2278/1725
f 1954/2278/1725 1955/2279/1725 1956/2276/1725
f 1959/2280/1698 1957/2281/1725 1939/2259/1725
f 1939/2259/1725 1958/2282/1700 1959/2280/1698
f 1887/2283/1686 1952/2273/1725 1930/2252/1725
f 1930/2252/1725 1889/2251/1688 1887/2283/1686
f 1963/2284/1725 1960/2285/1725 1961/2286/1725
f 1961/2286/1725 1962/2287/1725 1963/2284/1725
f 1967/2288/1724 1964/2289/1726 1965/2290/1727
f 1965/2290/1727 1966/2291/1728 1967/2288/1724
f 1971/2292/1725 1968/2293/1725 1969/2294/1725
f 1969/2294/1725 1970/2295/1725 1971/2292/1725
f 1891/2254/1690 1931/2253/1725 1956/2276/1725
f 1956/2276/1725 1893/2296/1692 1891/2254/1690
f 1897/2297/1696 1963/2284/1725 1962/2287/1725
f 1962/2287/1725 1899/2298/1698 1897/2297/1696
f 1884/2299/1685 1972/2300/1725 1973/2301/1725
f 1973/2301/1725 1885/2302/1682 1884/2299/1685
f 1977/2303/1729 1974/2304/1730 1975/2305/1731
f 1975/2305/1731 1976/2306/1705 1977/2303/1729
f 1981/2307/1725 1978/2308/1725 1979/2309/1725
f 1979/2309/1725 1980/2310/1725 1981/2307/1725
f 1893/2296/1692 1956/2276/1725 1955/2279/1725
f 1955/2279/1725 1895/2311/1694 1893/2296/1692
f 1982/2312/1725 1983/2313/1725 1984/2314/1725
f 1983/2313/1725 1985/2315/1725 1984/2314/1725
f 1985/2315/1725 1986/2316/1725 1984/2314/1725
f 1986/2316/1725 1961/2286/1725 1984/2314/1725
f 1961/2286/1725 1960/2285/1725 1984/2314/1725
f 1960/2285/1725 1954/2278/1725 1984/2314/1725
f 1954/2278/1725 1953/2277/1725 1984/2314/1725
f 1953/2277/1725 1987/2317/1725 1984/2314/1725
f 1987/2317/1725 1951/2275/1725 1984/2314/1725
f 1951/2275/1725 1950/2274/1725 1984/2314/1725
f 1950/2274/1725 1988/2318/1725 1984/2314/1725
f 1988/2318/1725 1982/2312/1725 1984/2314/1725
f 1882/2319/1683 1989/2320/1715 1990/2321/1730
f 1990/2321/1730 1883/2322/1684 1882/2319/1683
f 1888/2323/1689 1991/2324/1732 1992/2325/1714
f 1992/2325/1714 1886/2326/1687 1888/2323/1689
f 1996/2327/1725 1993/2328/1725 1994/2329/1725
f 1994/2329/1725 1995/2330/1725 1996/2327/1725
f 1892/2331/1693 1997/2332/1733 1998/2333/1734
f 1998/2333/1734 1890/2334/1691 1892/2331/1693
f 2002/2335/1725 1999/2336/1725 2000/2337/1725
f 2000/2337/1725 2001/2338/1725 2002/2335/1725
f 1957/2281/1725 2003/2339/1725 1936/2260/1725
f 1936/2260/1725 1939/2259/1725 1957/2281/1725
f 2005/2340/1721 2004/2341/1722 1964/2289/1726
f 1964/2289/1726 1967/2288/1724 2005/2340/1721
f 2009/2342/1735 2006/2343/1736 2007/2344/1737
f 2007/2344/1737 2008/2345/1738 2009/2342/1735
f 2013/2346/1739 2010/2347/1740 2011/2348/1741
f 2011/2348/1741 2012/2349/1742 2013/2346/1739
f 2017/2350/1725 2014/2351/1725 2015/2352/1725
f 2015/2352/1725 2016/2353/1725 2017/2350/1725
f 1995/2330/1725 1994/2329/1725 2018/2354/1725
f 2018/2354/1725 2019/2355/1725 1995/2330/1725
f 1973/2301/1725 1988/2318/1725 1950/2274/1725
f 1950/2274/1725 1952/2273/1725 1973/2301/1725
f 2023/2356/1743 2020/2357/1744 2021/2358/1745
f 2021/2358/1745 2022/2359/1717 2023/2356/1743
f 2027/2360/1731 2024/2361/1746 2025/2362/1747
f 2025/2362/1747 2026/2363/1748 2027/2360/1731
f 1997/2364/1733 2028/2365/1749 2029/2366/1750
f 2029/2366/1750 1998/2367/1734 1997/2364/1733
f 2033/2368/1731 2030/2369/1746 2031/2370/1751
f 2031/2370/1751 2032/2371/1748 2033/2368/1731
f 1998/2367/1734 2029/2366/1750 2034/2372/1752
f 2034/2372/1752 1991/2373/1732 1998/2367/1734
f 1989/2374/1715 2035/2375/1753 2036/2376/1754
f 2036/2376/1754 1990/2377/1730 1989/2374/1715
f 1992/2378/1714 2037/2379/1755 2035/2375/1753
f 2035/2375/1753 1989/2374/1715 1992/2378/1714
f 2041/2380/1716 2038/2381/1744 2039/2382/1745
f 2039/2382/1745 2040/2383/1717 2041/2380/1716
f 2045/2384/1756 2042/2385/1757 2043/2386/1758
f 2043/2386/1758 2044/2387/1759 2045/2384/1756
f 2049/2388/1714 2046/2389/1755 2047/2390/1753
f 2047/2390/1753 2048/2391/1715 2049/2388/1714
f 2040/2383/1717 2039/2382/1745 2028/2365/1749
f 2028/2365/1749 1997/2364/1733 2040/2383/1717
f 2053/2392/1716 2050/2393/1760 2051/2394/1745
f 2051/2394/1745 2052/2395/1761 2053/2392/1716
f 2057/2396/1762 2054/2397/1763 2055/2398/1760
f 2055/2398/1760 2056/2399/1758 2057/2396/1762
f 2061/2400/1764 2058/2401/1765 2059/2402/1749
f 2059/2402/1749 2060/2403/1745 2061/2400/1764
f 2063/2404/1766 2062/2405/1767 2034/2372/1752
f 2034/2372/1752 2029/2366/1750 2063/2404/1766
f 2065/2406/1768 2064/2407/1769 2036/2376/1754
f 2036/2376/1754 2035/2375/1753 2065/2406/1768
f 2066/2408/1770 2065/2406/1768 2035/2375/1753
f 2035/2375/1753 2037/2379/1755 2066/2408/1770
f 2069/2409/1767 2067/2410/1770 2046/2389/1755
f 2046/2389/1755 2068/2411/1752 2069/2409/1767
f 2064/2407/1769 2070/2412/1771 2030/2369/1746
f 2030/2369/1746 2036/2376/1754 2064/2407/1769
f 2062/2405/1767 2066/2408/1770 2037/2379/1755
f 2037/2379/1755 2034/2372/1752 2062/2405/1767
f 2074/2413/1768 2071/2414/1769 2072/2415/1754
f 2072/2415/1754 2073/2416/1753 2074/2413/1768
f 2078/2417/1766 2075/2418/1767 2076/2419/1752
f 2076/2419/1752 2077/2420/1750 2078/2417/1766
f 2081/2421/1769 2079/2422/1771 2024/2361/1746
f 2024/2361/1746 2080/2423/1754 2081/2421/1769
f 2083/2424/1770 2074/2413/1768 2073/2416/1753
f 2073/2416/1753 2082/2425/1755 2083/2424/1770
f 2087/2426/1772 2084/2427/1773 2085/2428/1774
f 2085/2428/1774 2086/2429/1775 2087/2426/1772
f 2091/2430/1776 2088/2431/1777 2089/2432/1778
f 2089/2432/1778 2090/2433/1779 2091/2430/1776
f 2095/2434/1780 2092/2435/1781 2093/2436/1782
f 2093/2436/1782 2094/2437/1783 2095/2434/1780
f 2097/2438/1784 2095/2434/1780 2094/2437/1783
f 2094/2437/1783 2096/2439/1785 2097/2438/1784
f 2101/2440/1781 2098/2441/1786 2099/2442/1787
f 2099/2442/1787 2100/2443/1782 2101/2440/1781
f 2088/2431/1777 2102/2444/1788 2103/2445/1789
f 2103/2445/1789 2089/2432/1778 2088/2431/1777
f 2084/2427/1773 2091/2430/1776 2090/2433/1779
f 2090/2433/1779 2085/2428/1774 2084/2427/1773
f 2107/2446/1790 2104/2447/1791 2105/2448/1792
f 2105/2448/1792 2106/2449/1793 2107/2446/1790
f 2092/2435/1781 2108/2450/1786 2109/2451/1787
f 2109/2451/1787 2093/2436/1782 2092/2435/1781
f 2113/2452/1784 2110/2453/1780 2111/2454/1783
f 2111/2454/1783 2112/2455/1785 2113/2452/1784
f 2108/2450/1786 2087/2426/1772 2086/2429/1775
f 2086/2429/1775 2109/2451/1787 2108/2450/1786
f 2117/2456/1776 2114/2457/1777 2115/2458/1778
f 2115/2458/1778 2116/2459/1779 2117/2456/1776
f 2121/2460/1794 2118/2461/1795 2119/2462/1796
f 2119/2462/1796 2120/2463/1797 2121/2460/1794
f 2125/2464/1798 2122/2465/1799 2123/2466/1800
f 2123/2466/1800 2124/2467/1801 2125/2464/1798
f 2129/2468/1802 2126/2469/1803 2127/2470/1804
f 2127/2470/1804 2128/2471/1805 2129/2468/1802
f 2133/2472/1806 2130/2473/1807 2131/2474/1808
f 2131/2474/1808 2132/2475/1809 2133/2472/1806
f 2137/2476/1806 2134/2477/1807 2135/2478/1810
f 2135/2478/1810 2136/2479/1809 2137/2476/1806
f 2128/2471/1805 2127/2470/1804 2138/2480/1811
f 2138/2480/1811 2139/2481/1812 2128/2471/1805
f 2141/2482/1797 2140/2483/1796 2126/2469/1803
f 2126/2469/1803 2129/2468/1802 2141/2482/1797
f 2143/2484/1801 2142/2485/1800 2130/2486/1807
f 2130/2486/1807 2133/2487/1806 2143/2484/1801
f 2147/2488/1813 2144/2489/1814 2145/2490/1815
f 2145/2490/1815 2146/2491/1816 2147/2488/1813
f 2139/2481/1812 2138/2480/1811 2148/2492/1817
f 2148/2492/1817 2149/2493/1818 2139/2481/1812
f 2151/2494/1794 2150/2495/1819 2140/2483/1796
f 2140/2483/1796 2141/2482/1797 2151/2494/1794
f 2149/2493/1818 2148/2492/1817 2152/2496/1820
f 2152/2496/1820 2153/2497/1798 2149/2493/1818
f 2138/2480/1811 2154/2498/1821 2155/2499/1822
f 2155/2499/1822 2148/2492/1817 2138/2480/1811
f 2127/2470/1804 2156/2500/1823 2154/2498/1821
f 2154/2498/1821 2138/2480/1811 2127/2470/1804
f 2126/2469/1803 2157/2501/1824 2156/2500/1823
f 2156/2500/1823 2127/2470/1804 2126/2469/1803
f 2140/2483/1796 2158/2502/1825 2157/2501/1824
f 2157/2501/1824 2126/2469/1803 2140/2483/1796
f 2150/2495/1819 2159/2503/1826 2158/2502/1825
f 2158/2502/1825 2140/2483/1796 2150/2495/1819
f 2145/2490/1815 2160/2504/1827 2159/2503/1826
f 2159/2503/1826 2150/2495/1819 2145/2490/1815
f 2144/2489/1814 2161/2505/1828 2160/2504/1827
f 2160/2504/1827 2145/2490/1815 2144/2489/1814
f 2131/2474/1808 2162/2506/1829 2161/2505/1828
f 2161/2505/1828 2144/2489/1814 2131/2474/1808
f 2130/2473/1807 2163/2507/1830 2162/2506/1829
f 2162/2506/1829 2131/2474/1808 2130/2473/1807
f 2142/2485/1800 2164/2508/1831 2163/2509/1830
f 2163/2509/1830 2130/2486/1807 2142/2485/1800
f 2152/2496/1820 2165/2510/1832 2164/2508/1831
f 2164/2508/1831 2142/2485/1800 2152/2496/1820
f 2134/2477/1807 2166/2511/1830 2167/2512/1833
f 2167/2512/1833 2135/2478/1810 2134/2477/1807
f 2171/2513/1728 2168/2514/1727 2169/2515/1834
f 2169/2515/1834 2170/2516/1735 2171/2513/1728
f 2175/2517/1693 2172/2518/1733 2173/2519/1734
f 2173/2519/1734 2174/2520/1691 2175/2517/1693
f 1972/2300/1725 1982/2312/1725 1988/2318/1725
f 1988/2318/1725 1973/2301/1725 1972/2300/1725
f 1916/2238/1683 1915/2237/1715 2176/2521/1730
f 2176/2521/1730 2177/2522/1729 1916/2238/1683
f 1885/2302/1682 1973/2301/1725 1952/2273/1725
f 1952/2273/1725 1887/2283/1686 1885/2302/1682
f 2179/2523/1725 2178/2524/1725 1978/2308/1725
f 1978/2308/1725 1981/2307/1725 2179/2523/1725
f 1931/2253/1725 1987/2317/1725 1953/2277/1725
f 1953/2277/1725 1956/2276/1725 1931/2253/1725
f 2183/2525/1835 2180/2526/1836 2181/2527/1740
f 2181/2527/1740 2182/2528/1741 2183/2525/1835
f 2185/2529/1837 2184/2530/1838 1926/2248/1722
f 1926/2248/1722 1929/2247/1721 2185/2529/1837
f 2189/2531/1725 2186/2532/1725 2187/2533/1725
f 2187/2533/1725 2188/2534/1725 2189/2531/1725
f 2191/2535/1725 1986/2316/1725 1985/2315/1725
f 1985/2315/1725 2190/2536/1725 2191/2535/1725
f 2192/2537/1725 1983/2313/1725 1982/2312/1725
f 1982/2312/1725 1972/2300/1725 2192/2537/1725
f 2196/2538/1814 2193/2539/1828 2194/2540/1839
f 2194/2540/1839 2195/2541/1815 2196/2538/1814
f 1940/2542/1711 2197/2543/1840 2198/2544/1841
f 2198/2544/1841 1922/2545/1712 1940/2542/1711
f 2202/2546/1698 2199/2547/1699 2200/2548/1842
f 2200/2548/1842 2201/2549/1696 2202/2546/1698
f 2206/2550/1815 2203/2551/1839 2204/2552/1826
f 2204/2552/1826 2205/2553/1819 2206/2550/1815
f 2210/2554/1800 2207/2555/1831 2208/2556/1843
f 2208/2556/1843 2209/2557/1807 2210/2554/1800
f 2214/2558/1727 2211/2559/1844 2212/2560/1845
f 2212/2560/1845 2213/2561/1834 2214/2558/1727
f 2184/2562/1838 2215/2563/1846 2216/2564/1847
f 2216/2564/1847 1926/2565/1722 2184/2562/1838
f 1926/2565/1722 2216/2564/1847 2217/2566/1848
f 2217/2566/1848 1927/2567/1723 1926/2565/1722
f 2221/2568/1690 2218/2569/1691 2219/2570/1689
f 2219/2570/1689 2220/2571/1688 2221/2568/1690
f 1908/2230/1709 1907/2229/1708 2222/2572/1846
f 2222/2572/1846 2223/2573/1838 1908/2230/1709
f 2227/2574/1849 2224/2575/1850 2225/2576/1851
f 2225/2576/1851 2226/2577/1709 2227/2574/1849
f 2220/2571/1688 2219/2570/1689 2228/2578/1687
f 2228/2578/1687 2229/2579/1686 2220/2571/1688
f 2180/2526/1836 2230/2580/1852 2181/2527/1740
f 2181/2527/1740 2231/2581/1853 2232/2582/1854
f 2232/2582/1854 2233/2583/1855 2182/2528/1741
f 2181/2527/1740 2232/2582/1854 2182/2528/1741
f 2182/2528/1741 2234/2584/1856 2235/2585/1742
f 2235/2585/1742 2236/2586/1857 2183/2525/1835
f 2182/2528/1741 2235/2585/1742 2183/2525/1835
f 1930/2252/1725 1951/2275/1725 1987/2317/1725
f 1987/2317/1725 1931/2253/1725 1930/2252/1725
f 2237/2587/1858 2180/2526/1836 2183/2525/1835
f 2198/2544/1841 2197/2543/1840 2238/2588/1859
f 2238/2588/1859 2239/2589/1860 2198/2544/1841
f 2243/2590/1851 2240/2591/1861 2241/2592/1862
f 2241/2592/1862 2242/2593/1863 2243/2590/1851
f 2245/2594/1864 2198/2544/1841 2239/2589/1860
f 2239/2589/1860 2244/2595/1865 2245/2594/1864
f 2249/2596/1866 2246/2597/1867 2247/2598/1868
f 2247/2598/1868 2248/2599/1869 2249/2596/1866
f 2211/2559/1844 2217/2566/1848 2250/2600/1870
f 2250/2600/1870 2251/2601/1871 2211/2559/1844
f 2224/2575/1850 2245/2594/1864 2244/2595/1865
f 2244/2595/1865 2252/2602/1862 2224/2575/1850
f 2215/2563/1846 2225/2576/1851 2253/2603/1863
f 2253/2603/1863 2254/2604/1872 2215/2563/1846
f 2212/2560/1845 2211/2559/1844 2251/2601/1871
f 2251/2601/1871 2255/2605/1873 2212/2560/1845
f 2246/2597/1867 2212/2560/1845 2255/2605/1873
f 2255/2605/1873 2247/2598/1868 2246/2597/1867
f 2225/2576/1851 2224/2575/1850 2252/2602/1862
f 2252/2602/1862 2253/2603/1863 2225/2576/1851
f 2217/2566/1848 2216/2564/1847 2256/2606/1874
f 2256/2606/1874 2250/2600/1870 2217/2566/1848
f 2197/2543/1840 2249/2596/1866 2248/2599/1869
f 2248/2599/1869 2238/2588/1859 2197/2543/1840
f 2260/2607/1875 2257/2608/1868 2258/2609/1853
f 2258/2609/1853 2259/2610/1740 2260/2607/1875
f 2264/2611/1869 2261/2612/1868 2262/2613/1853
f 2262/2613/1853 2263/2614/1740 2264/2611/1869
f 2248/2599/1869 2247/2598/1868 2231/2581/1853
f 2231/2581/1853 2181/2527/1740 2248/2599/1869
f 2268/2615/1874 2265/2616/1876 2266/2617/1742
f 2266/2617/1742 2267/2618/1856 2268/2615/1874
f 2254/2604/1872 2253/2603/1863 2236/2586/1857
f 2236/2586/1857 2235/2585/1742 2254/2604/1872
f 2265/2616/1876 2269/2619/1863 2270/2620/1857
f 2270/2620/1857 2266/2617/1742 2265/2616/1876
f 2244/2595/1865 2239/2589/1860 2180/2526/1836
f 2180/2526/1836 2237/2587/1858 2244/2595/1865
f 2247/2598/1868 2255/2605/1873 2232/2582/1854
f 2232/2582/1854 2231/2581/1853 2247/2598/1868
f 2256/2606/1874 2254/2604/1872 2235/2585/1742
f 2235/2585/1742 2234/2584/1856 2256/2606/1874
f 2253/2603/1863 2252/2602/1862 2183/2525/1835
f 2183/2525/1835 2236/2586/1857 2253/2603/1863
f 2238/2588/1859 2248/2599/1869 2181/2527/1740
f 2181/2527/1740 2230/2580/1852 2238/2588/1859
f 2255/2605/1873 2251/2601/1871 2233/2583/1855
f 2233/2583/1855 2232/2582/1854 2255/2605/1873
f 2274/2621/1822 2271/2622/1877 2272/2623/1878
f 2272/2623/1878 2273/2624/1879 2274/2621/1822
f 2278/2625/1880 2275/2626/1827 2276/2627/1881
f 2276/2627/1881 2277/2628/1882 2278/2625/1880
f 2162/2506/1829 2163/2507/1830 2279/2629/1883
f 2279/2629/1883 2280/2630/1884 2162/2506/1829
f 2163/2509/1830 2164/2508/1831 2281/2631/1885
f 2281/2631/1885 2279/2632/1883 2163/2509/1830
f 2159/2503/1826 2160/2504/1827 2282/2633/1881
f 2282/2633/1881 2283/2634/1886 2159/2503/1826
f 2271/2622/1877 2284/2635/1823 2285/2636/1887
f 2285/2636/1887 2272/2623/1878 2271/2622/1877
f 2155/2499/1822 2154/2498/1821 2286/2637/1888
f 2286/2637/1888 2287/2638/1879 2155/2499/1822
f 2157/2501/1824 2158/2502/1825 2288/2639/1889
f 2288/2639/1889 2289/2640/1890 2157/2501/1824
f 2292/2641/1891 2167/2512/1833 2290/2642/1892
f 2290/2642/1892 2291/2643/1893 2292/2641/1891
f 2156/2500/1823 2157/2501/1824 2289/2640/1890
f 2289/2640/1890 2293/2644/1894 2156/2500/1823
f 2160/2504/1827 2161/2505/1828 2294/2645/1895
f 2294/2645/1895 2282/2633/1881 2160/2504/1827
f 2161/2505/1828 2162/2506/1829 2280/2630/1884
f 2280/2630/1884 2294/2645/1895 2161/2505/1828
f 2273/2624/1879 2272/2623/1878 2295/2646/1713
f 2295/2646/1713 2296/2647/1720 2273/2624/1879
f 2281/2631/1885 2297/2648/1896 2298/2649/1897
f 2298/2649/1897 2299/2650/1898 2281/2631/1885
f 2301/2651/1899 2300/2652/1900 1967/2288/1724
f 1967/2288/1724 1966/2291/1728 2301/2651/1899
f 2279/2632/1883 2281/2631/1885 2299/2650/1898
f 2299/2650/1898 2185/2653/1837 2279/2632/1883
f 2305/2654/1879 2302/2655/1878 2303/2656/1713
f 2303/2656/1713 2304/2657/1720 2305/2654/1879
f 2286/2637/1888 2293/2644/1894 1941/2263/1710
f 1941/2263/1710 1925/2243/1713 2286/2637/1888
f 2289/2640/1890 2288/2639/1889 2306/2658/1738
f 2306/2658/1738 2307/2659/1901 2289/2640/1890
f 2288/2639/1889 2283/2634/1886 2308/2660/1735
f 2308/2660/1735 2306/2658/1738 2288/2639/1889
f 2312/2661/1902 2309/2662/1903 2310/2663/1720
f 2310/2663/1720 2311/2664/1904 2312/2661/1902
f 2282/2633/1881 2294/2645/1895 1928/2250/1724
f 1928/2250/1724 2313/2665/1728 2282/2633/1881
f 2315/2666/1905 2314/2667/1882 2009/2342/1735
f 2009/2342/1735 2008/2345/1738 2315/2666/1905
f 2293/2644/1894 2289/2640/1890 2307/2659/1901
f 2307/2659/1901 1941/2263/1710 2293/2644/1894
f 2319/2668/1906 2316/2669/1773 2317/2670/1772
f 2317/2670/1772 2318/2671/1805 2319/2668/1906
f 2147/2488/1813 2104/2447/1791 2107/2446/1790
f 2107/2446/1790 2132/2475/1809 2147/2488/1813
f 2141/2482/1797 2092/2435/1781 2095/2434/1780
f 2095/2434/1780 2151/2494/1794 2141/2482/1797
f 2153/2497/1798 2088/2431/1777 2091/2430/1776
f 2091/2430/1776 2149/2493/1818 2153/2497/1798
f 2139/2481/1812 2084/2427/1773 2087/2426/1772
f 2087/2426/1772 2128/2471/1805 2139/2481/1812
f 2128/2471/1805 2087/2426/1772 2108/2450/1786
f 2108/2450/1786 2129/2468/1802 2128/2471/1805
f 2132/2475/1809 2107/2446/1790 2320/2672/1907
f 2320/2672/1907 2133/2472/1806 2132/2475/1809
f 2149/2493/1818 2091/2430/1776 2084/2427/1773
f 2084/2427/1773 2139/2481/1812 2149/2493/1818
f 2133/2487/1806 2320/2673/1907 2102/2444/1788
f 2102/2444/1788 2143/2484/1801 2133/2487/1806
f 2146/2491/1816 2097/2438/1784 2104/2447/1791
f 2104/2447/1791 2147/2488/1813 2146/2491/1816
f 2129/2468/1802 2108/2450/1786 2092/2435/1781
f 2092/2435/1781 2141/2482/1797 2129/2468/1802
f 2151/2494/1794 2095/2434/1780 2097/2438/1784
f 2097/2438/1784 2146/2491/1816 2151/2494/1794
f 2324/2674/1793 2321/2675/1763 2322/2676/1762
f 2322/2676/1762 2323/2677/1908 2324/2674/1793
f 2328/2678/1908 2325/2679/1762 2326/2680/1909
f 2326/2680/1909 2327/2681/1789 2328/2678/1908
f 2103/2445/1789 2329/2682/1909 2330/2683/1910
f 2330/2683/1910 2089/2432/1778 2103/2445/1789
f 2334/2684/1793 2331/2685/1763 2332/2686/1762
f 2332/2686/1762 2333/2687/1908 2334/2684/1793
f 2338/2688/1911 2335/2689/1767 2336/2690/1766
f 2336/2690/1766 2337/2691/1783 2338/2688/1911
f 2105/2448/1792 2339/2692/1764 2340/2693/1763
f 2340/2693/1763 2106/2449/1793 2105/2448/1792
f 2344/2694/1787 2341/2695/1770 2342/2696/1767
f 2342/2696/1767 2343/2697/1782 2344/2694/1787
f 2348/2698/1775 2345/2699/1768 2346/2700/1770
f 2346/2700/1770 2347/2701/1787 2348/2698/1775
f 2352/2702/1779 2349/2703/1771 2350/2704/1769
f 2350/2704/1769 2351/2705/1774 2352/2702/1779
f 2356/2706/1789 2353/2707/1909 2354/2708/1910
f 2354/2708/1910 2355/2709/1778 2356/2706/1789
f 2096/2439/1785 2357/2710/1765 2339/2692/1764
f 2339/2692/1764 2105/2448/1792 2096/2439/1785
f 2361/2711/1774 2358/2712/1769 2359/2713/1768
f 2359/2713/1768 2360/2714/1775 2361/2711/1774
f 2364/2715/1682 2362/2716/1912 1977/2717/1729
f 1977/2717/1729 2363/2718/1685 2364/2715/1682
f 2366/2719/1686 2365/2720/1687 2362/2716/1912
f 2362/2716/1912 2364/2715/1682 2366/2719/1686
f 2368/2721/1688 2367/2722/1689 2365/2720/1687
f 2365/2720/1687 2366/2719/1686 2368/2721/1688
f 2369/2723/1690 2174/2724/1691 2367/2722/1689
f 2367/2722/1689 2368/2721/1688 2369/2723/1690
f 2370/2725/1692 2175/2726/1693 2174/2724/1691
f 2174/2724/1691 2369/2723/1690 2370/2725/1692
f 2372/2727/1694 2371/2728/1695 2175/2726/1693
f 2175/2726/1693 2370/2725/1692 2372/2727/1694
f 2374/2729/1696 2373/2730/1842 2371/2728/1695
f 2371/2728/1695 2372/2727/1694 2374/2729/1696
f 1959/2731/1698 2375/2732/1699 2373/2733/1842
f 2373/2733/1842 2374/2734/1696 1959/2731/1698
f 1958/2735/1700 2376/2736/1701 2375/2732/1699
f 2375/2732/1699 1959/2731/1698 1958/2735/1700
f 2378/2737/1702 2377/2738/1913 2376/2736/1701
f 2376/2736/1701 1958/2735/1700 2378/2737/1702
f 2379/2739/1704 1976/2740/1705 2377/2738/1913
f 2377/2738/1913 2378/2737/1702 2379/2739/1704
f 2383/2741/1686 2380/2742/1687 2381/2743/1912
f 2381/2743/1912 2382/2744/1682 2383/2741/1686
f 2387/2745/1705 2384/2746/1731 2385/2747/1748
f 2385/2747/1748 2386/2748/1913 2387/2745/1705
f 2383/2749/1686 1995/2330/1725 2019/2355/1725
f 2019/2355/1725 2388/2750/1688 2383/2749/1686
f 2190/2536/1725 1985/2315/1725 1983/2313/1725
f 1983/2313/1725 2192/2537/1725 2190/2536/1725
f 1924/2246/1720 1923/2245/1719 2227/2751/1849
f 2227/2751/1849 2298/2649/1897 1924/2246/1720
f 2304/2657/1720 2389/2752/1719 2390/2753/1706
f 2390/2753/1706 2391/2754/1904 2304/2657/1720
f 2395/2755/1721 2392/2756/1722 2393/2757/1723
f 2393/2757/1723 2394/2758/1724 2395/2755/1721
f 2399/2759/1724 2396/2760/1723 2397/2761/1727
f 2397/2761/1727 2398/2762/1728 2399/2759/1724
f 2403/2763/1738 2400/2764/1737 2401/2765/1914
f 2401/2765/1914 2402/2766/1901 2403/2763/1738
f 2406/2767/1915 2404/2768/1916 2049/2769/1714
f 2049/2769/1714 2405/2770/1687 2406/2767/1915
f 2377/2771/1913 2407/2772/1748 2045/2773/1756
f 2045/2773/1756 2376/2774/1701 2377/2771/1913
f 2409/2775/1699 2408/2776/1759 1918/2240/1716
f 1918/2240/1716 1921/2239/1697 2409/2775/1699
f 2413/2777/1704 2410/2778/1725 2411/2779/1725
f 2411/2779/1725 2412/2780/1685 2413/2777/1704
f 2415/2781/1835 2263/2614/1740 2414/2782/1741
f 2414/2782/1741 2266/2617/1742 2415/2781/1835
f 2366/2783/1686 1971/2292/1725 1970/2295/1725
f 1970/2295/1725 2368/2784/1688 2366/2783/1686
f 2419/2785/1720 2416/2786/1719 2417/2787/1849
f 2417/2787/1849 2418/2788/1897 2419/2785/1720
f 2423/2789/1725 2420/2790/1725 2421/2791/1725
f 2421/2791/1725 2422/2792/1725 2423/2789/1725
f 1962/2287/1725 1961/2286/1725 1986/2316/1725
f 1986/2316/1725 2191/2535/1725 1962/2287/1725
f 2425/2793/1837 2424/2794/1838 2004/2795/1722
f 2004/2795/1722 2005/2796/1721 2425/2793/1837
f 1899/2298/1698 1962/2287/1725 2191/2535/1725
f 2191/2535/1725 1901/2797/1700 1899/2298/1698
f 2429/2798/1725 2426/2799/1725 2427/2800/1725
f 2427/2800/1725 2428/2801/1725 2429/2798/1725
f 2433/2802/1901 2430/2803/1914 2431/2804/1711
f 2431/2804/1711 2432/2805/1710 2433/2802/1901
f 2435/2806/1725 2434/2807/1725 2003/2339/1725
f 2003/2339/1725 1957/2281/1725 2435/2806/1725
f 2365/2808/1687 2436/2809/1714 2437/2810/1715
f 2437/2810/1715 2362/2811/1912 2365/2808/1687
f 2441/2812/1917 2438/2813/1756 2439/2814/1759
f 2439/2814/1759 2440/2815/1699 2441/2812/1917
f 2187/2533/1725 2186/2532/1725 2442/2816/1725
f 2186/2532/1725 1937/2261/1725 2442/2816/1725
f 1937/2261/1725 1936/2260/1725 2442/2816/1725
f 1936/2260/1725 2003/2339/1725 2442/2816/1725
f 2003/2339/1725 2434/2807/1725 2442/2816/1725
f 2434/2807/1725 1943/2267/1725 2442/2816/1725
f 1943/2267/1725 1942/2266/1725 2442/2816/1725
f 1942/2266/1725 2443/2817/1725 2442/2816/1725
f 2443/2817/1725 1969/2294/1725 2442/2816/1725
f 1969/2294/1725 1968/2293/1725 2442/2816/1725
f 1968/2293/1725 2444/2818/1725 2442/2816/1725
f 2444/2818/1725 2187/2533/1725 2442/2816/1725
f 2371/2819/1695 2445/2820/1717 2172/2518/1733
f 2172/2518/1733 2175/2517/1693 2371/2819/1695
f 2373/2821/1842 2446/2822/1716 2445/2820/1717
f 2445/2820/1717 2371/2819/1695 2373/2821/1842
f 2450/2823/1693 2447/2824/1733 2448/2825/1734
f 2448/2825/1734 2449/2826/1918 2450/2823/1693
f 2451/2827/1725 2444/2818/1725 1968/2293/1725
f 1968/2293/1725 1971/2292/1725 2451/2827/1725
f 2362/2811/1912 2437/2810/1715 1974/2304/1730
f 1974/2304/1730 1977/2303/1729 2362/2811/1912
f 2306/2658/1738 2452/2828/1919 2453/2829/1914
f 2453/2829/1914 2307/2659/1901 2306/2658/1738
f 2457/2830/1725 2454/2831/1725 2455/2832/1725
f 2455/2832/1725 2456/2833/1725 2457/2830/1725
f 2459/2834/1918 2458/2835/1734 2404/2768/1916
f 2404/2768/1916 2406/2767/1915 2459/2834/1918
f 2367/2836/1689 2460/2837/1916 2436/2809/1714
f 2436/2809/1714 2365/2808/1687 2367/2836/1689
f 2463/2838/1701 2461/2839/1920 2462/2840/1759
f 2462/2840/1759 2199/2841/1699 2463/2838/1701
f 1905/2842/1704 2192/2537/1725 1972/2300/1725
f 1972/2300/1725 1884/2299/1685 1905/2842/1704
f 2467/2843/1713 2464/2844/1712 2465/2845/1719
f 2465/2845/1719 2466/2846/1720 2467/2843/1713
f 2439/2847/1759 2056/2399/1758 2055/2398/1760
f 2055/2398/1760 2468/2848/1743 2439/2847/1759
f 2445/2849/1717 2469/2850/1745 2470/2851/1749
f 2470/2851/1749 2172/2852/1733 2445/2849/1717
f 2404/2853/1916 2068/2411/1752 2046/2389/1755
f 2046/2389/1755 2049/2388/1714 2404/2853/1916
f 2474/2854/1731 2471/2855/1746 2472/2856/1747
f 2472/2856/1747 2473/2857/1921 2474/2854/1731
f 2436/2858/1714 2082/2425/1755 2073/2416/1753
f 2073/2416/1753 2437/2859/1715 2436/2858/1714
f 2437/2859/1715 2073/2416/1753 2072/2415/1754
f 2072/2415/1754 1974/2860/1730 2437/2859/1715
f 2048/2391/1715 2047/2390/1753 2475/2861/1754
f 2475/2861/1754 2476/2862/1730 2048/2391/1715
f 1975/2863/1731 2477/2864/1746 2478/2865/1747
f 2478/2865/1747 2407/2866/1748 1975/2863/1731
f 1914/2867/1714 2479/2868/1755 2480/2869/1922
f 2480/2869/1922 1915/2870/1715 1914/2867/1714
f 2482/2871/1759 2481/2872/1758 2050/2393/1760
f 2050/2393/1760 2053/2392/1716 2482/2871/1759
f 2484/2873/1759 2483/2874/1758 2038/2381/1744
f 2038/2381/1744 2041/2380/1716 2484/2873/1759
f 2458/2875/1734 2485/2876/1923 2068/2411/1752
f 2068/2411/1752 2404/2853/1916 2458/2875/1734
f 2487/2877/1764 2486/2878/1765 2470/2851/1749
f 2470/2851/1749 2469/2850/1745 2487/2877/1764
f 2491/2879/1762 2488/2880/1763 2489/2881/1760
f 2489/2881/1760 2490/2882/1758 2491/2879/1762
f 2336/2690/1766 2335/2689/1767 2492/2883/1752
f 2492/2883/1752 2493/2884/1923 2336/2690/1766
f 2335/2689/1767 2083/2424/1770 2082/2425/1755
f 2082/2425/1755 2492/2883/1752 2335/2689/1767
f 2354/2708/1910 2353/2707/1909 2042/2385/1757
f 2042/2385/1757 2478/2865/1747 2354/2708/1910
f 2350/2704/1769 2349/2703/1771 2494/2885/1746
f 2494/2885/1746 2475/2861/1754 2350/2704/1769
f 2496/2886/1770 2495/2887/1768 2480/2869/1922
f 2480/2869/1922 2479/2868/1755 2496/2886/1770
f 2486/2878/1765 2336/2690/1766 2493/2884/1923
f 2493/2884/1923 2470/2851/1749 2486/2878/1765
f 2500/2888/1910 2497/2889/1909 2498/2890/1924
f 2498/2890/1924 2499/2891/1747 2500/2888/1910
f 2353/2707/1909 2501/2892/1762 2043/2386/1758
f 2043/2386/1758 2042/2385/1757 2353/2707/1909
f 2054/2397/1763 2502/2893/1764 2503/2894/1925
f 2503/2894/1925 2055/2398/1760 2054/2397/1763
f 2505/2895/1910 2326/2680/1909 2504/2896/1924
f 2504/2896/1924 2472/2856/1747 2505/2895/1910
f 2509/2897/1791 2506/2898/1784 2507/2899/1785
f 2507/2899/1785 2508/2900/1792 2509/2897/1791
f 2513/2901/1788 2510/2902/1907 2511/2903/1908
f 2511/2903/1908 2512/2904/1789 2513/2901/1788
f 2516/2905/1790 2514/2906/1791 2515/2907/1792
f 2515/2907/1792 2324/2674/1793 2516/2905/1790
f 2520/2908/1776 2517/2909/1777 2518/2910/1778
f 2518/2910/1778 2519/2911/1779 2520/2908/1776
f 2524/2912/1786 2521/2913/1772 2522/2914/1775
f 2522/2914/1775 2523/2915/1787 2524/2912/1786
f 2527/2916/1772 2525/2917/1773 2526/2918/1774
f 2526/2918/1774 2348/2698/1775 2527/2916/1772
f 2530/2919/1776 2528/2920/1777 2529/2921/1778
f 2529/2921/1778 2352/2922/1779 2530/2919/1776
f 2533/2923/1784 2531/2924/1780 2337/2691/1783
f 2337/2691/1783 2532/2925/1785 2533/2923/1784
f 2521/2913/1772 2534/2926/1773 2535/2927/1774
f 2535/2927/1774 2522/2914/1775 2521/2913/1772
f 2536/2928/1781 2524/2912/1786 2523/2915/1787
f 2523/2915/1787 2338/2688/1911 2536/2928/1781
f 2539/2929/1788 2537/2930/1907 2323/2677/1908
f 2323/2677/1908 2538/2931/1789 2539/2929/1788
f 2104/2447/1791 2097/2438/1784 2096/2439/1785
f 2096/2439/1785 2105/2448/1792 2104/2447/1791
f 2543/2932/1816 2540/2933/1815 2541/2934/1819
f 2541/2934/1819 2542/2935/1794 2543/2932/1816
f 2547/2936/1798 2544/2937/1820 2545/2938/1800
f 2545/2938/1800 2546/2939/1801 2547/2936/1798
f 2550/2940/1794 2205/2553/1819 2548/2941/1796
f 2548/2941/1796 2549/2942/1797 2550/2940/1794
f 2554/2943/1801 2551/2944/1800 2552/2945/1807
f 2552/2945/1807 2553/2946/1806 2554/2943/1801
f 2558/2947/1802 2555/2948/1803 2556/2949/1804
f 2556/2949/1804 2557/2950/1805 2558/2947/1802
f 2132/2475/1809 2131/2474/1808 2144/2489/1814
f 2144/2489/1814 2147/2488/1813 2132/2475/1809
f 2560/2951/1818 2559/2952/1817 2122/2465/1799
f 2122/2465/1799 2125/2464/1798 2560/2951/1818
f 2562/2953/1812 2561/2954/1811 2559/2952/1817
f 2559/2952/1817 2560/2951/1818 2562/2953/1812
f 2566/2955/1818 2563/2956/1817 2564/2957/1799
f 2564/2957/1799 2565/2958/1798 2566/2955/1818
f 2568/2959/1812 2567/2960/1811 2563/2961/1817
f 2563/2961/1817 2566/2962/1818 2568/2959/1812
f 2572/2963/1818 2569/2964/1817 2570/2965/1799
f 2570/2965/1799 2571/2966/1798 2572/2963/1818
f 2146/2491/1816 2145/2490/1815 2150/2495/1819
f 2150/2495/1819 2151/2494/1794 2146/2491/1816
f 2576/2967/1919 2573/2968/1867 2574/2969/1866
f 2574/2969/1866 2575/2970/1914 2576/2967/1919
f 2559/2952/1817 2577/2971/1822 2578/2972/1926
f 2578/2972/1926 2122/2465/1799 2559/2952/1817
f 2561/2954/1811 2579/2973/1821 2577/2971/1822
f 2577/2971/1822 2559/2952/1817 2561/2954/1811
f 2556/2949/1804 2580/2974/1823 2579/2973/1821
f 2579/2973/1821 2561/2954/1811 2556/2949/1804
f 2555/2948/1803 2581/2975/1824 2580/2974/1823
f 2580/2974/1823 2556/2949/1804 2555/2948/1803
f 2548/2941/1796 2582/2976/1825 2581/2975/1824
f 2581/2975/1824 2555/2948/1803 2548/2941/1796
f 2452/2977/1919 2246/2597/1867 2249/2596/1866
f 2249/2596/1866 2453/2978/1914 2452/2977/1919
f 2205/2553/1819 2204/2552/1826 2582/2976/1825
f 2582/2976/1825 2548/2941/1796 2205/2553/1819
f 2584/2979/1814 2583/2980/1828 2203/2551/1839
f 2203/2551/1839 2206/2550/1815 2584/2979/1814
f 2123/2466/1800 2585/2981/1831 2586/2982/1843
f 2586/2982/1843 2587/2983/1807 2123/2466/1800
f 2209/2557/1807 2208/2556/1843 2588/2984/1829
f 2588/2984/1829 2589/2985/1808 2209/2557/1807
f 2591/2986/1808 2590/2987/1829 2583/2980/1828
f 2583/2980/1828 2584/2979/1814 2591/2986/1808
f 1938/2262/1725 1937/2261/1725 2186/2532/1725
f 2186/2532/1725 2189/2531/1725 1938/2262/1725
f 2313/2665/1728 2214/2988/1727 2213/2989/1834
f 2213/2989/1834 2308/2660/1735 2313/2665/1728
f 1898/2990/1699 2484/2991/1759 2041/2992/1716
f 2041/2992/1716 1896/2993/1697 1898/2990/1699
f 2310/2663/1720 2592/2994/1719 1909/2995/1706
f 1909/2995/1706 2311/2664/1904 2310/2663/1720
f 2594/2996/1927 2576/2997/1919 2575/2998/1914
f 2575/2998/1914 2593/2999/1901 2594/2996/1927
f 2598/3000/1725 2595/3001/1725 2596/3002/1725
f 2596/3002/1725 2597/3003/1725 2598/3000/1725
f 2600/3004/1713 2599/3005/1928 2416/2786/1719
f 2416/2786/1719 2419/2785/1720 2600/3004/1713
f 1966/2291/1728 1965/2290/1727 2006/2343/1736
f 2006/2343/1736 2009/2342/1735 1966/2291/1728
f 2601/3006/1729 2476/3007/1730 2384/2746/1731
f 2384/2746/1731 2387/2745/1705 2601/3006/1729
f 1980/2310/1725 1979/2309/1725 2602/3008/1725
f 2602/3008/1725 2603/3009/1725 1980/2310/1725
f 2605/3010/1929 1908/3011/1709 2223/3012/1838
f 2223/3012/1838 2604/3013/1837 2605/3010/1929
f 2398/2762/1728 2397/2761/1727 2606/3014/1834
f 2606/3014/1834 2607/3015/1930 2398/2762/1728
f 2122/2465/1799 2578/2972/1926 2585/2981/1831
f 2585/2981/1831 2123/2466/1800 2122/2465/1799
f 2416/3016/1719 2608/3017/1864 2240/2591/1861
f 2240/2591/1861 2417/3018/1849 2416/3016/1719
f 2599/3019/1928 2609/3020/1841 2608/3017/1864
f 2608/3017/1864 2416/3016/1719 2599/3019/1928
f 2613/3021/1727 2610/3022/1844 2611/3023/1931
f 2611/3023/1931 2612/3024/1834 2613/3021/1727
f 2617/3025/1914 2614/3026/1866 2615/3027/1840
f 2615/3027/1840 2616/3028/1932 2617/3025/1914
f 2616/3028/1932 2615/3027/1840 2609/3020/1841
f 2609/3020/1841 2599/3019/1928 2616/3028/1932
f 2006/3029/1736 2618/3030/1931 2619/3031/1867
f 2619/3031/1867 2007/3032/1737 2006/3029/1736
f 1965/3033/1727 2620/3034/1844 2618/3030/1931
f 2618/3030/1931 2006/3029/1736 1965/3033/1727
f 1964/3035/1726 2621/3036/1848 2620/3034/1844
f 2620/3034/1844 1965/3033/1727 1964/3035/1726
f 2625/3037/1907 2622/3038/1790 2623/3039/1793
f 2623/3039/1793 2624/3040/1908 2625/3037/1907
f 2004/3041/1722 2626/3042/1933 2621/3036/1848
f 2621/3036/1848 1964/3035/1726 2004/3041/1722
f 2628/3043/1709 2243/2590/1851 2627/3044/1846
f 2627/3044/1846 2424/3045/1838 2628/3043/1709
f 2629/3046/1934 2630/3047/1935 2631/3048/1740
f 2631/3048/1740 2632/3049/1936 2633/3050/1854
f 2633/3050/1854 2634/3051/1855 2635/3052/1741
f 2631/3048/1740 2633/3050/1854 2635/3052/1741
f 2635/3052/1741 2636/3053/1937 2637/3054/1742
f 2637/3054/1742 2638/3055/1938 2639/3056/1835
f 2635/3052/1741 2637/3054/1742 2639/3056/1835
f 2643/3057/1735 2640/3058/1834 2641/3059/1919
f 2641/3059/1919 2642/3060/1738 2643/3057/1735
f 2644/3061/1858 2629/3046/1934 2639/3056/1835
f 2618/3030/1931 2620/3034/1844 2645/3062/1939
f 2645/3062/1939 2646/3063/1873 2618/3030/1931
f 2650/3064/1864 2647/3065/1841 2648/3066/1860
f 2648/3066/1860 2649/3067/1865 2650/3064/1864
f 2621/3036/1848 2626/3042/1933 2651/3068/1874
f 2651/3068/1874 2652/3069/1870 2621/3036/1848
f 2626/3042/1933 2627/3044/1846 2653/3070/1876
f 2653/3070/1876 2651/3068/1874 2626/3042/1933
f 2615/3027/1840 2614/3026/1866 2654/3071/1875
f 2654/3071/1875 2655/3072/1859 2615/3027/1840
f 2609/3020/1841 2615/3027/1840 2655/3072/1859
f 2655/3072/1859 2656/3073/1860 2609/3020/1841
f 2620/3034/1844 2621/3036/1848 2652/3069/1870
f 2652/3069/1870 2645/3062/1939 2620/3034/1844
f 2660/3074/1851 2657/3075/1861 2658/3076/1862
f 2658/3076/1862 2659/3077/1863 2660/3074/1851
f 2573/2968/1867 2661/3078/1845 2662/3079/1873
f 2662/3079/1873 2663/3080/1868 2573/2968/1867
f 2667/3081/1931 2664/3082/1844 2665/3083/1871
f 2665/3083/1871 2666/3084/1873 2667/3081/1931
f 2670/3085/1848 2668/3086/1933 2268/2615/1874
f 2268/2615/1874 2669/3087/1870 2670/3085/1848
f 1907/2229/1708 1906/2228/1707 2671/3088/1862
f 2671/3088/1862 2672/3089/1863 1907/2229/1708
f 2676/3090/1862 2673/3091/1865 2674/3092/1858
f 2674/3092/1858 2675/3093/1835 2676/3090/1862
f 2680/3094/1873 2677/3095/1871 2678/3096/1855
f 2678/3096/1855 2679/3097/1854 2680/3094/1873
f 2652/3069/1870 2651/3068/1874 2636/3053/1937
f 2636/3053/1937 2635/3052/1741 2652/3069/1870
f 2651/3068/1874 2653/3070/1876 2637/3054/1742
f 2637/3054/1742 2636/3053/1937 2651/3068/1874
f 2655/3072/1859 2654/3071/1875 2631/3048/1740
f 2631/3048/1740 2630/3047/1935 2655/3072/1859
f 2656/3073/1860 2655/3072/1859 2630/3047/1935
f 2630/3047/1935 2629/3046/1934 2656/3073/1860
f 2684/3098/1871 2681/3099/1870 2682/3100/1741
f 2682/3100/1741 2683/3101/1855 2684/3098/1871
f 2685/3102/1940 2656/3073/1860 2629/3046/1934
f 2629/3046/1934 2644/3061/1858 2685/3102/1940
f 2663/3080/1868 2662/3079/1873 2686/3103/1854
f 2686/3103/1854 2687/3104/1941 2663/3080/1868
f 2691/3105/1865 2688/3106/1860 2689/3107/1934
f 2689/3107/1934 2690/3108/1858 2691/3105/1865
f 2695/3109/1876 2692/3110/1863 2693/3111/1938
f 2693/3111/1938 2694/3112/1742 2695/3109/1876
f 2692/3110/1863 2696/3113/1862 2697/3114/1835
f 2697/3114/1835 2693/3111/1938 2692/3110/1863
f 2701/3115/1825 2698/3116/1826 2699/3117/1886
f 2699/3117/1886 2700/3118/1905 2701/3115/1825
f 2705/3119/1843 2702/3120/1831 2703/3121/1942
f 2703/3121/1942 2704/3122/1943 2705/3119/1843
f 2702/3120/1831 2706/3123/1926 2312/2661/1902
f 2312/2661/1902 2703/3121/1942 2702/3120/1831
f 2710/3124/1944 2707/3125/1821 2708/3126/1878
f 2708/3126/1878 2709/3127/1903 2710/3124/1944
f 2580/2974/1823 2581/2975/1824 2711/3128/1890
f 2711/3128/1890 2712/3129/1887 2580/2974/1823
f 2716/3130/1825 2713/3131/1880 2714/3132/1882
f 2714/3132/1882 2715/3133/1945 2716/3130/1825
f 2713/3131/1880 2194/2540/1839 2717/3134/1899
f 2717/3134/1899 2714/3132/1882 2713/3131/1880
f 2721/3135/1824 2718/3136/1825 2719/3137/1889
f 2719/3137/1889 2720/3138/1890 2721/3135/1824
f 2718/3136/1825 2278/2625/1880 2277/2628/1882
f 2277/2628/1882 2719/3137/1889 2718/3136/1825
f 2586/2982/1843 2585/2981/1831 2722/3139/1946
f 2722/3139/1946 2723/3140/1943 2586/2982/1843
f 2581/2975/1824 2582/2976/1825 2315/2666/1905
f 2315/2666/1905 2711/3128/1890 2581/2975/1824
f 2193/2539/1828 2724/3141/1829 2725/3142/1947
f 2725/3142/1947 2726/3143/1895 2193/2539/1828
f 2730/3144/1942 2727/3145/1948 2728/3146/1897
f 2728/3146/1897 2729/3147/1949 2730/3144/1942
f 2290/2642/1892 2731/3148/1883 2732/3149/1837
f 2732/3149/1837 2395/2755/1721 2290/2642/1892
f 2297/2648/1896 2287/2638/1879 1924/2246/1720
f 1924/2246/1720 2298/2649/1897 2297/2648/1896
f 2711/3128/1890 2315/2666/1905 2008/2345/1738
f 2008/2345/1738 2733/3150/1901 2711/3128/1890
f 2735/3151/1896 2273/2624/1879 2296/2647/1720
f 2296/2647/1720 2734/3152/1904 2735/3151/1896
f 2294/2645/1895 2280/2630/1884 1929/2247/1721
f 1929/2247/1721 1928/2250/1724 2294/2645/1895
f 2737/3153/1879 2736/3154/1878 2600/3004/1713
f 2600/3004/1713 2419/2785/1720 2737/3153/1879
f 2283/2634/1886 2282/2633/1881 2313/2665/1728
f 2313/2665/1728 2308/2660/1735 2283/2634/1886
f 2381/3155/1912 2738/3156/1950 2739/3157/1951
f 2739/3157/1951 2740/3158/1729 2381/3155/1912
f 2742/3159/1878 2741/3160/1894 1913/2231/1710
f 1913/2231/1710 1912/2234/1713 2742/3159/1878
f 2314/2667/1882 2301/2651/1899 1966/2291/1728
f 1966/2291/1728 2009/2342/1735 2314/2667/1882
f 2744/3161/1946 2735/3151/1896 2734/3152/1904
f 2734/3152/1904 2743/3162/1898 2744/3161/1946
f 2748/3163/1802 2745/3164/1786 2746/3165/1781
f 2746/3165/1781 2747/3166/1797 2748/3163/1802
f 2752/3167/1797 2749/3168/1781 2750/3169/1780
f 2750/3169/1780 2751/3170/1794 2752/3167/1797
f 2549/2942/1797 2536/2928/1781 2531/2924/1780
f 2531/2924/1780 2550/2940/1794 2549/2942/1797
f 2747/3166/1797 2746/3165/1781 2753/3171/1780
f 2753/3171/1780 2754/3172/1794 2747/3166/1797
f 2557/2950/1805 2521/2913/1772 2524/2912/1786
f 2524/2912/1786 2558/2947/1802 2557/2950/1805
f 2756/3173/1801 2755/3174/1788 2517/2909/1777
f 2517/2909/1777 2571/2966/1798 2756/3173/1801
f 2759/3175/1816 2533/2923/1784 2757/3176/1791
f 2757/3176/1791 2758/3177/1952 2759/3175/1816
f 2560/2951/1818 2760/3178/1776 2534/2926/1773
f 2534/2926/1773 2562/2953/1812 2560/2951/1818
f 2121/2460/1794 2761/3179/1780 2506/2898/1784
f 2506/2898/1784 2762/3180/1816 2121/2460/1794
f 2566/2962/1818 2530/3181/1776 2763/3182/1773
f 2763/3182/1773 2568/2959/1812 2566/2962/1818
f 2765/3183/1798 2114/2457/1777 2117/2456/1776
f 2117/2456/1776 2764/3184/1818 2765/3183/1798
f 2769/3185/1801 2766/3186/1788 2767/3187/1777
f 2767/3187/1777 2768/3188/1798 2769/3185/1801
f 2771/3189/1779 2770/3190/1771 2071/2414/1769
f 2071/2414/1769 2535/2927/1774 2771/3189/1779
f 2360/2714/1775 2359/2713/1768 2772/3191/1770
f 2772/3191/1770 2773/3192/1787 2360/2714/1775
f 2776/3193/1782 2069/2409/1767 2774/3194/1766
f 2774/3194/1766 2775/3195/1783 2776/3193/1782
f 2778/3196/1775 2495/2887/1768 2496/2886/1770
f 2496/2886/1770 2777/3197/1787 2778/3196/1775
f 2782/3198/1787 2779/3199/1770 2780/3200/1767
f 2780/3200/1767 2781/3201/1782 2782/3198/1787
f 2535/2927/1774 2071/2414/1769 2074/2413/1768
f 2074/2413/1768 2522/2914/1775 2535/2927/1774
f 2355/2709/1778 2354/2708/1910 2770/3190/1771
f 2770/3190/1771 2771/3189/1779 2355/2709/1778
f 2337/2691/1783 2336/2690/1766 2486/2878/1765
f 2486/2878/1765 2532/2925/1785 2337/2691/1783
f 2784/3202/1782 2075/2418/1767 2078/2417/1766
f 2078/2417/1766 2783/3203/1783 2784/3202/1782
f 2785/3204/1793 2054/2397/1763 2057/2396/1762
f 2057/2396/1762 2511/2903/1908 2785/3204/1793
f 2786/3205/1787 2067/2410/1770 2069/2409/1767
f 2069/2409/1767 2776/3193/1782 2786/3205/1787
f 2109/2451/1787 2066/2408/1770 2062/2405/1767
f 2062/2405/1767 2093/2436/1782 2109/2451/1787
f 2417/3018/1849 2240/2591/1861 2243/2590/1851
f 2243/2590/1851 2628/3043/1709 2417/3018/1849
f 2789/3206/1685 2740/3207/1729 2787/3208/1705
f 2787/3208/1705 2788/3209/1704 2789/3206/1685
f 2382/2744/1682 2381/2743/1912 2740/3207/1729
f 2740/3207/1729 2789/3206/1685 2382/2744/1682
f 2363/2718/1685 1977/2717/1729 1976/2740/1705
f 1976/2740/1705 2379/2739/1704 2363/2718/1685
f 2388/3210/1688 2790/3211/1915 2380/2742/1687
f 2380/2742/1687 2383/2741/1686 2388/3210/1688
f 2791/3212/1690 2449/3213/1918 2790/3211/1915
f 2790/3211/1915 2388/3210/1688 2791/3212/1690
f 2792/3214/1692 2450/3215/1693 2449/3213/1918
f 2449/3213/1918 2791/3212/1690 2792/3214/1692
f 2794/3216/1694 2793/3217/1718 2450/3215/1693
f 2450/3215/1693 2792/3214/1692 2794/3216/1694
f 2796/3218/1696 2795/3219/1697 2793/3220/1718
f 2793/3220/1718 2794/3221/1694 2796/3218/1696
f 2798/3222/1698 2797/3223/1699 2795/3219/1697
f 2795/3219/1697 2796/3218/1696 2798/3222/1698
f 2800/3224/1700 2799/3225/1917 2797/3223/1699
f 2797/3223/1699 2798/3222/1698 2800/3224/1700
f 2802/3226/1702 2801/3227/1913 2799/3225/1917
f 2799/3225/1917 2800/3224/1700 2802/3226/1702
f 2806/3228/1696 2803/3229/1725 2804/3230/1725
f 2804/3230/1725 2805/3231/1698 2806/3228/1696
f 2810/3232/1682 2807/3233/1725 2808/3234/1725
f 2808/3234/1725 2809/3235/1686 2810/3232/1682
f 2814/3236/1682 2811/3237/1725 2812/3238/1725
f 2812/3238/1725 2813/3239/1686 2814/3236/1682
f 2800/3240/1700 2815/3241/1725 2816/3242/1725
f 2816/3242/1725 2802/3243/1702 2800/3240/1700
f 2791/3244/1690 2817/3245/1725 2818/3246/1725
f 2818/3246/1725 2792/3247/1692 2791/3244/1690
f 2820/3248/1685 2819/3249/1725 2811/3237/1725
f 2811/3237/1725 2814/3236/1682 2820/3248/1685
f 2382/3250/1682 1996/2327/1725 1995/2330/1725
f 1995/2330/1725 2383/2749/1686 2382/3250/1682
f 2824/3251/1702 2821/3252/1725 2822/3253/1725
f 2822/3253/1725 2823/3254/1704 2824/3251/1702
f 2827/3255/1694 2825/3256/1725 2457/2830/1725
f 2457/2830/1725 2826/3257/1696 2827/3255/1694
f 2379/3258/1704 2189/2531/1725 2188/2534/1725
f 2188/2534/1725 2363/3259/1685 2379/3258/1704
f 2831/3260/1690 2828/3261/1725 2829/3262/1725
f 2829/3262/1725 2830/3263/1692 2831/3260/1690
f 2835/3264/1698 2832/3265/1725 2833/3266/1725
f 2833/3266/1725 2834/3267/1700 2835/3264/1698
f 2839/3268/1725 2836/3269/1725 2837/3270/1725
f 2837/3270/1725 2838/3271/1725 2839/3268/1725
f 2812/3238/1725 2840/3272/1725 2841/3273/1725
f 2841/3273/1725 2842/3274/1725 2812/3238/1725
f 2846/3275/1854 2843/3276/1741 2844/3277/1739
f 2844/3277/1739 2845/3278/1740 2846/3275/1854
f 2804/3230/1725 2847/3279/1725 2848/3280/1725
f 2848/3280/1725 2849/3281/1725 2804/3230/1725
f 2852/3282/1725 2850/3283/1725 2851/3284/1725
f 2851/3284/1725 2832/3265/1725 2852/3282/1725
f 2838/3271/1725 2837/3270/1725 2850/3283/1725
f 2850/3283/1725 2852/3282/1725 2838/3271/1725
f 2856/3285/1897 2853/3286/1706 2854/3287/1709
f 2854/3287/1709 2855/3288/1898 2856/3285/1897
f 2860/3289/1725 2857/3290/1725 2858/3291/1725
f 2858/3291/1725 2859/3292/1725 2860/3289/1725
f 2639/3056/1835 2629/3046/1934 2631/3048/1740
f 2631/3048/1740 2635/3052/1741 2639/3056/1835
f 2821/3252/1725 2861/3293/1725 2862/3294/1725
f 2862/3294/1725 2822/3253/1725 2821/3252/1725
f 1894/3295/1695 2040/3296/1717 1997/2332/1733
f 1997/2332/1733 1892/2331/1693 1894/3295/1695
f 2866/3297/1735 2863/3298/1736 2864/3299/1919
f 2864/3299/1919 2865/3300/1738 2866/3297/1735
f 2867/3301/1725 2868/3302/1725 2869/3303/1725
f 2868/3302/1725 2870/3304/1725 2869/3303/1725
f 2870/3304/1725 2871/3305/1725 2869/3303/1725
f 2871/3305/1725 2858/3291/1725 2869/3303/1725
f 2858/3291/1725 2857/3290/1725 2869/3303/1725
f 2857/3290/1725 2872/3306/1725 2869/3303/1725
f 2872/3306/1725 2873/3307/1725 2869/3303/1725
f 2873/3307/1725 2874/3308/1725 2869/3303/1725
f 2874/3308/1725 2018/2354/1725 2869/3303/1725
f 2018/2354/1725 1994/2329/1725 2869/3303/1725
f 1994/2329/1725 1993/2328/1725 2869/3303/1725
f 1993/2328/1725 2867/3301/1725 2869/3303/1725
f 2877/3309/1703 2026/3310/1748 2875/3311/1920
f 2875/3311/1920 2876/3312/1701 2877/3309/1703
f 2879/3313/1842 2053/3314/1716 2052/3315/1761
f 2052/3315/1761 2878/3316/1695 2879/3313/1842
f 2883/3317/1689 2880/3318/1916 2881/3319/1714
f 2881/3319/1714 2882/3320/1687 2883/3317/1689
f 2887/3321/1693 2884/3322/1733 2885/3323/1734
f 2885/3323/1734 2886/3324/1691 2887/3321/1693
f 2795/3325/1697 2023/3326/1743 2022/3327/1717
f 2022/3327/1717 2793/3328/1718 2795/3325/1697
f 2793/3328/1718 2022/3327/1717 2447/2824/1733
f 2447/2824/1733 2450/2823/1693 2793/3328/1718
f 2380/3329/1687 2888/3330/1714 2738/3156/1950
f 2738/3156/1950 2381/3155/1912 2380/3329/1687
f 2886/3324/1691 2885/3323/1734 2880/3318/1916
f 2880/3318/1916 2883/3317/1689 2886/3324/1691
f 2882/3320/1687 2881/3319/1714 2889/3331/1715
f 2889/3331/1715 2890/3332/1912 2882/3320/1687
f 2893/3333/1701 2891/3334/1756 2482/3335/1759
f 2482/3335/1759 2892/3336/1699 2893/3333/1701
f 2876/3312/1701 2875/3311/1920 2894/3337/1759
f 2894/3337/1759 2895/3338/1699 2876/3312/1701
f 2740/3158/1729 2739/3157/1951 2896/3339/1731
f 2896/3339/1731 2787/3340/1705 2740/3158/1729
f 2681/3099/1870 2897/3341/1874 2898/3342/1856
f 2898/3342/1856 2682/3100/1741 2681/3099/1870
f 2896/3343/1731 2899/3344/1746 2900/3345/1751
f 2900/3345/1751 2901/3346/1921 2896/3343/1731
f 2407/2866/1748 2478/2865/1747 2042/2385/1757
f 2042/2385/1757 2045/2384/1756 2407/2866/1748
f 2880/3347/1916 2902/3348/1752 2903/3349/1755
f 2903/3349/1755 2881/3350/1714 2880/3347/1916
f 2888/3351/1714 2904/3352/1755 2905/3353/1922
f 2905/3353/1922 2738/3354/1950 2888/3351/1714
f 2385/3355/1748 2499/2891/1747 2498/2890/1924
f 2498/2890/1924 2438/3356/1756 2385/3355/1748
f 2907/3357/1916 2906/3358/1752 2904/3352/1755
f 2904/3352/1755 2888/3351/1714 2907/3357/1916
f 2911/3359/1920 2908/3360/1924 2909/3361/1758
f 2909/3361/1758 2910/3362/1759 2911/3359/1920
f 2032/2371/1748 2031/2370/1751 2912/3363/1924
f 2912/3363/1924 2913/3364/1920 2032/2371/1748
f 2917/3365/1731 2914/3366/1746 2915/3367/1747
f 2915/3367/1747 2916/3368/1748 2917/3365/1731
f 2919/3369/1730 2918/3370/1754 2914/3371/1746
f 2914/3371/1746 2917/3372/1731 2919/3369/1730
f 2468/2848/1743 2055/2398/1760 2503/2894/1925
f 2503/2894/1925 2920/3373/1761 2468/2848/1743
f 2341/2695/1770 2921/3374/1768 2922/3375/1753
f 2922/3375/1753 2923/3376/1755 2341/2695/1770
f 2925/3377/1771 2924/3378/1910 2900/3345/1751
f 2900/3345/1751 2899/3344/1746 2925/3377/1771
f 2319/2668/1906 2926/3379/1811 2927/3380/1817
f 2927/3380/1817 2928/3381/1818 2319/2668/1906
f 2772/3191/1770 2359/2713/1768 2929/3382/1753
f 2929/3382/1753 2903/3349/1755 2772/3191/1770
f 2932/3383/1764 2930/3384/1765 2931/3385/1749
f 2931/3385/1749 2021/3386/1745 2932/3383/1764
f 2359/2713/1768 2358/2712/1769 2918/3370/1754
f 2918/3370/1754 2929/3382/1753 2359/2713/1768
f 2934/3387/1765 2774/3194/1766 2485/2876/1923
f 2485/2876/1923 2933/3388/1749 2934/3387/1765
f 2935/3389/1909 2322/2676/1762 2909/3361/1758
f 2909/3361/1758 2908/3360/1924 2935/3389/1909
f 2939/3390/1910 2936/3391/1909 2937/3392/1757
f 2937/3392/1757 2938/3393/1751 2939/3390/1910
f 2770/3190/1771 2354/2708/1910 2478/2865/1747
f 2478/2865/1747 2477/2864/1746 2770/3190/1771
f 2941/3394/1909 2332/2686/1762 2481/2872/1758
f 2481/2872/1758 2940/3395/1924 2941/3394/1909
f 2944/3396/1768 2942/3397/1769 2943/3398/1754
f 2943/3398/1754 2905/3353/1922 2944/3396/1768
f 2948/3399/1773 2945/3400/1776 2946/3401/1779
f 2946/3401/1779 2947/3402/1774 2948/3399/1773
f 2951/3403/1778 2949/3404/1910 2079/2422/1771
f 2079/2422/1771 2950/3405/1779 2951/3403/1778
f 2114/2457/1777 2952/3406/1788 2953/3407/1789
f 2953/3407/1789 2115/2458/1778 2114/2457/1777
f 2537/2930/1907 2516/2905/1790 2324/2674/1793
f 2324/2674/1793 2323/2677/1908 2537/2930/1907
f 2955/3408/1773 2117/2456/1776 2116/2459/1779
f 2116/2459/1779 2954/3409/1774 2955/3408/1773
f 2957/3410/1772 2956/3411/1773 2361/2711/1774
f 2361/2711/1774 2360/2714/1775 2957/3410/1772
f 2102/2444/1788 2320/2673/1907 2958/3412/1908
f 2958/3412/1908 2103/2445/1789 2102/2444/1788
f 2962/3413/1791 2959/3414/1784 2960/3415/1785
f 2960/3415/1785 2961/3416/1792 2962/3413/1791
f 2966/3417/1780 2963/3418/1781 2964/3419/1911
f 2964/3419/1911 2965/3420/1783 2966/3417/1780
f 2320/2672/1907 2107/2446/1790 2106/2449/1793
f 2106/2449/1793 2958/3421/1908 2320/2672/1907
f 2766/3186/1788 2967/3422/1907 2333/2687/1908
f 2333/2687/1908 2968/3423/1789 2766/3186/1788
f 2971/3424/1907 2969/3425/1790 2970/3426/1793
f 2970/3426/1793 2328/2678/1908 2971/3424/1907
f 2758/3177/1952 2584/2979/1814 2206/2550/1815
f 2206/2550/1815 2759/3175/1816 2758/3177/1952
f 2973/3427/1818 2972/3428/1817 2544/2937/1820
f 2544/2937/1820 2547/2936/1798 2973/3427/1818
f 2977/3429/1794 2974/3430/1819 2975/3431/1796
f 2975/3431/1796 2976/3432/1797 2977/3429/1794
f 2762/3180/1816 2195/2541/1815 2118/2461/1795
f 2118/2461/1795 2121/2460/1794 2762/3180/1816
f 2978/3433/1813 2196/2538/1814 2195/2541/1815
f 2195/2541/1815 2762/3180/1816 2978/3433/1813
f 2982/3434/1809 2979/3435/1810 2980/3436/1814
f 2980/3436/1814 2981/3437/1813 2982/3434/1809
f 2986/3438/1802 2983/3439/1803 2984/3440/1804
f 2984/3440/1804 2985/3441/1805 2986/3438/1802
f 2990/3442/1797 2987/3443/1796 2988/3444/1803
f 2988/3444/1803 2989/3445/1802 2990/3442/1797
f 2994/3446/1813 2991/3447/1814 2992/3448/1815
f 2992/3448/1815 2993/3449/1816 2994/3446/1813
f 2996/3450/1816 2995/3451/1815 2974/3430/1819
f 2974/3430/1819 2977/3429/1794 2996/3450/1816
f 2769/3185/1801 2997/3452/1800 2998/3453/1807
f 2998/3453/1807 2999/3454/1806 2769/3185/1801
f 2768/3188/1798 3000/3455/1799 2997/3452/1800
f 2997/3452/1800 2769/3185/1801 2768/3188/1798
f 2995/3451/1815 3001/3456/1827 3002/3457/1826
f 3002/3457/1826 2974/3430/1819 2995/3451/1815
f 2983/3439/1803 3003/3458/1824 3004/3459/1823
f 3004/3459/1823 2984/3440/1804 2983/3439/1803
f 2788/3209/1704 2787/3208/1705 2801/3227/1913
f 2801/3227/1913 2802/3226/1702 2788/3209/1704
f 2975/3431/1796 3005/3460/1953 3003/3458/1824
f 3003/3458/1824 2983/3439/1803 2975/3431/1796
f 2972/3428/1817 3006/3461/1954 3007/3462/1926
f 3007/3462/1926 2544/2937/1820 2972/3428/1817
f 2984/3440/1804 3004/3459/1823 3008/3463/1821
f 3008/3463/1821 3009/3464/1811 2984/3440/1804
f 3013/3465/1709 3010/3466/1851 3011/3467/1846
f 3011/3467/1846 3012/3468/1838 3013/3465/1709
f 2400/3469/1737 3014/3470/1867 3015/3471/1866
f 3015/3471/1866 2401/3472/1914 2400/3469/1737
f 2974/3430/1819 3002/3457/1826 3005/3460/1953
f 3005/3460/1953 2975/3431/1796 2974/3430/1819
f 3019/3473/1796 3016/3474/1955 3017/3475/1956
f 3017/3475/1956 3018/3476/1803 3019/3473/1796
f 3023/3477/1712 3020/3478/1841 3021/3479/1864
f 3021/3479/1864 3022/3480/1719 3023/3477/1712
f 2979/3435/1810 3024/3481/1957 3025/3482/1828
f 3025/3482/1828 2980/3436/1814 2979/3435/1810
f 3029/3483/1835 3026/3484/1740 3027/3485/1741
f 3027/3485/1741 3028/3486/1742 3029/3483/1835
f 3033/3487/1686 3030/3488/1725 3031/3489/1725
f 3031/3489/1725 3032/3490/1688 3033/3487/1686
f 3037/3491/1721 3034/3492/1722 3035/3493/1726
f 3035/3493/1726 3036/3494/1724 3037/3491/1721
f 3041/3495/1713 3038/3496/1712 3039/3497/1719
f 3039/3497/1719 3040/3498/1720 3041/3495/1713
f 3036/3494/1724 3035/3493/1726 3042/3499/1727
f 3042/3499/1727 3043/3500/1728 3036/3494/1724
f 2369/3501/1690 3044/3502/1725 1945/2265/1725
f 1945/2265/1725 2370/3503/1692 2369/3501/1690
f 3047/3504/1724 3045/3505/1723 2613/3506/1727
f 2613/3506/1727 3046/3507/1728 3047/3504/1724
f 3051/3508/1837 3048/3509/1838 3049/3510/1722
f 3049/3510/1722 3050/3511/1721 3051/3508/1837
f 2432/2805/1710 2431/2804/1711 3038/3496/1712
f 3038/3496/1712 3041/3495/1713 2432/2805/1710
f 2729/3147/1949 3052/3512/1709 3048/3509/1838
f 3048/3509/1838 3051/3508/1837 2729/3147/1949
f 3056/3513/1901 3053/3514/1914 3054/3515/1711
f 3054/3515/1711 3055/3516/1710 3056/3513/1901
f 2811/3237/1725 3057/3517/1725 2840/3272/1725
f 2840/3272/1725 2812/3238/1725 2811/3237/1725
f 2544/2937/1820 3007/3462/1926 3058/3518/1831
f 3058/3518/1831 2545/2938/1800 2544/2937/1820
f 3054/3519/1711 3059/3520/1958 3020/3478/1841
f 3020/3478/1841 3023/3477/1712 3054/3519/1711
f 3053/3521/1914 3060/3522/1866 3059/3520/1958
f 3059/3520/1958 3054/3519/1711 3053/3521/1914
f 3062/3523/1919 3061/3524/1867 3060/3522/1866
f 3060/3522/1866 3053/3521/1914 3062/3523/1919
f 2612/3024/1834 2611/3023/1931 3061/3524/1867
f 3061/3524/1867 3062/3523/1919 2612/3024/1834
f 2007/3032/1737 2619/3031/1867 2614/3026/1866
f 2614/3026/1866 2617/3025/1914 2007/3032/1737
f 3045/3525/1723 3063/3526/1848 2610/3022/1844
f 2610/3022/1844 2613/3021/1727 3045/3525/1723
f 3049/3527/1722 3064/3528/1959 3063/3526/1848
f 3063/3526/1848 3045/3525/1723 3049/3527/1722
f 3048/3529/1838 3065/3530/1846 3064/3528/1959
f 3064/3528/1959 3049/3527/1722 3048/3529/1838
f 3069/3531/1807 3066/3532/1830 3067/3533/1829
f 3067/3533/1829 3068/3534/1808 3069/3531/1807
f 3073/3535/1709 3070/3536/1851 3071/3537/1846
f 3071/3537/1846 3072/3538/1838 3073/3535/1709
f 3022/3480/1719 3021/3479/1864 3074/3539/1861
f 3074/3539/1861 3075/3540/1706 3022/3480/1719
f 3076/3541/1934 3077/3542/1960 3078/3543/1740
f 3078/3543/1740 3079/3544/1853 3080/3545/1854
f 3080/3545/1854 2683/3101/1855 2682/3100/1741
f 3078/3543/1740 3080/3545/1854 2682/3100/1741
f 2682/3100/1741 2898/3342/1856 3081/3546/1742
f 3081/3546/1742 3082/3547/1857 3083/3548/1835
f 2682/3100/1741 3081/3546/1742 3083/3548/1835
f 2368/2784/1688 1970/2295/1725 3044/3502/1725
f 3044/3502/1725 2369/3501/1690 2368/2784/1688
f 3084/3549/1858 3076/3541/1934 3083/3548/1835
f 2574/2969/1866 2573/2968/1867 2663/3080/1868
f 2663/3080/1868 3085/3550/1869 2574/2969/1866
f 3089/3551/1866 3086/3552/1867 3087/3553/1961
f 3087/3553/1961 3088/3554/1869 3089/3551/1866
f 3086/3552/1867 2667/3081/1931 2666/3084/1873
f 2666/3084/1873 3087/3553/1961 3086/3552/1867
f 3091/3555/1958 3089/3551/1866 3088/3554/1869
f 3088/3554/1869 3090/3556/1859 3091/3555/1958
f 3095/3557/1864 3092/3558/1841 3093/3559/1860
f 3093/3559/1860 3094/3560/1865 3095/3557/1864
f 3063/3526/1848 3064/3528/1959 2897/3341/1874
f 2897/3341/1874 2681/3099/1870 3063/3526/1848
f 3059/3520/1958 3060/3522/1866 3096/3561/1875
f 3096/3561/1875 3097/3562/1859 3059/3520/1958
f 3060/3522/1866 3061/3524/1867 3098/3563/1868
f 3098/3563/1868 3096/3561/1875 3060/3522/1866
f 2619/3031/1867 2618/3030/1931 2646/3063/1873
f 2646/3063/1873 3099/3564/1961 2619/3031/1867
f 3103/3565/1933 3100/3566/1846 3101/3567/1872
f 3101/3567/1872 3102/3568/1874 3103/3565/1933
f 2661/3078/1845 3104/3569/1844 3105/3570/1939
f 3105/3570/1939 2662/3079/1873 2661/3078/1845
f 3109/3571/1851 3106/3572/1861 3107/3573/1862
f 3107/3573/1862 3108/3574/1962 3109/3571/1851
f 3107/3573/1862 3094/3560/1865 3110/3575/1858
f 3110/3575/1858 2844/3277/1739 3107/3573/1862
f 3112/3576/1862 3111/3577/1865 3084/3549/1858
f 3084/3549/1858 3083/3548/1835 3112/3576/1862
f 3098/3563/1868 3113/3578/1873 3080/3545/1854
f 3080/3545/1854 3079/3544/1853 3098/3563/1868
f 3111/3577/1865 3114/3579/1860 3076/3541/1934
f 3076/3541/1934 3084/3549/1858 3111/3577/1865
f 2665/3083/1871 3115/3580/1870 2843/3276/1741
f 2843/3276/1741 3116/3581/1855 2665/3083/1871
f 3087/3553/1961 2666/3084/1873 2846/3275/1854
f 2846/3275/1854 3117/3582/1853 3087/3553/1961
f 3121/3583/1942 3118/3584/1896 3119/3585/1897
f 3119/3585/1897 3120/3586/1929 3121/3583/1942
f 2897/3341/1874 3122/3587/1872 3081/3546/1742
f 3081/3546/1742 2898/3342/1856 2897/3341/1874
f 3115/3580/1870 3102/3568/1874 3123/3588/1937
f 3123/3588/1937 2843/3276/1741 3115/3580/1870
f 3097/3562/1859 3096/3561/1875 3078/3543/1740
f 3078/3543/1740 3077/3542/1960 3097/3562/1859
f 3101/3567/1872 3108/3574/1962 3124/3589/1938
f 3124/3589/1938 3125/3590/1742 3101/3567/1872
f 3108/3574/1962 3107/3573/1862 2844/3277/1739
f 2844/3277/1739 3124/3589/1938 3108/3574/1962
f 2204/2552/1826 2203/2551/1839 2301/2651/1899
f 2301/2651/1899 2314/2667/1882 2204/2552/1826
f 3129/3591/1822 3126/3592/1821 3127/3593/1878
f 3127/3593/1878 3128/3594/1879 3129/3591/1822
f 3005/3460/1953 3002/3457/1826 3130/3595/1963
f 3130/3595/1963 3131/3596/1889 3005/3460/1953
f 3007/3462/1926 3006/3461/1954 3132/3597/1903
f 3132/3597/1903 2727/3145/1948 3007/3462/1926
f 3006/3461/1954 3008/3463/1821 3133/3598/1964
f 3133/3598/1964 3132/3597/1903 3006/3461/1954
f 3025/3482/1828 3024/3481/1957 3134/3599/1884
f 3134/3599/1884 3135/3600/1893 3025/3482/1828
f 3024/3481/1957 3136/3601/1843 3137/3602/1943
f 3137/3602/1943 3134/3599/1884 3024/3481/1957
f 2194/2540/1839 2193/2539/1828 2726/3143/1895
f 2726/3143/1895 2717/3134/1899 2194/2540/1839
f 3126/3592/1821 3138/3603/1823 3139/3604/1887
f 3139/3604/1887 3127/3593/1878 3126/3592/1821
f 2578/2972/1926 2577/2971/1822 2737/3153/1879
f 2737/3153/1879 3140/3605/1902 2578/2972/1926
f 2208/2556/1843 2207/2555/1831 3141/3606/1885
f 3141/3606/1885 3142/3607/1965 2208/2556/1843
f 3146/3608/1828 3143/3609/1829 3144/3610/1884
f 3144/3610/1884 3145/3611/1895 3146/3608/1828
f 3132/3597/1903 3133/3598/1964 3147/3612/1966
f 3147/3612/1966 3148/3613/1967 3132/3597/1903
f 3144/3610/1884 3149/3614/1943 3150/3615/1837
f 3150/3615/1837 3037/3491/1721 3144/3610/1884
f 3131/3596/1889 3130/3595/1963 3151/3616/1735
f 3151/3616/1735 3152/3617/1738 3131/3596/1889
f 3130/3595/1963 3153/3618/1881 3046/3507/1728
f 3046/3507/1728 3151/3616/1735 3130/3595/1963
f 2714/3132/1882 2717/3134/1899 2398/2762/1728
f 2398/2762/1728 2607/3015/1930 2714/3132/1882
f 2722/3139/1946 3140/3605/1902 2418/2788/1897
f 2418/2788/1897 3154/3619/1898 2722/3139/1946
f 2717/3134/1899 2726/3143/1895 2399/2759/1724
f 2399/2759/1724 2398/2762/1728 2717/3134/1899
f 3156/3620/1890 3155/3621/1905 2865/3300/1738
f 2865/3300/1738 2433/2802/1901 3156/3620/1890
f 3159/3622/1905 3157/3623/1886 2170/2516/1735
f 2170/2516/1735 3158/3624/1968 3159/3622/1905
f 3139/3604/1887 3156/3620/1890 2433/2802/1901
f 2433/2802/1901 2432/2805/1710 3139/3604/1887
f 2715/3133/1945 2714/3132/1882 2607/3015/1930
f 2607/3015/1930 2594/2996/1927 2715/3133/1945
f 3163/3625/1943 3160/3626/1946 3161/3627/1898
f 3161/3627/1898 3162/3628/1837 3163/3625/1943
f 2928/3381/1818 3164/3629/1776 2316/2669/1773
f 2316/2669/1773 2319/2668/1906 2928/3381/1818
f 3168/3630/1805 3165/3631/1772 3166/3632/1786
f 3166/3632/1786 3167/3633/1802 3168/3630/1805
f 2562/2953/1812 2534/2926/1773 2521/2913/1772
f 2521/2913/1772 2557/2950/1805 2562/2953/1812
f 2986/3438/1802 2098/2441/1786 2101/2440/1781
f 2101/2440/1781 2976/3432/1797 2986/3438/1802
f 2977/3429/1794 3169/3634/1780 3170/3635/1784
f 3170/3635/1784 2996/3450/1816 2977/3429/1794
f 3174/3636/1952 3171/3637/1791 3172/3638/1790
f 3172/3638/1790 3173/3639/1969 3174/3636/1952
f 3173/3639/1969 3172/3638/1790 2967/3422/1907
f 2967/3422/1907 2999/3454/1806 3173/3639/1969
f 2543/2932/1816 3175/3640/1784 3171/3637/1791
f 3171/3637/1791 3174/3636/1952 2543/2932/1816
f 2990/3442/1797 2963/3418/1781 2966/3417/1780
f 2966/3417/1780 2542/2935/1794 2990/3442/1797
f 3179/3641/1809 3176/3642/1790 3177/3643/1907
f 3177/3643/1907 3178/3644/1806 3179/3641/1809
f 3183/3645/1812 3180/3646/1773 3181/3647/1772
f 3181/3647/1772 3182/3648/1805 3183/3645/1812
f 2318/3649/1805 2317/3650/1772 3184/3651/1786
f 3184/3651/1786 3185/3652/1802 2318/3649/1805
f 2946/3401/1779 2925/3377/1771 2942/3397/1769
f 2942/3397/1769 2947/3402/1774 2946/3401/1779
f 3189/3653/1970 3186/3654/1829 3187/3655/1884
f 3187/3655/1884 3188/3656/1895 3189/3653/1970
f 2775/3195/1783 2774/3194/1766 2934/3387/1765
f 2934/3387/1765 2507/2899/1785 2775/3195/1783
f 3192/3657/1783 3190/3658/1766 2930/3384/1765
f 2930/3384/1765 3191/3659/1785 3192/3657/1783
f 2323/2677/1908 2322/2676/1762 2935/3389/1909
f 2935/3389/1909 2538/2931/1789 2323/2677/1908
f 2964/3419/1911 3193/3660/1767 3194/3661/1766
f 3194/3661/1766 2965/3420/1783 2964/3419/1911
f 2965/3420/1783 3194/3661/1766 3195/3662/1765
f 3195/3662/1765 3196/3663/1785 2965/3420/1783
f 3196/3663/1785 3195/3662/1765 3197/3664/1764
f 3197/3664/1764 3198/3665/1792 3196/3663/1785
f 3202/3666/1782 3199/3667/1767 3200/3668/1766
f 3200/3668/1766 3201/3669/1783 3202/3666/1782
f 3206/3670/1778 3203/3671/1910 3204/3672/1771
f 3204/3672/1771 3205/3673/1779 3206/3670/1778
f 3209/3674/1792 3207/3675/1764 2488/2880/1763
f 2488/2880/1763 3208/3676/1793 3209/3674/1792
f 3210/3677/1778 2924/3378/1910 2925/3377/1771
f 2925/3377/1771 2946/3401/1779 3210/3677/1778
f 3075/3540/1706 3074/3539/1861 3211/3678/1851
f 3211/3678/1851 3052/3679/1709 3075/3540/1706
f 3215/3680/1685 3212/3681/1729 3213/3682/1705
f 3213/3682/1705 3214/3683/1704 3215/3680/1685
f 3217/3684/1682 3216/3685/1912 3212/3681/1729
f 3212/3681/1729 3215/3680/1685 3217/3684/1682
f 3219/3686/1686 3218/3687/1687 3216/3685/1912
f 3216/3685/1912 3217/3684/1682 3219/3686/1686
f 3221/3688/1688 3220/3689/1915 3218/3687/1687
f 3218/3687/1687 3219/3686/1686 3221/3688/1688
f 3223/3690/1690 3222/3691/1918 3220/3689/1915
f 3220/3689/1915 3221/3688/1688 3223/3690/1690
f 3225/3692/1692 3224/3693/1693 3222/3694/1918
f 3222/3694/1918 3223/3695/1690 3225/3692/1692
f 3226/3696/1694 1920/3697/1718 3224/3693/1693
f 3224/3693/1693 3225/3692/1692 3226/3696/1694
f 2806/3698/1696 1921/3699/1697 1920/3697/1718
f 1920/3697/1718 3226/3696/1694 2806/3698/1696
f 2805/3700/1698 2409/3701/1699 1921/3699/1697
f 1921/3699/1697 2806/3698/1696 2805/3700/1698
f 3228/3702/1700 3227/3703/1917 2409/3701/1699
f 2409/3701/1699 2805/3700/1698 3228/3702/1700
f 3230/3704/1702 3229/3705/1913 3227/3703/1917
f 3227/3703/1917 3228/3702/1700 3230/3704/1702
f 3234/3706/1690 3231/3707/1725 3232/3708/1725
f 3232/3708/1725 3233/3709/1692 3234/3706/1690
f 3225/3710/1692 3235/3711/1725 3236/3712/1725
f 3236/3712/1725 3226/3713/1694 3225/3710/1692
f 3240/3714/1688 3237/3715/1725 3238/3716/1725
f 3238/3716/1725 3239/3717/1690 3240/3714/1688
f 3244/3718/1698 3241/3719/1725 3242/3720/1725
f 3242/3720/1725 3243/3721/1700 3244/3718/1698
f 3248/3722/1686 3245/3723/1725 3246/3724/1725
f 3246/3724/1725 3247/3725/1688 3248/3722/1686
f 3251/3726/1694 2001/2338/1725 3249/3727/1725
f 3249/3727/1725 3250/3728/1696 3251/3726/1694
f 3252/3729/1692 2002/2335/1725 2001/2338/1725
f 2001/2338/1725 3251/3726/1694 3252/3729/1692
f 3239/3717/1690 3238/3716/1725 2002/2335/1725
f 2002/2335/1725 3252/3729/1692 3239/3717/1690
f 3215/3730/1685 3253/3731/1725 3254/3732/1725
f 3254/3732/1725 3217/3733/1682 3215/3730/1685
f 2405/2770/1687 2049/2769/1714 2048/3734/1715
f 2048/3734/1715 3255/3735/1912 2405/2770/1687
f 3219/3736/1686 3256/3737/1725 3257/3738/1725
f 3257/3738/1725 3221/3739/1688 3219/3736/1686
f 3247/3725/1688 3246/3724/1725 3231/3707/1725
f 3231/3707/1725 3234/3706/1690 3247/3725/1688
f 2829/3262/1725 3258/3740/1725 3259/3741/1725
f 3259/3741/1725 2825/3256/1725 2829/3262/1725
f 3262/3742/1725 3260/3743/1725 3261/3744/1725
f 3261/3744/1725 3235/3711/1725 3262/3742/1725
f 3242/3720/1725 3263/3745/1725 2426/2799/1725
f 2426/2799/1725 2429/2798/1725 3242/3720/1725
f 3030/3488/1725 3264/3746/1725 3265/3747/1725
f 3265/3747/1725 3031/3489/1725 3030/3488/1725
f 2816/3242/1725 2870/3304/1725 2868/3302/1725
f 2868/3302/1725 3266/3748/1725 2816/3242/1725
f 3270/3749/1683 3267/3750/1715 3268/3751/1730
f 3268/3751/1730 3269/3752/1684 3270/3749/1683
f 3274/3753/1725 3271/3754/1725 3272/3755/1725
f 3272/3755/1725 3273/3756/1725 3274/3753/1725
f 3238/3716/1725 3275/3757/1725 1999/2336/1725
f 1999/2336/1725 2002/2335/1725 3238/3716/1725
f 2001/2338/1725 2000/2337/1725 3276/3758/1725
f 3276/3758/1725 3249/3727/1725 2001/2338/1725
f 3245/3723/1725 3277/3759/1725 3278/3760/1725
f 3278/3760/1725 3246/3724/1725 3245/3723/1725
f 3273/3756/1725 3272/3755/1725 3277/3759/1725
f 3277/3759/1725 3245/3723/1725 3273/3756/1725
f 2410/2778/1725 3279/3761/1725 3280/3762/1725
f 3280/3762/1725 2411/2779/1725 2410/2778/1725
f 3281/3763/1725 3282/3764/1725 3283/3765/1725
f 3282/3764/1725 3284/3766/1725 3283/3765/1725
f 3284/3766/1725 2848/3280/1725 3283/3765/1725
f 2848/3280/1725 2847/3279/1725 3283/3765/1725
f 2847/3279/1725 3285/3767/1725 3283/3765/1725
f 3285/3767/1725 3286/3768/1725 3283/3765/1725
f 3286/3768/1725 3261/3744/1725 3283/3765/1725
f 3261/3744/1725 3260/3743/1725 3283/3765/1725
f 3260/3743/1725 3287/3769/1725 3283/3765/1725
f 3287/3769/1725 3288/3770/1725 3283/3765/1725
f 3288/3770/1725 3289/3771/1725 3283/3765/1725
f 3289/3771/1725 3281/3763/1725 3283/3765/1725
f 3213/3772/1705 3290/3773/1731 3291/3774/1921
f 3291/3774/1921 3229/3775/1913 3213/3772/1705
f 2307/2659/1901 2453/2829/1914 1940/2264/1711
f 1940/2264/1711 1941/2263/1710 2307/2659/1901
f 3220/3776/1915 3292/3777/1916 3293/3778/1714
f 3293/3778/1714 3218/3779/1687 3220/3776/1915
f 2895/3338/1699 2894/3337/1759 3294/3780/1716
f 3294/3780/1716 3295/3781/1842 2895/3338/1699
f 3216/3782/1912 3296/3783/1715 3297/3784/1730
f 3297/3784/1730 3212/3785/1729 3216/3782/1912
f 3301/3786/1695 3298/3787/1761 3299/3788/1733
f 3299/3788/1733 3300/3789/1693 3301/3786/1695
f 3305/3790/1693 3302/3791/1733 3303/3792/1734
f 3303/3792/1734 3304/3793/1691 3305/3790/1693
f 3309/3794/1918 3306/3795/1734 3307/3796/1732
f 3307/3796/1732 3308/3797/1689 3309/3794/1918
f 3311/3798/1687 3310/3799/1714 3267/3750/1715
f 3267/3750/1715 3270/3749/1683 3311/3798/1687
f 3315/3800/1701 3312/3801/1756 3313/3802/1759
f 3313/3802/1759 3314/3803/1699 3315/3800/1701
f 3317/3804/1692 2598/3000/1725 2597/3003/1725
f 2597/3003/1725 3316/3805/1694 3317/3804/1692
f 2428/2801/1725 2427/2800/1725 3271/3754/1725
f 3271/3754/1725 3274/3753/1725 2428/2801/1725
f 3297/3806/1730 3318/3807/1754 3319/3808/1746
f 3319/3808/1746 3290/3809/1731 3297/3806/1730
f 2460/3810/1916 2492/2883/1752 2082/2425/1755
f 2082/2425/1755 2436/2858/1714 2460/3810/1916
f 3322/3811/1748 3320/3812/1747 3321/3813/1924
f 3321/3813/1924 3312/3814/1756 3322/3811/1748
f 3323/3815/1920 2937/3392/1757 2490/2882/1758
f 2490/2882/1758 2408/3816/1759 3323/3815/1920
f 3293/3817/1714 3324/3818/1755 3325/3819/1753
f 3325/3819/1753 3296/3820/1715 3293/3817/1714
f 3303/3821/1734 3326/3822/1923 3327/3823/1971
f 3327/3823/1971 3328/3824/1916 3303/3821/1734
f 3330/3825/1731 3329/3826/1746 3320/3812/1747
f 3320/3812/1747 3322/3811/1748 3330/3825/1731
f 3298/3827/1761 3331/3828/1745 3332/3829/1749
f 3332/3829/1749 3299/3830/1733 3298/3827/1761
f 3294/3831/1716 3333/3832/1972 3331/3828/1745
f 3331/3828/1745 3298/3827/1761 3294/3831/1716
f 2894/3833/1759 3334/3834/1758 3333/3832/1972
f 3333/3832/1972 3294/3831/1716 2894/3833/1759
f 3312/3814/1756 3321/3813/1924 3335/3835/1758
f 3335/3835/1758 3313/3836/1759 3312/3814/1756
f 2739/3837/1951 2943/3398/1754 2899/3344/1746
f 2899/3344/1746 2896/3343/1731 2739/3837/1951
f 2325/2679/1762 3336/3838/1763 3337/3839/1972
f 3337/3839/1972 3338/3840/1758 2325/2679/1762
f 3339/3841/1771 2939/3390/1910 2938/3393/1751
f 2938/3393/1751 3319/3808/1746 3339/3841/1771
f 3341/3842/1910 3340/3843/1909 3321/3813/1924
f 3321/3813/1924 3320/3812/1747 3341/3842/1910
f 2342/2696/1767 2341/2695/1770 2923/3376/1755
f 2923/3376/1755 3342/3844/1752 2342/2696/1767
f 2779/3199/1770 3343/3845/1768 3325/3819/1753
f 3325/3819/1753 3324/3818/1755 2779/3199/1770
f 2331/2685/1763 3197/3664/1764 2051/2394/1745
f 2051/2394/1745 2050/2393/1760 2331/2685/1763
f 2332/2686/1762 2331/2685/1763 2050/2393/1760
f 2050/2393/1760 2481/2872/1758 2332/2686/1762
f 3347/3846/1764 3344/3847/1765 3345/3848/1749
f 3345/3848/1749 3346/3849/1745 3347/3846/1764
f 3349/3850/1763 3347/3846/1764 3346/3849/1745
f 3346/3849/1745 3348/3851/1744 3349/3850/1763
f 3350/3852/1762 3349/3850/1763 3348/3851/1744
f 3348/3851/1744 3335/3835/1758 3350/3852/1762
f 2780/3200/1767 2779/3199/1770 3324/3818/1755
f 3324/3818/1755 3351/3853/1752 2780/3200/1767
f 3343/3845/1768 3352/3854/1769 3318/3807/1754
f 3318/3807/1754 3325/3819/1753 3343/3845/1768
f 2534/2926/1773 2760/3178/1776 2771/3189/1779
f 2771/3189/1779 2535/2927/1774 2534/2926/1773
f 3353/3855/1781 3166/3632/1786 2777/3197/1787
f 2777/3197/1787 3202/3856/1782 3353/3855/1781
f 3354/3857/1780 3353/3858/1781 3202/3666/1782
f 3202/3666/1782 3201/3669/1783 3354/3857/1780
f 3177/3643/1907 3176/3642/1790 3355/3859/1793
f 3355/3859/1793 3356/3860/1908 3177/3643/1907
f 3180/3646/1773 3357/3861/1776 3358/3862/1779
f 3358/3862/1779 3359/3863/1774 3180/3646/1773
f 3181/3647/1772 3180/3646/1773 3359/3863/1774
f 3359/3863/1774 3360/3864/1775 3181/3647/1772
f 3361/3865/1786 2957/3410/1772 2360/2714/1775
f 2360/2714/1775 2773/3192/1787 3361/3865/1786
f 2963/3418/1781 3361/3865/1786 2773/3192/1787
f 2773/3192/1787 2964/3419/1911 2963/3418/1781
f 3172/3638/1790 3171/3637/1791 3198/3665/1792
f 3198/3665/1792 2334/2684/1793 3172/3638/1790
f 3357/3861/1776 3362/3866/1777 3363/3867/1778
f 3363/3867/1778 3358/3862/1779 3357/3861/1776
f 2945/3400/1776 3364/3868/1777 3210/3677/1778
f 3210/3677/1778 2946/3401/1779 2945/3400/1776
f 2767/3187/1777 2766/3186/1788 2968/3423/1789
f 2968/3423/1789 3206/3670/1778 2767/3187/1777
f 3367/3869/1797 3365/3870/1796 3366/3871/1803
f 3366/3871/1803 3167/3633/1802 3367/3869/1797
f 3370/3872/1816 3368/3873/1815 3369/3874/1819
f 3369/3874/1819 2754/3172/1794 3370/3872/1816
f 2754/3172/1794 3369/3874/1819 3371/3875/1796
f 3371/3875/1796 2747/3166/1797 2754/3172/1794
f 3373/3876/1806 2209/2557/1807 2589/2985/1808
f 2589/2985/1808 3372/3877/1809 3373/3876/1806
f 3178/3644/1806 3374/3878/1807 3375/3879/1808
f 3375/3879/1808 3179/3641/1809 3178/3644/1806
f 3179/3641/1809 3375/3879/1808 3376/3880/1814
f 3376/3880/1814 3377/3881/1813 3179/3641/1809
f 3378/3882/1809 2591/2986/1808 2584/2979/1814
f 2584/2979/1814 2758/3177/1952 3378/3882/1809
f 3377/3881/1813 3376/3880/1814 3379/3883/1815
f 3379/3883/1815 3380/3884/1816 3377/3881/1813
f 2901/3346/1921 2900/3345/1751 2908/3360/1924
f 2908/3360/1924 2911/3359/1920 2901/3346/1921
f 3381/3885/1806 2587/2983/1807 2591/3886/1808
f 2591/3886/1808 3378/3887/1809 3381/3885/1806
f 3384/3888/1801 3382/3889/1800 3069/3531/1807
f 3069/3531/1807 3383/3890/1806 3384/3888/1801
f 2571/2966/1798 2570/2965/1799 3385/3891/1800
f 3385/3891/1800 2756/3173/1801 2571/2966/1798
f 3214/3683/1704 3213/3682/1705 3229/3705/1913
f 3229/3705/1913 3230/3704/1702 3214/3683/1704
f 3389/3892/1817 3386/3893/1822 3387/3894/1926
f 3387/3894/1926 3388/3895/1799 3389/3892/1817
f 3391/3896/1811 3390/3897/1821 3386/3893/1822
f 3386/3893/1822 3389/3892/1817 3391/3896/1811
f 2223/2573/1838 2222/2572/1846 3392/3898/1959
f 3392/3898/1959 3393/3899/1722 2223/2573/1838
f 3397/3900/1803 3394/3901/1824 3395/3902/1973
f 3395/3902/1973 3396/3903/1804 3397/3900/1803
f 3396/3903/1804 3395/3902/1973 3390/3897/1821
f 3390/3897/1821 3391/3896/1811 3396/3903/1804
f 3401/3904/1819 3398/3905/1826 3399/3906/1825
f 3399/3906/1825 3400/3907/1796 3401/3904/1819
f 3403/3908/1815 3402/3909/1839 3398/3910/1826
f 3398/3910/1826 3401/3911/1819 3403/3908/1815
f 3405/3912/1814 3404/3913/1828 3402/3909/1839
f 3402/3909/1839 3403/3908/1815 3405/3912/1814
f 2213/2561/1834 2212/2560/1845 2246/2597/1867
f 2246/2597/1867 2452/2977/1919 2213/2561/1834
f 2587/2983/1807 2586/2982/1843 2590/3914/1829
f 2590/3914/1829 2591/3886/1808 2587/2983/1807
f 2589/2985/1808 2588/2984/1829 3404/3913/1828
f 3404/3913/1828 3405/3912/1814 2589/2985/1808
f 3150/3615/1837 3406/3915/1838 3034/3492/1722
f 3034/3492/1722 3037/3491/1721 3150/3615/1837
f 2466/2846/1720 2465/2845/1719 3407/3916/1849
f 3407/3916/1849 3408/3917/1904 2466/2846/1720
f 2170/2516/1735 2169/2515/1834 3409/3918/1919
f 3409/3918/1919 3158/3624/1968 2170/2516/1735
f 3413/3919/1738 3410/3920/1919 3411/3921/1914
f 3411/3921/1914 3412/3922/1901 3413/3919/1738
f 2402/2766/1901 2401/2765/1914 3414/3923/1932
f 3414/3923/1932 3415/3924/1710 2402/2766/1901
f 3415/3924/1710 3414/3923/1932 2464/2844/1712
f 2464/2844/1712 2467/2843/1713 3415/3924/1710
f 1976/2306/1705 1975/2305/1731 2407/2772/1748
f 2407/2772/1748 2377/2771/1913 1976/2306/1705
f 3419/3925/1974 3416/3926/1727 3417/3927/1834
f 3417/3927/1834 3418/3928/1735 3419/3925/1974
f 3418/3929/1735 3417/3930/1834 2400/2764/1737
f 2400/2764/1737 2403/2763/1738 3418/3929/1735
f 2370/3503/1692 1945/2265/1725 1944/2268/1725
f 1944/2268/1725 2372/3931/1694 2370/3503/1692
f 3423/3932/1901 3420/3933/1914 3421/3934/1932
f 3421/3934/1932 3422/3935/1975 3423/3932/1901
f 3422/3936/1975 3421/3937/1932 3424/3938/1712
f 3424/3938/1712 2303/2656/1713 3422/3936/1975
f 3388/3895/1799 3387/3894/1926 2207/2555/1831
f 2207/2555/1831 2210/2554/1800 3388/3895/1799
f 2465/3939/1719 3425/3940/1864 3426/3941/1861
f 3426/3941/1861 3407/3942/1849 2465/3939/1719
f 2464/3943/1712 3427/3944/1841 3425/3940/1864
f 3425/3940/1864 2465/3939/1719 2464/3943/1712
f 3018/3476/1803 3017/3475/1956 3428/3945/1976
f 3428/3945/1976 3429/3946/1977 3018/3476/1803
f 2401/3472/1914 3015/3471/1866 3430/3947/1840
f 3430/3947/1840 3414/3948/1932 2401/3472/1914
f 3414/3948/1932 3430/3947/1840 3427/3944/1841
f 3427/3944/1841 2464/3943/1712 3414/3948/1932
f 3417/3949/1834 3431/3950/1845 3014/3470/1867
f 3014/3470/1867 2400/3469/1737 3417/3949/1834
f 3416/3951/1727 3432/3952/1844 3431/3950/1845
f 3431/3950/1845 3417/3949/1834 3416/3951/1727
f 3434/3953/1723 3433/3954/1848 3432/3952/1844
f 3432/3952/1844 3416/3951/1727 3434/3953/1723
f 2980/3955/1814 3025/3956/1828 3001/3456/1827
f 3001/3456/1827 2995/3451/1815 2980/3955/1814
f 3012/3468/1838 3011/3467/1846 3435/3957/1959
f 3435/3957/1959 3436/3958/1978 3012/3468/1838
f 3436/3958/1978 3435/3957/1959 3433/3954/1848
f 3433/3954/1848 3434/3953/1723 3436/3958/1978
f 3437/3959/1934 3438/3960/1852 2259/2610/1740
f 2259/2610/1740 2258/2609/1853 2679/3097/1854
f 2679/3097/1854 2678/3096/1855 3439/3961/1979
f 2259/2610/1740 2679/3097/1854 3439/3961/1979
f 3439/3961/1979 3440/3962/1856 3441/3963/1742
f 3441/3963/1742 3442/3964/1980 2675/3093/1835
f 2697/3114/1835 3443/3965/1740 3444/3966/1741
f 3444/3966/1741 2694/3112/1742 2697/3114/1835
f 3437/3959/1934 2259/2610/1740 2675/3093/1835
f 2674/3092/1858 3437/3959/1934 2675/3093/1835
f 3448/3967/1931 3445/3968/1844 3446/3969/1871
f 3446/3969/1871 3447/3970/1873 3448/3967/1931
f 3452/3971/1844 3449/3972/1848 3450/3973/1981
f 3450/3973/1981 3451/3974/1871 3452/3971/1844
f 3456/3975/1841 3453/3976/1840 3454/3977/1859
f 3454/3977/1859 3455/3978/1860 3456/3975/1841
f 3460/3979/1840 3457/3980/1866 3458/3981/1869
f 3458/3981/1869 3459/3982/1859 3460/3979/1840
f 2216/2564/1847 2215/2563/1846 2254/2604/1872
f 2254/2604/1872 2256/2606/1874 2216/2564/1847
f 3462/3983/1867 3448/3967/1931 3447/3970/1873
f 3447/3970/1873 3461/3984/1868 3462/3983/1867
f 3466/3985/1864 3463/3986/1841 3464/3987/1860
f 3464/3987/1860 3465/3988/1940 3466/3985/1864
f 3425/3940/1864 3427/3944/1841 3467/3989/1982
f 3467/3989/1982 2673/3091/1865 3425/3940/1864
f 3471/3990/1848 3468/3991/1847 3469/3992/1874
f 3469/3992/1874 3470/3993/1870 3471/3990/1848
f 3453/3976/1840 3472/3994/1866 3473/3995/1869
f 3473/3995/1869 3454/3977/1859 3453/3976/1840
f 3475/3996/1846 2660/3074/1851 2659/3077/1863
f 2659/3077/1863 3474/3997/1872 3475/3996/1846
f 3477/3998/1851 3476/3999/1850 2696/3113/1862
f 2696/3113/1862 2692/3110/1863 3477/3998/1851
f 2658/3076/1862 3465/3988/1940 3478/4000/1858
f 3478/4000/1858 3029/3483/1835 2658/3076/1862
f 2696/3113/1862 3479/4001/1865 3480/4002/1858
f 3480/4002/1858 2697/3114/1835 2696/3113/1862
f 3099/3564/1961 2646/3063/1873 2633/3050/1854
f 2633/3050/1854 2632/3049/1936 3099/3564/1961
f 3459/3982/1859 3458/3981/1869 3026/3484/1740
f 3026/3484/1740 3481/4003/1852 3459/3982/1859
f 3483/4004/1874 2695/3109/1876 2694/3112/1742
f 2694/3112/1742 3482/4005/1856 3483/4004/1874
f 3450/3973/1981 3483/4004/1874 3482/4005/1856
f 3482/4005/1856 3444/3966/1741 3450/3973/1981
f 3446/3969/1871 3470/3993/1870 3027/3485/1741
f 3027/3485/1741 3484/4006/1855 3446/3969/1871
f 3465/3988/1940 3464/3987/1860 3485/4007/1934
f 3485/4007/1934 3478/4000/1858 3465/3988/1940
f 3470/3993/1870 3469/3992/1874 3486/4008/1856
f 3486/4008/1856 3027/3485/1741 3470/3993/1870
f 3473/3995/1869 3487/4009/1868 3488/4010/1853
f 3488/4010/1853 3443/3965/1740 3473/3995/1869
f 3490/4011/1872 2672/3089/1863 3489/4012/1938
f 3489/4012/1938 2012/2349/1742 3490/4011/1872
f 2659/3077/1863 2658/3076/1862 3029/3483/1835
f 3029/3483/1835 3491/4013/1983 2659/3077/1863
f 2577/2971/1822 2579/2973/1821 2736/3154/1878
f 2736/3154/1878 2737/3153/1879 2577/2971/1822
f 3495/4014/1839 3492/4015/1828 3493/4016/1895
f 3493/4016/1895 3494/4017/1899 3495/4014/1839
f 3492/4015/1828 3067/3533/1829 3496/4018/1947
f 3496/4018/1947 3493/4016/1895 3492/4015/1828
f 3186/3654/1829 3497/4019/1843 3163/3625/1943
f 3163/3625/1943 3187/3655/1884 3186/3654/1829
f 3017/3475/1956 3016/3474/1955 3159/3622/1905
f 3159/3622/1905 3498/4020/1984 3017/3475/1956
f 3500/4021/1831 3499/4022/1926 3118/3584/1896
f 3118/3584/1896 3121/3583/1942 3500/4021/1831
f 3499/4022/1926 2710/3124/1944 2709/3127/1903
f 2709/3127/1903 3118/3584/1896 3499/4022/1926
f 2203/2551/1839 2583/2980/1828 2300/2652/1900
f 2300/2652/1900 2301/2651/1899 2203/2551/1839
f 3502/4023/1821 3428/4024/1976 3501/4025/1985
f 3501/4025/1985 2302/2655/1878 3502/4023/1821
f 3428/3945/1976 3017/3475/1956 3498/4020/1984
f 3498/4020/1984 3501/4026/1985 3428/3945/1976
f 3505/4027/1843 3503/4028/1831 3504/4029/1946
f 3504/4029/1946 3149/3614/1943 3505/4027/1843
f 3390/3897/1821 3395/3902/1973 3506/4030/1887
f 3506/4030/1887 3507/4031/1888 3390/3897/1821
f 3157/3623/1886 3508/4032/1899 2171/2513/1728
f 2171/2513/1728 2170/2516/1735 3157/3623/1886
f 2699/3117/1886 3494/4017/1899 3509/4033/1728
f 3509/4033/1728 3510/4034/1930 2699/3117/1886
f 3493/4016/1895 3496/4018/1947 3511/4035/1986
f 3511/4035/1986 3512/4036/1724 3493/4016/1895
f 3515/4037/1987 3142/3607/1965 3513/4038/1837
f 3513/4038/1837 3514/4039/1721 3515/4037/1987
f 3501/4026/1985 3498/4020/1984 3423/3932/1901
f 3423/3932/1901 3422/3935/1975 3501/4026/1985
f 2700/3118/1905 2699/3117/1886 3510/4034/1930
f 3510/4034/1930 3413/4040/1738 2700/3118/1905
f 3188/3656/1895 3187/3655/1884 3516/4041/1988
f 3516/4041/1988 3517/4042/1724 3188/3656/1895
f 3160/3626/1946 3518/4043/1896 2391/2754/1904
f 2391/2754/1904 3161/3627/1898 3160/3626/1946
f 3504/4029/1946 3519/4044/1902 2856/3285/1897
f 2856/3285/1897 2855/3288/1898 3504/4029/1946
f 3521/4045/1883 3121/3583/1942 3120/3586/1929
f 3120/3586/1929 3520/4046/1837 3521/4045/1883
f 3524/4047/1887 3522/4048/1890 3412/3922/1901
f 3412/3922/1901 3523/4049/1710 3524/4047/1887
f 3507/4031/1888 3506/4030/1887 3415/3924/1710
f 3415/3924/1710 2467/2843/1713 3507/4031/1888
f 2546/2939/1801 2539/2929/1788 3364/3868/1777
f 3364/3868/1777 2547/2936/1798 2546/2939/1801
f 2124/2467/1801 3525/4050/1788 3526/4051/1777
f 3526/4051/1777 2125/2464/1798 2124/2467/1801
f 2571/2966/1798 2517/2909/1777 2520/2908/1776
f 2520/2908/1776 2572/2963/1818 2571/2966/1798
f 2547/2936/1798 3364/3868/1777 2945/3400/1776
f 2945/3400/1776 2973/3427/1818 2547/2936/1798
f 3372/3877/1809 3527/4052/1790 3528/4053/1907
f 3528/4053/1907 3373/3876/1806 3372/3877/1809
f 3530/4054/1813 3529/4055/1791 3527/4052/1790
f 3527/4052/1790 3372/3877/1809 3530/4054/1813
f 3531/4056/1816 2113/2452/1784 3529/4055/1791
f 3529/4055/1791 3530/4054/1813 3531/4056/1816
f 2993/3449/1816 3532/4057/1784 3533/4058/1791
f 3533/4058/1791 2994/3446/1813 2993/3449/1816
f 3534/4059/1812 2955/3408/1773 3165/3631/1772
f 3165/3631/1772 3168/3630/1805 3534/4059/1812
f 2973/3427/1818 2945/3400/1776 2948/3399/1773
f 2948/3399/1773 3535/4060/1812 2973/3427/1818
f 2120/2463/1797 3536/4061/1781 2761/3179/1780
f 2761/3179/1780 2121/2460/1794 2120/2463/1797
f 2758/3177/1952 2757/3176/1791 2622/4062/1790
f 2622/4062/1790 3378/3882/1809 2758/3177/1952
f 2093/2436/1782 2062/2405/1767 2063/2404/1766
f 2063/2404/1766 2094/2437/1783 2093/2436/1782
f 3538/4063/1785 2058/2401/1765 2061/2400/1764
f 2061/2400/1764 3537/4064/1792 3538/4063/1785
f 2954/3409/1774 3539/4065/1769 2495/2887/1768
f 2495/2887/1768 2778/3196/1775 2954/3409/1774
f 2351/2705/1774 2350/2704/1769 3540/4066/1768
f 3540/4066/1768 3541/4067/1775 2351/2705/1774
f 3356/3860/1908 3542/4068/1762 3543/4069/1909
f 3543/4069/1909 3544/4070/1789 3356/3860/1908
f 2953/3407/1789 3340/3843/1909 3341/3842/1910
f 3341/3842/1910 2115/2458/1778 2953/3407/1789
f 2086/2429/1775 2065/2406/1768 2066/2408/1770
f 2066/2408/1770 2109/2451/1787 2086/2429/1775
f 2960/3415/1785 3545/4071/1989 3546/4072/1764
f 3546/4072/1764 2961/3416/1792 2960/3415/1785
f 2961/3416/1792 3546/4072/1764 3547/4073/1763
f 3547/4073/1763 3355/3859/1793 2961/3416/1792
f 3549/4074/1793 3349/3850/1763 3350/3852/1762
f 3350/3852/1762 3548/4075/1908 3549/4074/1793
f 3548/4075/1908 3350/3852/1762 3340/3843/1909
f 3340/3843/1909 2953/3407/1789 3548/4075/1908
f 2968/3423/1789 2941/3394/1909 3203/3671/1910
f 3203/3671/1910 3206/3670/1778 2968/3423/1789
f 3407/3942/1849 3426/3941/1861 3010/3466/1851
f 3010/3466/1851 3013/3465/1709 3407/3942/1849
f 3552/4076/1685 2177/4077/1729 3550/4078/1705
f 3550/4078/1705 3551/4079/1704 3552/4076/1685
f 2810/4080/1682 1916/4081/1683 2177/4077/1729
f 2177/4077/1729 3552/4076/1685 2810/4080/1682
f 2809/4082/1686 1917/4083/1687 1916/4081/1683
f 1916/4081/1683 2810/4080/1682 2809/4082/1686
f 3240/4084/1688 3553/4085/1689 1917/4083/1687
f 1917/4083/1687 2809/4082/1686 3240/4084/1688
f 3239/4086/1690 3304/4087/1691 3553/4088/1689
f 3553/4088/1689 3240/4089/1688 3239/4086/1690
f 3252/4090/1692 3305/4091/1693 3304/4087/1691
f 3304/4087/1691 3239/4086/1690 3252/4090/1692
f 3251/4092/1694 3554/4093/1695 3305/4091/1693
f 3305/4091/1693 3252/4090/1692 3251/4092/1694
f 3250/4094/1696 3555/4095/1697 3554/4093/1695
f 3554/4093/1695 3251/4092/1694 3250/4094/1696
f 3556/4096/1698 3314/4097/1699 3555/4095/1697
f 3555/4095/1697 3250/4094/1696 3556/4096/1698
f 3557/4098/1700 3315/4099/1701 3314/4097/1699
f 3314/4097/1699 3556/4096/1698 3557/4098/1700
f 3559/4100/1702 3558/4101/1913 3315/4099/1701
f 3315/4099/1701 3557/4098/1700 3559/4100/1702
f 3233/3709/1692 3232/3708/1725 3560/4102/1725
f 3560/4102/1725 3561/4103/1694 3233/3709/1692
f 3230/4104/1702 3562/4105/1725 3563/4106/1725
f 3563/4106/1725 3214/4107/1704 3230/4104/1702
f 3228/4108/1700 2849/3281/1725 3562/4105/1725
f 3562/4105/1725 3230/4104/1702 3228/4108/1700
f 2822/3253/1725 2862/3294/1725 3564/4109/1725
f 3564/4109/1725 2819/3249/1725 2822/3253/1725
f 3566/4110/1696 3565/4111/1725 3241/3719/1725
f 3241/3719/1725 3244/3718/1698 3566/4110/1696
f 3221/3739/1688 3257/3738/1725 3262/3742/1725
f 3262/3742/1725 3223/4112/1690 3221/3739/1688
f 3551/4113/1704 3567/4114/1725 3568/4115/1725
f 3568/4115/1725 3552/4116/1685 3551/4113/1704
f 3559/4117/1702 3569/4118/1725 3567/4114/1725
f 3567/4114/1725 3551/4113/1704 3559/4117/1702
f 3561/4103/1694 3560/4102/1725 3565/4111/1725
f 3565/4111/1725 3566/4110/1696 3561/4103/1694
f 3250/3728/1696 3249/3727/1725 2017/2350/1725
f 2017/2350/1725 3556/4119/1698 3250/3728/1696
f 2788/4120/1704 3266/3748/1725 3570/4121/1725
f 3570/4121/1725 2789/4122/1685 2788/4120/1704
f 3226/3713/1694 3236/3712/1725 2803/3229/1725
f 2803/3229/1725 2806/3228/1696 3226/3713/1694
f 3241/3719/1725 3571/4123/1725 3263/3745/1725
f 3263/3745/1725 3242/3720/1725 3241/3719/1725
f 3562/4105/1725 3284/3766/1725 3282/3764/1725
f 3282/3764/1725 3563/4106/1725 3562/4105/1725
f 3568/4115/1725 3572/4124/1725 3573/4125/1725
f 3573/4125/1725 2807/3233/1725 3568/4115/1725
f 2826/3257/1696 2457/2830/1725 2456/2833/1725
f 2456/2833/1725 3574/4126/1698 2826/3257/1696
f 2817/3245/1725 2874/3308/1725 2873/3307/1725
f 2873/3307/1725 2818/3246/1725 2817/3245/1725
f 3246/3724/1725 3278/3760/1725 3575/4127/1725
f 3575/4127/1725 3231/3707/1725 3246/3724/1725
f 2832/3265/1725 2851/3284/1725 3576/4128/1725
f 3576/4128/1725 2833/3266/1725 2832/3265/1725
f 3578/4129/1725 3577/4130/1725 1946/2270/1725
f 1946/2270/1725 1949/2269/1725 3578/4129/1725
f 3031/3489/1725 3265/3747/1725 3579/4131/1725
f 3579/4131/1725 2828/3261/1725 3031/3489/1725
f 3582/4132/1690 3580/4133/1725 2839/3268/1725
f 2839/3268/1725 3581/4134/1692 3582/4132/1690
f 2813/3239/1686 2812/3238/1725 2842/3274/1725
f 2842/3274/1725 3583/4135/1688 2813/3239/1686
f 3257/3738/1725 3287/3769/1725 3260/3743/1725
f 3260/3743/1725 3262/3742/1725 3257/3738/1725
f 3572/4124/1725 3584/4136/1725 3585/4137/1725
f 3584/4136/1725 3586/4138/1725 3585/4137/1725
f 3586/4138/1725 2015/2352/1725 3585/4137/1725
f 2015/2352/1725 2014/2351/1725 3585/4137/1725
f 2014/2351/1725 3276/3758/1725 3585/4137/1725
f 3276/3758/1725 2000/2337/1725 3585/4137/1725
f 2000/2337/1725 1999/2336/1725 3585/4137/1725
f 1999/2336/1725 3275/3757/1725 3585/4137/1725
f 3275/3757/1725 3587/4139/1725 3585/4137/1725
f 3587/4139/1725 3588/4140/1725 3585/4137/1725
f 3588/4140/1725 3573/4125/1725 3585/4137/1725
f 3573/4125/1725 3572/4124/1725 3585/4137/1725
f 3550/4141/1705 3330/4142/1731 3322/4143/1748
f 3322/4143/1748 3558/4144/1913 3550/4141/1705
f 1901/2797/1700 2191/2535/1725 2190/2536/1725
f 2190/2536/1725 1903/4145/1702 1901/2797/1700
f 3314/3803/1699 3313/3802/1759 3589/4146/1716
f 3589/4146/1716 3555/4147/1697 3314/3803/1699
f 3032/3490/1688 3031/3489/1725 2828/3261/1725
f 2828/3261/1725 2831/3260/1690 3032/3490/1688
f 3555/4147/1697 3589/4146/1716 3590/4148/1717
f 3590/4148/1717 3554/4149/1695 3555/4147/1697
f 3224/4150/1693 3591/4151/1733 3592/4152/1734
f 3592/4152/1734 3222/4153/1918 3224/4150/1693
f 3212/3785/1729 3297/3784/1730 3290/3773/1731
f 3290/3773/1731 3213/3772/1705 3212/3785/1729
f 3295/3781/1842 3294/3780/1716 3298/3787/1761
f 3298/3787/1761 3301/3786/1695 3295/3781/1842
f 3218/3779/1687 3293/3778/1714 3296/3783/1715
f 3296/3783/1715 3216/3782/1912 3218/3779/1687
f 2819/3249/1725 3564/4109/1725 3057/3517/1725
f 3057/3517/1725 2811/3237/1725 2819/3249/1725
f 3229/3775/1913 3291/3774/1921 3323/4154/1920
f 3323/4154/1920 3227/4155/1917 3229/3775/1913
f 1920/2242/1718 1919/2241/1717 3591/4151/1733
f 3591/4151/1733 3224/4150/1693 1920/2242/1718
f 3302/4156/1733 3345/3848/1749 3326/3822/1923
f 3326/3822/1923 3303/3821/1734 3302/4156/1733
f 2461/4157/1920 2504/2896/1924 3338/3840/1758
f 3338/3840/1758 2462/4158/1759 2461/4157/1920
f 3306/4159/1734 3593/4160/1750 3342/3844/1752
f 3342/3844/1752 3307/4161/1732 3306/4159/1734
f 3307/4161/1732 3342/3844/1752 2923/3376/1755
f 2923/3376/1755 3310/4162/1714 3307/4161/1732
f 3310/4162/1714 2923/3376/1755 2922/3375/1753
f 2922/3375/1753 3267/4163/1715 3310/4162/1714
f 3296/3820/1715 3325/3819/1753 3318/3807/1754
f 3318/3807/1754 3297/3806/1730 3296/3820/1715
f 3299/3830/1733 3332/3829/1749 3593/4160/1750
f 3593/4160/1750 3306/4159/1734 3299/3830/1733
f 1919/4164/1717 3594/4165/1745 3595/4166/1749
f 3595/4166/1749 3591/4167/1733 1919/4164/1717
f 1918/4168/1716 2489/2881/1760 3594/4165/1745
f 3594/4165/1745 1919/4164/1717 1918/4168/1716
f 1915/2870/1715 2480/2869/1922 3596/4169/1754
f 3596/4169/1754 2176/4170/1730 1915/2870/1715
f 2875/4171/1920 3597/4172/1924 3334/3834/1758
f 3334/3834/1758 2894/3833/1759 2875/4171/1920
f 3291/4173/1921 2938/3393/1751 2937/3392/1757
f 2937/3392/1757 3323/3815/1920 3291/4173/1921
f 2322/2676/1762 2321/2675/1763 2020/2357/1744
f 2020/2357/1744 2909/3361/1758 2322/2676/1762
f 3204/3672/1771 3203/3671/1910 2915/3367/1747
f 2915/3367/1747 2914/3366/1746 3204/3672/1771
f 2921/4174/1768 2081/2421/1769 2080/2423/1754
f 2080/2423/1754 2922/4175/1753 2921/4174/1768
f 2936/3391/1909 2491/2879/1762 2490/2882/1758
f 2490/2882/1758 2937/3392/1757 2936/3391/1909
f 2071/2414/1769 2770/3190/1771 2477/2864/1746
f 2477/2864/1746 2072/2415/1754 2071/2414/1769
f 3203/3671/1910 2941/3394/1909 2940/3395/1924
f 2940/3395/1924 2915/3367/1747 3203/3671/1910
f 3545/4071/1989 3598/4176/1766 3593/4160/1750
f 3593/4160/1750 3332/3829/1749 3545/4071/1989
f 3539/4065/1769 3599/4177/1771 3329/3826/1746
f 3329/3826/1746 3596/4169/1754 3539/4065/1769
f 3547/4073/1763 3546/4072/1764 3331/3828/1745
f 3331/3828/1745 3333/3832/1972 3547/4073/1763
f 3542/4068/1762 3547/4073/1763 3333/3832/1972
f 3333/3832/1972 3334/3834/1758 3542/4068/1762
f 3199/4178/1767 2496/2886/1770 2479/2868/1755
f 2479/2868/1755 3327/4179/1971 3199/4178/1767
f 3601/4180/1766 2780/3200/1767 3351/3853/1752
f 3351/3853/1752 3600/4181/1750 3601/4180/1766
f 2749/3168/1781 3184/3651/1786 2344/2694/1787
f 2344/2694/1787 2343/2697/1782 2749/3168/1781
f 3171/3637/1791 3175/3640/1784 3196/3663/1785
f 3196/3663/1785 3198/3665/1792 3171/3637/1791
f 3527/4052/1790 3529/4055/1791 3209/3674/1792
f 3209/3674/1792 3208/3676/1793 3527/4052/1790
f 3528/4053/1907 3527/4052/1790 3208/3676/1793
f 3208/3676/1793 3602/4182/1908 3528/4053/1907
f 3604/4183/1907 3603/4184/1790 3549/4074/1793
f 3549/4074/1793 3548/4075/1908 3604/4183/1907
f 2528/2920/1777 2513/2901/1788 2512/2904/1789
f 2512/2904/1789 2529/2921/1778 2528/2920/1777
f 3170/3635/1784 3169/3634/1780 3192/3657/1783
f 3192/3657/1783 3191/3659/1785 3170/3635/1784
f 3529/4055/1791 2113/2452/1784 2112/2455/1785
f 2112/2455/1785 3209/3674/1792 3529/4055/1791
f 3169/3634/1780 2101/2440/1781 2100/2443/1782
f 2100/2443/1782 3192/3657/1783 3169/3634/1780
f 3605/4185/1786 3181/3647/1772 3360/3864/1775
f 3360/3864/1775 2782/3198/1787 3605/4185/1786
f 3607/4186/1788 3528/4053/1907 3602/4182/1908
f 3602/4182/1908 3606/4187/1789 3607/4186/1788
f 2317/2670/1772 2316/2669/1773 3608/4188/1774
f 3608/4188/1774 3609/4189/1775 2317/2670/1772
f 3611/4190/1798 3388/3895/1799 2210/2554/1800
f 2210/2554/1800 3610/4191/1990 3611/4190/1798
f 3380/3884/1816 3379/3883/1815 3612/4192/1819
f 3612/4192/1819 2751/3170/1794 3380/3884/1816
f 3372/3877/1809 2589/2985/1808 3405/3912/1814
f 3405/3912/1814 3530/4054/1813 3372/3877/1809
f 3614/4193/1801 3613/4194/1800 3374/3878/1807
f 3374/3878/1807 3178/3644/1806 3614/4193/1801
f 3167/3633/1802 3366/3871/1803 3615/4195/1804
f 3615/4195/1804 3168/3630/1805 3167/3633/1802
f 3617/4196/1794 3401/3904/1819 3400/3907/1796
f 3400/3907/1796 3616/4197/1797 3617/4196/1794
f 3531/4056/1816 3403/3908/1815 3401/3911/1819
f 3401/3911/1819 3617/4198/1794 3531/4056/1816
f 3530/4054/1813 3405/3912/1814 3403/3908/1815
f 3403/3908/1815 3531/4056/1816 3530/4054/1813
f 3168/3630/1805 3615/4195/1804 3618/4199/1811
f 3618/4199/1811 3534/4059/1812 3168/3630/1805
f 3619/4200/1802 3397/3900/1803 3396/3903/1804
f 3396/3903/1804 3182/3648/1805 3619/4200/1802
f 3383/3890/1806 3069/3531/1807 3068/3534/1808
f 3068/3534/1808 3620/4201/1809 3383/3890/1806
f 2136/2479/1809 2135/2478/1810 3621/4202/1814
f 3621/4202/1814 3622/4203/1813 2136/2479/1809
f 3551/4079/1704 3550/4078/1705 3558/4101/1913
f 3558/4101/1913 3559/4100/1702 3551/4079/1704
f 3624/4204/1817 2710/3124/1944 3499/4022/1926
f 3499/4022/1926 3623/4205/1820 3624/4204/1817
f 3618/4199/1811 2707/3125/1821 2710/3124/1944
f 2710/3124/1944 3624/4204/1817 3618/4199/1811
f 3009/3464/1811 3008/3463/1821 3006/3461/1954
f 3006/3461/1954 2972/3428/1817 3009/3464/1811
f 2854/4206/1709 3109/3571/1851 3100/3566/1846
f 3100/3566/1846 3406/4207/1838 2854/4206/1709
f 3615/4195/1804 3625/4208/1823 2707/3125/1821
f 2707/3125/1821 3618/4199/1811 3615/4195/1804
f 3626/4209/1819 2698/3116/1826 2701/3115/1825
f 2701/3115/1825 3365/4210/1796 3626/4209/1819
f 2992/3448/1815 3495/4014/1839 2698/3116/1826
f 2698/3116/1826 3626/4209/1819 2992/3448/1815
f 2991/3447/1814 3492/4015/1828 3495/4014/1839
f 3495/4014/1839 2992/3448/1815 2991/3447/1814
f 3052/3679/1709 3211/3678/1851 3065/3530/1846
f 3065/3530/1846 3048/3529/1838 3052/3679/1709
f 3411/4211/1914 3472/3994/1866 3453/3976/1840
f 3453/3976/1840 3627/4212/1711 3411/4211/1914
f 3068/3534/1808 3067/3533/1829 3492/4015/1828
f 3492/4015/1828 2991/3447/1814 3068/3534/1808
f 3631/4213/1713 3628/4214/1712 3629/4215/1719
f 3629/4215/1719 3630/4216/1720 3631/4213/1713
f 3509/4033/1728 3632/4217/1727 3633/4218/1834
f 3633/4218/1834 3510/4034/1930 3509/4033/1728
f 3514/4039/1721 3436/4219/1978 3434/4220/1723
f 3434/4220/1723 3634/4221/1991 3514/4039/1721
f 3635/4222/1949 3013/4223/1709 3012/4224/1838
f 3012/4224/1838 3513/4038/1837 3635/4222/1949
f 3520/4046/1837 3636/4225/1838 3637/4226/1978
f 3637/4226/1978 3511/4035/1986 3520/4046/1837
f 3523/4049/1710 3627/4227/1711 3628/4214/1712
f 3628/4214/1712 3631/4213/1713 3523/4049/1710
f 3512/4036/1724 3638/4228/1726 3632/4217/1727
f 3632/4217/1727 3509/4033/1728 3512/4036/1724
f 2374/4229/1696 2435/2806/1725 1957/2281/1725
f 1957/2281/1725 1959/2280/1698 2374/4229/1696
f 2391/2754/1904 2390/2753/1706 3639/4230/1709
f 3639/4230/1709 3161/3627/1898 2391/2754/1904
f 3412/3922/1901 3411/3921/1914 3627/4227/1711
f 3627/4227/1711 3523/4049/1710 3412/3922/1901
f 3161/3627/1898 3639/4230/1709 3640/4231/1838
f 3640/4231/1838 3162/3628/1837 3161/3627/1898
f 3511/4035/1986 3637/4226/1978 3638/4228/1726
f 3638/4228/1726 3512/4036/1724 3511/4035/1986
f 3623/4205/1820 3499/4022/1926 3500/4021/1831
f 3500/4021/1831 3382/3889/1800 3623/4205/1820
f 3629/4232/1719 3641/4233/1864 3476/3999/1850
f 3476/3999/1850 3642/4234/1706 3629/4232/1719
f 3628/4235/1712 3456/3975/1841 3641/4233/1864
f 3641/4233/1864 3629/4232/1719 3628/4235/1712
f 2195/2541/1815 2194/2540/1839 2713/3131/1880
f 2713/3131/1880 2118/2461/1795 2195/2541/1815
f 3636/4236/1838 3643/4237/1846 3644/4238/1959
f 3644/4238/1959 3637/4239/1978 3636/4236/1838
f 3627/4212/1711 3453/3976/1840 3456/3975/1841
f 3456/3975/1841 3628/4235/1712 3627/4212/1711
f 3633/4240/1834 3645/4241/1931 3646/4242/1867
f 3646/4242/1867 3410/4243/1919 3633/4240/1834
f 3632/4244/1727 3452/3971/1844 3645/4241/1931
f 3645/4241/1931 3633/4240/1834 3632/4244/1727
f 3638/4245/1726 3449/3972/1848 3452/3971/1844
f 3452/3971/1844 3632/4244/1727 3638/4245/1726
f 3647/4246/1992 3477/3998/1851 3643/4237/1846
f 3643/4237/1846 3636/4236/1838 3647/4246/1992
f 1923/4247/1719 2245/2594/1864 2224/2575/1850
f 2224/2575/1850 2227/2574/1849 1923/4247/1719
f 3637/4239/1978 3644/4238/1959 3449/3972/1848
f 3449/3972/1848 3638/4245/1726 3637/4239/1978
f 3648/4248/1836 3649/4249/1935 3443/3965/1740
f 3443/3965/1740 3488/4010/1853 3650/4250/1854
f 3650/4250/1854 3651/4251/1855 3444/3966/1741
f 3443/3965/1740 3650/4250/1854 3444/3966/1741
f 3444/3966/1741 3482/4005/1856 2694/3112/1742
f 2694/3112/1742 2693/3111/1938 2697/3114/1835
f 3652/4252/1705 2027/4253/1731 2026/3310/1748
f 2026/3310/1748 2877/3309/1703 3652/4252/1705
f 3648/4248/1836 3443/3965/1740 2697/3114/1835
f 3480/4002/1858 3648/4248/1836 2697/3114/1835
f 2657/3075/1861 3466/3985/1864 3465/3988/1940
f 3465/3988/1940 2658/3076/1862 2657/3075/1861
f 3432/3952/1844 3433/3954/1848 3653/4254/1870
f 3653/4254/1870 2677/3095/1871 3432/3952/1844
f 3014/3470/1867 3431/3950/1845 2680/3094/1873
f 2680/3094/1873 2257/2608/1868 3014/3470/1867
f 3644/4238/1959 3643/4237/1846 2695/3109/1876
f 2695/3109/1876 3483/4004/1874 3644/4238/1959
f 3457/3980/1866 3462/3983/1867 3461/3984/1868
f 3461/3984/1868 3458/3981/1869 3457/3980/1866
f 3190/3658/1766 3654/4255/1767 2906/3358/1752
f 2906/3358/1752 3655/4256/1750 3190/3658/1766
f 3431/3950/1845 3432/3952/1844 2677/3095/1871
f 2677/3095/1871 2680/3094/1873 3431/3950/1845
f 3445/3968/1844 3471/3990/1848 3470/3993/1870
f 3470/3993/1870 3446/3969/1871 3445/3968/1844
f 3463/3986/1841 3460/3979/1840 3459/3982/1859
f 3459/3982/1859 3464/3987/1860 3463/3986/1841
f 3430/3947/1840 3015/3471/1866 2260/2607/1875
f 2260/2607/1875 3656/4257/1859 3430/3947/1840
f 3011/3467/1846 3010/3466/1851 3657/4258/1863
f 3657/4258/1863 3658/4259/1876 3011/3467/1846
f 2627/3044/1846 2243/2590/1851 2242/2593/1863
f 2242/2593/1863 2653/3070/1876 2627/3044/1846
f 2241/2592/1862 2685/3102/1940 2644/3061/1858
f 2644/3061/1858 2639/3056/1835 2241/2592/1862
f 2671/3088/1862 2649/3067/1865 3659/4260/1858
f 3659/4260/1858 2013/2346/1739 2671/3088/1862
f 3464/3987/1860 3459/3982/1859 3481/4003/1852
f 3481/4003/1852 3485/4007/1934 3464/3987/1860
f 2654/3071/1875 3099/3564/1961 2632/3049/1936
f 2632/3049/1936 2631/3048/1740 2654/3071/1875
f 3469/3992/1874 3474/3997/1872 3028/3486/1742
f 3028/3486/1742 3486/4008/1856 3469/3992/1874
f 2257/2608/1868 2680/3094/1873 2679/3097/1854
f 2679/3097/1854 2258/2609/1853 2257/2608/1868
f 3451/3974/1871 3450/3973/1981 3444/3966/1741
f 3444/3966/1741 3651/4251/1855 3451/3974/1871
f 2677/3095/1871 3653/4254/1870 3439/3961/1979
f 3439/3961/1979 2678/3096/1855 2677/3095/1871
f 3653/4254/1870 3660/4261/1874 3440/3962/1856
f 3440/3962/1856 3439/3961/1979 3653/4254/1870
f 3458/3981/1869 3461/3984/1868 3661/4262/1853
f 3661/4262/1853 3026/3484/1740 3458/3981/1869
f 3474/3997/1872 2659/3077/1863 3491/4013/1983
f 3491/4013/1983 3028/3486/1742 3474/3997/1872
f 3657/4258/1863 2676/3090/1862 2675/3093/1835
f 2675/3093/1835 3442/3964/1980 3657/4258/1863
f 2698/3116/1826 3495/4014/1839 3494/4017/1899
f 3494/4017/1899 2699/3117/1886 2698/3116/1826
f 3386/3893/1822 3390/3897/1821 3507/4031/1888
f 3507/4031/1888 3662/4263/1879 3386/3893/1822
f 2582/2976/1825 2204/2552/1826 2314/2667/1882
f 2314/2667/1882 2315/2666/1905 2582/2976/1825
f 3395/3902/1973 3394/3901/1824 3663/4264/1890
f 3663/4264/1890 3506/4030/1887 3395/3902/1973
f 3497/4019/1843 3664/4265/1831 3160/3626/1946
f 3160/3626/1946 3163/3625/1943 3497/4019/1843
f 3399/3906/1825 3398/3905/1826 3665/4266/1886
f 3665/4266/1886 3666/4267/1905 3399/3906/1825
f 3387/3894/1926 3386/3893/1822 3662/4263/1879
f 3662/4263/1879 3667/4268/1902 3387/3894/1926
f 3669/4269/1826 3668/4270/1839 3508/4032/1899
f 3508/4032/1899 3157/3623/1886 3669/4269/1826
f 2707/3125/1821 3625/4208/1823 3524/4047/1887
f 3524/4047/1887 2708/3126/1878 2707/3125/1821
f 2588/2984/1829 2208/2556/1843 3142/3607/1965
f 3142/3607/1965 3515/4037/1987 2588/2984/1829
f 3136/3601/1843 3058/3518/1831 2730/3144/1942
f 2730/3144/1942 3137/3602/1943 3136/3601/1843
f 3016/3474/1955 3669/4269/1826 3157/3623/1886
f 3157/3623/1886 3159/3622/1905 3016/3474/1955
f 3662/4263/1879 3507/4031/1888 2467/2843/1713
f 2467/2843/1713 2466/2846/1720 3662/4263/1879
f 3118/3584/1896 2709/3127/1903 3630/4216/1720
f 3630/4216/1720 3119/3585/1897 3118/3584/1896
f 3666/4267/1905 3665/4266/1886 3418/3929/1735
f 3418/3929/1735 2403/2763/1738 3666/4267/1905
f 2300/2652/1900 3670/4271/1987 2005/2340/1721
f 2005/2340/1721 1967/2288/1724 2300/2652/1900
f 3498/4020/1984 3159/3622/1905 3158/3624/1968
f 3158/3624/1968 3423/3932/1901 3498/4020/1984
f 3133/3598/1964 3671/4272/1894 3055/3516/1710
f 3055/3516/1710 3147/3612/1966 3133/3598/1964
f 3494/4017/1899 3493/4016/1895 3512/4036/1724
f 3512/4036/1724 3509/4033/1728 3494/4017/1899
f 3667/4268/1902 3662/4263/1879 2466/2846/1720
f 2466/2846/1720 3408/3917/1904 3667/4268/1902
f 3135/3600/1893 3134/3599/1884 3050/3511/1721
f 3050/3511/1721 3047/4273/1724 3135/3600/1893
f 3663/4264/1890 3666/4267/1905 2403/2763/1738
f 2403/2763/1738 2402/2766/1901 3663/4264/1890
f 3522/4048/1890 2700/4274/1905 3413/3919/1738
f 3413/3919/1738 3412/3922/1901 3522/4048/1890
f 3155/3621/1905 3672/4275/1882 2866/3297/1735
f 2866/3297/1735 2865/3300/1738 3155/3621/1905
f 2999/3454/1806 2967/3422/1907 2766/3186/1788
f 2766/3186/1788 2769/3185/1801 2999/3454/1806
f 2614/3026/1866 2619/3031/1867 3099/3564/1961
f 3099/3564/1961 2654/3071/1875 2614/3026/1866
f 3377/3881/1813 2962/3413/1791 3176/3642/1790
f 3176/3642/1790 3179/3641/1809 3377/3881/1813
f 3167/3633/1802 3166/3632/1786 3353/3855/1781
f 3353/3855/1781 3367/3869/1797 3167/3633/1802
f 3185/3652/1802 3184/3651/1786 2749/3168/1781
f 2749/3168/1781 2752/3167/1797 3185/3652/1802
f 3616/4197/1797 3673/4276/1781 2110/4277/1780
f 2110/4277/1780 3617/4196/1794 3616/4197/1797
f 3617/4198/1794 2110/2453/1780 2113/2452/1784
f 2113/2452/1784 3531/4056/1816 3617/4198/1794
f 3380/3884/1816 2959/3414/1784 2962/3413/1791
f 2962/3413/1791 3377/3881/1813 3380/3884/1816
f 2125/2464/1798 3526/4051/1777 2760/3178/1776
f 2760/3178/1776 2560/2951/1818 2125/2464/1798
f 3182/3648/1805 3181/3647/1772 3605/4185/1786
f 3605/4185/1786 3619/4200/1802 3182/3648/1805
f 3373/3876/1806 3528/4053/1907 3607/4186/1788
f 3607/4186/1788 3610/4191/1990 3373/3876/1806
f 3675/4278/1802 3674/4279/1786 3536/4061/1781
f 3536/4061/1781 2120/2463/1797 3675/4278/1802
f 3676/4280/1783 3598/4176/1766 3545/4071/1989
f 3545/4071/1989 2960/3415/1785 3676/4280/1783
f 2112/2455/1785 3677/4281/1765 3207/3675/1764
f 3207/3675/1764 3209/3674/1792 2112/2455/1785
f 2515/2907/1792 2932/4282/1764 2321/2675/1763
f 2321/2675/1763 2324/2674/1793 2515/2907/1792
f 3360/3864/1775 3343/3845/1768 2779/3199/1770
f 2779/3199/1770 2782/3198/1787 3360/3864/1775
f 3602/4182/1908 2491/2879/1762 2936/3391/1909
f 2936/3391/1909 3606/4187/1789 3602/4182/1908
f 3544/4070/1789 3543/4069/1909 2949/3404/1910
f 2949/3404/1910 2951/3403/1778 3544/4070/1789
f 3679/4283/1785 3344/3847/1765 3347/3846/1764
f 3347/3846/1764 3678/4284/1792 3679/4283/1785
f 2116/2459/1779 3599/4177/1771 3539/4065/1769
f 3539/4065/1769 2954/3409/1774 2116/2459/1779
f 3359/3863/1774 3352/3854/1769 3343/3845/1768
f 3343/3845/1768 3360/3864/1775 3359/3863/1774
f 3355/3859/1793 3547/4073/1763 3542/4068/1762
f 3542/4068/1762 3356/3860/1908 3355/3859/1793
f 2523/2915/1787 2083/2424/1770 2335/2689/1767
f 2335/2689/1767 2338/2688/1911 2523/2915/1787
f 2343/2697/1782 2342/2696/1767 3598/4176/1766
f 3598/4176/1766 3676/4280/1783 2343/2697/1782
f 3642/4234/1706 3476/3999/1850 3477/3998/1851
f 3477/3998/1851 3647/4246/1992 3642/4234/1706
f 3683/4285/1685 3680/4286/1684 3681/4287/1705
f 3681/4287/1705 3682/4288/1704 3683/4285/1685
f 3685/4289/1682 3684/4290/1683 3680/4286/1684
f 3680/4286/1684 3683/4285/1685 3685/4289/1682
f 2229/4291/1686 2228/4292/1687 3684/4290/1683
f 3684/4290/1683 3685/4289/1682 2229/4291/1686
f 2226/2577/1709 2225/2576/1851 2215/2563/1846
f 2215/2563/1846 2184/2562/1838 2226/2577/1709
f 1927/2567/1723 2217/2566/1848 2211/2559/1844
f 2211/2559/1844 2214/2558/1727 1927/2567/1723
f 3317/4293/1692 3686/4294/1693 2218/2569/1691
f 2218/2569/1691 2221/2568/1690 3317/4293/1692
f 3316/4295/1694 3687/4296/1695 3686/4294/1693
f 3686/4294/1693 3317/4293/1692 3316/4295/1694
f 2201/2549/1696 2200/2548/1842 3687/4296/1695
f 3687/4296/1695 3316/4295/1694 2201/2549/1696
f 1922/2545/1712 2198/2544/1841 2245/2594/1864
f 2245/2594/1864 1923/4247/1719 1922/2545/1712
f 3688/4297/1700 2463/4298/1701 2199/2547/1699
f 2199/2547/1699 2202/2546/1698 3688/4297/1700
f 3690/4299/1702 3689/4300/1703 2463/4298/1701
f 2463/4298/1701 3688/4297/1700 3690/4299/1702
f 2221/4301/1690 3691/4302/1725 2598/3000/1725
f 2598/3000/1725 3317/3804/1692 2221/4301/1690
f 3682/4303/1704 2423/2789/1725 2422/2792/1725
f 2422/2792/1725 3683/4304/1685 3682/4303/1704
f 3243/3721/1700 3242/3720/1725 2429/2798/1725
f 2429/2798/1725 3692/4305/1702 3243/3721/1700
f 2834/3267/1700 2833/3266/1725 2821/3252/1725
f 2821/3252/1725 2824/3251/1702 2834/3267/1700
f 2734/3152/1904 3693/4306/1706 3073/4307/1709
f 3073/4307/1709 2743/3162/1898 2734/3152/1904
f 3683/4304/1685 2422/2792/1725 3578/4129/1725
f 3578/4129/1725 3685/4308/1682 3683/4304/1685
f 3690/4309/1702 2603/3009/1725 2423/2789/1725
f 2423/2789/1725 3682/4303/1704 3690/4309/1702
f 3695/4310/1704 2428/2801/1725 3274/3753/1725
f 3274/3753/1725 3694/4311/1685 3695/4310/1704
f 3688/4312/1700 1980/2310/1725 2603/3009/1725
f 2603/3009/1725 3690/4309/1702 3688/4312/1700
f 2833/3266/1725 3576/4128/1725 2861/3293/1725
f 2861/3293/1725 2821/3252/1725 2833/3266/1725
f 2229/4313/1686 1949/2269/1725 1948/2272/1725
f 1948/2272/1725 2220/4314/1688 2229/4313/1686
f 2220/4314/1688 1948/2272/1725 3691/4302/1725
f 3691/4302/1725 2221/4301/1690 2220/4314/1688
f 3691/4302/1725 3696/4315/1725 2595/3001/1725
f 2595/3001/1725 2598/3000/1725 3691/4302/1725
f 2308/2660/1735 2213/2989/1834 2452/2828/1919
f 2452/2828/1919 2306/2658/1738 2308/2660/1735
f 2372/3931/1694 1944/2268/1725 2435/2806/1725
f 2435/2806/1725 2374/4229/1696 2372/3931/1694
f 1955/2279/1725 1954/2278/1725 1960/2285/1725
f 1960/2285/1725 1963/2284/1725 1955/2279/1725
f 1904/4316/1705 2033/4317/1731 2032/4318/1748
f 2032/4318/1748 1902/4319/1703 1904/4316/1705
f 3147/3612/1966 3023/4320/1712 3022/4321/1719
f 3022/4321/1719 3148/3613/1967 3147/3612/1966
f 3697/4322/1710 2616/4323/1932 2599/3005/1928
f 2599/3005/1928 2600/3004/1713 3697/4322/1710
f 2828/3261/1725 3579/4131/1725 3258/3740/1725
f 3258/3740/1725 2829/3262/1725 2828/3261/1725
f 3699/4324/1682 3698/4325/1725 3030/3488/1725
f 3030/3488/1725 3033/3487/1686 3699/4324/1682
f 1895/2311/1694 1955/2279/1725 1963/2284/1725
f 1963/2284/1725 1897/2297/1696 1895/2311/1694
f 3044/3502/1725 2443/2817/1725 1942/2266/1725
f 1942/2266/1725 1945/2265/1725 3044/3502/1725
f 2394/2758/1724 2393/2757/1723 3700/4326/1727
f 3700/4326/1727 3701/4327/1728 2394/2758/1724
f 2421/2791/1725 2420/2790/1725 3702/4328/1725
f 2420/2790/1725 2602/3008/1725 3702/4328/1725
f 2602/3008/1725 1979/2309/1725 3702/4328/1725
f 1979/2309/1725 1978/2308/1725 3702/4328/1725
f 1978/2308/1725 2178/2524/1725 3702/4328/1725
f 2178/2524/1725 2596/3002/1725 3702/4328/1725
f 2596/3002/1725 2595/3001/1725 3702/4328/1725
f 2595/3001/1725 3696/4315/1725 3702/4328/1725
f 3696/4315/1725 1947/2271/1725 3702/4328/1725
f 1947/2271/1725 1946/2270/1725 3702/4328/1725
f 1946/2270/1725 3577/4130/1725 3702/4328/1725
f 3577/4130/1725 2421/2791/1725 3702/4328/1725
f 3255/3735/1912 2048/3734/1715 2476/3007/1730
f 2476/3007/1730 2601/3006/1729 3255/3735/1912
f 3689/4329/1703 2473/4330/1921 2461/2839/1920
f 2461/2839/1920 2463/2838/1701 3689/4329/1703
f 2219/4331/1689 3703/4332/1732 3704/4333/1714
f 3704/4333/1714 2228/4334/1687 2219/4331/1689
f 3687/4335/1695 3705/4336/1761 3706/4337/1733
f 3706/4337/1733 3686/4338/1693 3687/4335/1695
f 3684/4339/1683 3707/4340/1950 3708/4341/1730
f 3708/4341/1730 3680/4342/1684 3684/4339/1683
f 2743/3162/1898 3073/4307/1709 3072/4343/1838
f 3072/4343/1838 2732/3149/1837 2743/3162/1898
f 2376/2774/1701 2045/2773/1756 2044/4344/1759
f 2044/4344/1759 2375/4345/1699 2376/2774/1701
f 2218/4346/1691 3709/4347/1734 3703/4332/1732
f 3703/4332/1732 2219/4331/1689 2218/4346/1691
f 3710/4348/1913 2916/4349/1748 2891/3334/1756
f 2891/3334/1756 2893/3333/1701 3710/4348/1913
f 2642/3060/1738 2641/3059/1919 3711/4350/1914
f 3711/4350/1914 3712/4351/1901 2642/3060/1738
f 3214/4107/1704 3563/4106/1725 3253/3731/1725
f 3253/3731/1725 3215/3730/1685 3214/4107/1704
f 2799/4352/1917 2911/4353/1920 2910/4354/1759
f 2910/4354/1759 2797/4355/1699 2799/4352/1917
f 3705/4356/1761 2060/2403/1745 2059/2402/1749
f 2059/2402/1749 3706/4357/1733 3705/4356/1761
f 3268/4358/1730 2080/2423/1754 2024/2361/1746
f 2024/2361/1746 2027/2360/1731 3268/4358/1730
f 3709/4359/1734 2077/2420/1750 2076/2419/1752
f 2076/2419/1752 3703/4360/1732 3709/4359/1734
f 2462/4158/1759 3338/3840/1758 3337/3839/1972
f 3337/3839/1972 3713/4361/1743 2462/4158/1759
f 2172/2852/1733 2470/2851/1749 2493/2884/1923
f 2493/2884/1923 2173/4362/1734 2172/2852/1733
f 2473/2857/1921 2472/2856/1747 2504/2896/1924
f 2504/2896/1924 2461/4157/1920 2473/2857/1921
f 3708/4363/1730 3714/4364/1754 2471/2855/1746
f 2471/2855/1746 2474/2854/1731 3708/4363/1730
f 3706/4357/1733 2059/2402/1749 2077/2420/1750
f 2077/2420/1750 3709/4359/1734 3706/4357/1733
f 3267/4365/1715 2922/4175/1753 2080/2423/1754
f 2080/2423/1754 3268/4358/1730 3267/4365/1715
f 3591/4167/1733 3595/4166/1749 3600/4366/1750
f 3600/4366/1750 3592/4367/1734 3591/4167/1733
f 3703/4360/1732 2076/2419/1752 3715/4368/1755
f 3715/4368/1755 3704/4369/1714 3703/4360/1732
f 3713/4361/1743 3337/3839/1972 2060/2403/1745
f 2060/2403/1745 3705/4356/1761 3713/4361/1743
f 2070/2412/1771 2330/2683/1910 2031/2370/1751
f 2031/2370/1751 2030/2369/1746 2070/2412/1771
f 2345/2699/1768 3716/4370/1769 3714/4364/1754
f 3714/4364/1754 3717/4371/1753 2345/2699/1768
f 3718/4372/1762 2340/2693/1763 2038/2381/1744
f 2038/2381/1744 2483/2874/1758 3718/4372/1762
f 2942/3397/1769 2925/3377/1771 2899/3344/1746
f 2899/3344/1746 2943/3398/1754 2942/3397/1769
f 2346/2700/1770 2345/2699/1768 3717/4371/1753
f 3717/4371/1753 3715/4373/1755 2346/2700/1770
f 2357/2710/1765 2063/2404/1766 2029/2366/1750
f 2029/2366/1750 2028/2365/1749 2357/2710/1765
f 3716/4370/1769 3719/4374/1771 2471/2855/1746
f 2471/2855/1746 3714/4364/1754 3716/4370/1769
f 2339/2692/1764 2357/2710/1765 2028/2365/1749
f 2028/2365/1749 2039/2382/1745 2339/2692/1764
f 2058/2401/1765 2078/2417/1766 2077/2420/1750
f 2077/2420/1750 2059/2402/1749 2058/2401/1765
f 2326/2680/1909 2325/2679/1762 3338/3840/1758
f 3338/3840/1758 2504/2896/1924 2326/2680/1909
f 2075/2418/1767 2346/4375/1770 3715/4368/1755
f 3715/4368/1755 2076/2419/1752 2075/2418/1767
f 2774/3194/1766 2069/2409/1767 2068/2411/1752
f 2068/2411/1752 2485/2876/1923 2774/3194/1766
f 3720/4376/1784 2753/3171/1780 2783/3203/1783
f 2783/3203/1783 3538/4063/1785 3720/4376/1784
f 2316/2669/1773 3164/3629/1776 2950/3405/1779
f 2950/3405/1779 3608/4188/1774 2316/2669/1773
f 2753/3171/1780 2746/3165/1781 2784/3202/1782
f 2784/3202/1782 2783/3203/1783 2753/3171/1780
f 2952/3406/1788 3604/4183/1907 3548/4075/1908
f 3548/4075/1908 2953/3407/1789 2952/3406/1788
f 2745/4377/1786 2527/2916/1772 2348/2698/1775
f 2348/2698/1775 2347/2701/1787 2745/4377/1786
f 2622/4062/1790 2757/3176/1791 3721/4378/1792
f 3721/4378/1792 2623/4379/1793 2622/4062/1790
f 2525/2917/1773 2520/2908/1776 2519/2911/1779
f 2519/2911/1779 2526/2918/1774 2525/2917/1773
f 3164/3629/1776 3722/4380/1777 2951/3403/1778
f 2951/3403/1778 2950/3405/1779 3164/3629/1776
f 3525/4050/1788 2625/3037/1907 2624/3040/1908
f 2624/3040/1908 2356/2706/1789 3525/4050/1788
f 3184/3651/1786 2317/3650/1772 3609/4381/1775
f 3609/4381/1775 2344/2694/1787 3184/3651/1786
f 2746/3165/1781 2745/3164/1786 2347/4382/1787
f 2347/4382/1787 2784/3202/1782 2746/3165/1781
f 2531/2924/1780 2536/2928/1781 2338/2688/1911
f 2338/2688/1911 2337/2691/1783 2531/2924/1780
f 2549/2942/1797 2548/2941/1796 2555/2948/1803
f 2555/2948/1803 2558/2947/1802 2549/2942/1797
f 2542/2935/1794 2541/2934/1819 2987/3443/1796
f 2987/3443/1796 2990/3442/1797 2542/2935/1794
f 2751/3170/1794 3612/4192/1819 3019/3473/1796
f 3019/3473/1796 2752/3167/1797 2751/3170/1794
f 2153/2497/1798 2152/2496/1820 2142/2485/1800
f 2142/2485/1800 2143/2484/1801 2153/2497/1798
f 2565/2958/1798 2564/2957/1799 2551/2944/1800
f 2551/2944/1800 2554/2943/1801 2565/2958/1798
f 3726/4383/1805 3723/4384/1804 3724/4385/1811
f 3724/4385/1811 3725/4386/1812 3726/4383/1805
f 3622/4203/1813 3621/4202/1814 3368/3873/1815
f 3368/3873/1815 3370/3872/1816 3622/4203/1813
f 3725/4386/1812 3724/4385/1811 2569/2964/1817
f 2569/2964/1817 2572/2963/1818 3725/4386/1812
f 2318/2671/1805 3429/4387/1977 2926/3379/1811
f 2926/3379/1811 2319/2668/1906 2318/2671/1805
f 2748/4388/1802 3727/4389/1803 3723/4384/1804
f 3723/4384/1804 3726/4383/1805 2748/4388/1802
f 2928/3381/1818 2927/3380/1817 3728/4390/1799
f 3728/4390/1799 3729/4391/1798 2928/3381/1818
f 3729/4391/1798 3728/4390/1799 3613/4194/1800
f 3613/4194/1800 3614/4193/1801 3729/4391/1798
f 3682/4288/1704 3681/4287/1705 3689/4300/1703
f 3689/4300/1703 3690/4299/1702 3682/4288/1704
f 2569/2964/1817 2274/2621/1822 3730/4392/1832
f 3730/4392/1832 2570/2965/1799 2569/2964/1817
f 3724/4385/1811 2271/2622/1877 2274/2621/1822
f 2274/2621/1822 2569/2964/1817 3724/4385/1811
f 3723/4384/1804 2284/2635/1823 2271/2622/1877
f 2271/2622/1877 3724/4385/1811 3723/4384/1804
f 3727/4389/1803 2721/4393/1824 2284/2635/1823
f 2284/2635/1823 3723/4384/1804 3727/4389/1803
f 3371/3875/1796 2718/3136/1825 2721/3135/1824
f 2721/3135/1824 3727/4394/1803 3371/3875/1796
f 3369/3874/1819 2278/2625/1880 2718/3136/1825
f 2718/3136/1825 3371/3875/1796 3369/3874/1819
f 3368/3873/1815 2275/2626/1827 2278/2625/1880
f 2278/2625/1880 3369/3874/1819 3368/3873/1815
f 3621/4202/1814 2292/2641/1891 2275/2626/1827
f 2275/2626/1827 3368/3873/1815 3621/4202/1814
f 2135/2478/1810 2167/2512/1833 2292/2641/1891
f 2292/2641/1891 3621/4202/1814 2135/2478/1810
f 2148/2492/1817 2155/2499/1822 2165/2510/1832
f 2165/2510/1832 2152/2496/1820 2148/2492/1817
f 3385/3891/1800 3731/4395/1993 2166/2511/1830
f 2166/2511/1830 2134/2477/1807 3385/3891/1800
f 2295/2646/1713 3732/4396/1712 3733/4397/1719
f 3733/4397/1719 2296/2647/1720 2295/2646/1713
f 3701/4327/1728 3700/4326/1727 2640/3058/1834
f 2640/3058/1834 2643/3057/1735 3701/4327/1728
f 3685/4308/1682 3578/4129/1725 1949/2269/1725
f 1949/2269/1725 2229/4313/1686 3685/4308/1682
f 3681/4398/1705 2474/4399/1731 2473/4330/1921
f 2473/4330/1921 3689/4329/1703 3681/4398/1705
f 3680/4342/1684 3708/4341/1730 2474/4399/1731
f 2474/4399/1731 3681/4398/1705 3680/4342/1684
f 3735/4400/1710 3734/4401/1711 3732/4396/1712
f 3732/4396/1712 2295/2646/1713 3735/4400/1710
f 2386/2748/1913 2385/2747/1748 2438/2813/1756
f 2438/2813/1756 2441/2812/1917 2386/2748/1913
f 2296/2647/1720 3733/4397/1719 3693/4306/1706
f 3693/4306/1706 2734/3152/1904 2296/2647/1720
f 2849/3281/1725 2848/3280/1725 3284/3766/1725
f 3284/3766/1725 3562/4105/1725 2849/3281/1725
f 3686/4338/1693 3706/4337/1733 3709/4347/1734
f 3709/4347/1734 2218/4346/1691 3686/4338/1693
f 3712/4402/1901 3711/4403/1914 3734/4401/1711
f 3734/4401/1711 3735/4400/1710 3712/4402/1901
f 2794/4404/1694 3736/4405/1725 2860/3289/1725
f 2860/3289/1725 2796/4406/1696 2794/4404/1694
f 3420/4407/1914 3457/3980/1866 3460/3979/1840
f 3460/3979/1840 3421/4408/1932 3420/4407/1914
f 2570/2965/1799 3730/4392/1832 3731/4395/1993
f 3731/4395/1993 3385/3891/1800 2570/2965/1799
f 3733/4409/1719 3737/4410/1864 3738/4411/1850
f 3738/4411/1850 3693/4412/1706 3733/4409/1719
f 3732/4413/1712 3739/4414/1841 3737/4410/1864
f 3737/4410/1864 3733/4409/1719 3732/4413/1712
f 3711/4415/1914 3740/4416/1866 3741/4417/1840
f 3741/4417/1840 3734/4418/1711 3711/4415/1914
f 3734/4418/1711 3741/4417/1840 3739/4414/1841
f 3739/4414/1841 3732/4413/1712 3734/4418/1711
f 2641/4419/1919 3742/4420/1867 3740/4416/1866
f 3740/4416/1866 3711/4415/1914 2641/4419/1919
f 3700/4421/1727 3743/4422/1844 3744/4423/1845
f 3744/4423/1845 2640/4424/1834 3700/4421/1727
f 2640/4424/1834 3744/4423/1845 3742/4420/1867
f 3742/4420/1867 2641/4419/1919 2640/4424/1834
f 2393/4425/1723 2670/3085/1848 3743/4422/1844
f 3743/4422/1844 3700/4421/1727 2393/4425/1723
f 2392/4426/1722 2668/3086/1933 2670/3085/1848
f 2670/3085/1848 2393/4425/1723 2392/4426/1722
f 3072/3538/1838 3071/3537/1846 2668/3086/1933
f 2668/3086/1933 2392/4426/1722 3072/3538/1838
f 2689/3107/1934 3745/4427/1960 2263/2614/1740
f 2263/2614/1740 2262/2613/1853 3746/4428/1854
f 3746/4428/1854 3747/4429/1855 2414/2782/1741
f 2263/2614/1740 3746/4428/1854 2414/2782/1741
f 2414/2782/1741 2267/2618/1856 2266/2617/1742
f 2266/2617/1742 2270/2620/1857 2415/2781/1835
f 2299/2650/1898 2226/4430/1709 2184/4431/1838
f 2184/4431/1838 2185/2653/1837 2299/2650/1898
f 2689/3107/1934 2263/2614/1740 2415/2781/1835
f 2690/3108/1858 2689/3107/1934 2415/2781/1835
f 3744/4423/1845 3743/4422/1844 3748/4432/1871
f 3748/4432/1871 3749/4433/1873 3744/4423/1845
f 3020/3478/1841 3059/3520/1958 3097/3562/1859
f 3097/3562/1859 3114/3579/1860 3020/3478/1841
f 3742/4420/1867 3744/4423/1845 3749/4433/1873
f 3749/4433/1873 2261/2612/1868 3742/4420/1867
f 3071/3537/1846 3070/3536/1851 2269/2619/1863
f 2269/2619/1863 2265/2616/1876 3071/3537/1846
f 2222/2572/1846 1907/2229/1708 2672/3089/1863
f 2672/3089/1863 3490/4011/1872 2222/2572/1846
f 3070/3536/1851 3738/4411/1850 3750/4434/1862
f 3750/4434/1862 2269/2619/1863 3070/3536/1851
f 3737/4410/1864 3739/4414/1841 2688/3106/1860
f 2688/3106/1860 2691/3105/1865 3737/4410/1864
f 3738/4411/1850 3737/4410/1864 2691/3105/1865
f 2691/3105/1865 3750/4434/1862 3738/4411/1850
f 3739/4414/1841 3741/4417/1840 3751/4435/1859
f 3751/4435/1859 2688/3106/1860 3739/4414/1841
f 3741/4417/1840 3740/4416/1866 2264/2611/1869
f 2264/2611/1869 3751/4435/1859 3741/4417/1840
f 3740/4416/1866 3742/4420/1867 2261/2612/1868
f 2261/2612/1868 2264/2611/1869 3740/4416/1866
f 3100/3566/1846 3109/3571/1851 3108/3574/1962
f 3108/3574/1962 3101/3567/1872 3100/3566/1846
f 3749/4433/1873 3748/4432/1871 3747/4429/1855
f 3747/4429/1855 3746/4428/1854 3749/4433/1873
f 3750/4434/1862 2691/3105/1865 2690/3108/1858
f 2690/3108/1858 2415/2781/1835 3750/4434/1862
f 3753/4436/1859 3085/3550/1869 2010/2347/1740
f 2010/2347/1740 3752/4437/1935 3753/4436/1859
f 2239/2589/1860 2238/2588/1859 2230/2580/1852
f 2230/2580/1852 2180/2526/1836 2239/2589/1860
f 2252/2602/1862 2244/2595/1865 2237/2587/1858
f 2237/2587/1858 2183/2525/1835 2252/2602/1862
f 2669/3087/1870 2268/2615/1874 2267/2618/1856
f 2267/2618/1856 2414/2782/1741 2669/3087/1870
f 3748/4432/1871 2669/3087/1870 2414/2782/1741
f 2414/2782/1741 3747/4429/1855 3748/4432/1871
f 3754/4438/1863 3112/3576/1862 3083/3548/1835
f 3083/3548/1835 3082/3547/1857 3754/4438/1863
f 2688/3106/1860 3751/4435/1859 3745/4427/1960
f 3745/4427/1960 2689/3107/1934 2688/3106/1860
f 2250/2600/1870 2256/2606/1874 2234/2584/1856
f 2234/2584/1856 2182/2528/1741 2250/2600/1870
f 3757/4439/1870 3755/4440/1874 3756/4441/1937
f 3756/4441/1937 2011/2348/1741 3757/4439/1870
f 2242/2593/1863 2241/2592/1862 2639/3056/1835
f 2639/3056/1835 2638/3055/1938 2242/2593/1863
f 2275/2626/1827 2292/2641/1891 2291/2643/1893
f 2291/2643/1893 2276/2627/1881 2275/2626/1827
f 3730/4392/1832 2274/2621/1822 2273/2624/1879
f 2273/2624/1879 2735/3151/1896 3730/4392/1832
f 3731/4395/1993 3730/4392/1832 2735/3151/1896
f 2735/3151/1896 2744/3161/1946 3731/4395/1993
f 2166/2511/1830 3731/4395/1993 2744/3161/1946
f 2744/3161/1946 2731/3148/1883 2166/2511/1830
f 3729/4391/1798 3722/4380/1777 3164/3629/1776
f 3164/3629/1776 2928/3381/1818 3729/4391/1798
f 2158/2502/1825 2159/2503/1826 2283/2634/1886
f 2283/2634/1886 2288/2639/1889 2158/2502/1825
f 2165/2510/1832 2155/2499/1822 2287/2638/1879
f 2287/2638/1879 2297/2648/1896 2165/2510/1832
f 2590/3914/1829 2586/2982/1843 2723/3140/1943
f 2723/3140/1943 3670/4442/1987 2590/3914/1829
f 2154/2498/1821 2156/2500/1823 2293/2644/1894
f 2293/2644/1894 2286/2637/1888 2154/2498/1821
f 2284/2635/1823 2721/4393/1824 2720/4443/1890
f 2720/4443/1890 2285/2636/1887 2284/2635/1823
f 3067/3533/1829 3066/3532/1830 3521/4045/1883
f 3521/4045/1883 3496/4018/1947 3067/3533/1829
f 2164/2508/1831 2165/2510/1832 2297/2648/1896
f 2297/2648/1896 2281/2631/1885 2164/2508/1831
f 3670/4442/1987 2723/3140/1943 2425/2793/1837
f 2425/2793/1837 2005/2796/1721 3670/4442/1987
f 2276/2627/1881 2291/2643/1893 2394/2758/1724
f 2394/2758/1724 3701/4327/1728 2276/2627/1881
f 3508/4032/1899 3188/3656/1895 3517/4042/1724
f 3517/4042/1724 2171/2513/1728 3508/4032/1899
f 2720/3138/1890 2719/3137/1889 2642/3060/1738
f 2642/3060/1738 3712/4351/1901 2720/3138/1890
f 3758/4444/1890 3131/3596/1889 3152/3617/1738
f 3152/3617/1738 3056/3513/1901 3758/4444/1890
f 2272/2623/1878 2285/2636/1887 3735/4400/1710
f 3735/4400/1710 2295/2646/1713 2272/2623/1878
f 2712/3129/1887 2711/3128/1890 2733/3150/1901
f 2733/3150/1901 3697/4322/1710 2712/3129/1887
f 2277/2628/1882 2276/2627/1881 3701/4327/1728
f 3701/4327/1728 2643/3057/1735 2277/2628/1882
f 2719/3137/1889 2277/2628/1882 2643/3057/1735
f 2643/3057/1735 2642/3060/1738 2719/3137/1889
f 2731/3148/1883 2744/3161/1946 2743/3162/1898
f 2743/3162/1898 2732/3149/1837 2731/3148/1883
f 2285/2636/1887 2720/4443/1890 3712/4402/1901
f 3712/4402/1901 3735/4400/1710 2285/2636/1887
f 2291/2643/1893 2290/2642/1892 2395/2755/1721
f 2395/2755/1721 2394/2758/1724 2291/2643/1893
f 2553/2946/1806 2510/2902/1907 2513/2901/1788
f 2513/2901/1788 2554/2943/1801 2553/2946/1806
f 3370/3872/1816 3720/4376/1784 3759/4445/1791
f 3759/4445/1791 3622/4203/1813 3370/3872/1816
f 2558/2947/1802 2524/2912/1786 2536/2928/1781
f 2536/2928/1781 2549/2942/1797 2558/2947/1802
f 2768/3188/1798 2767/3187/1777 3760/4446/1776
f 3760/4446/1776 3761/4447/1818 2768/3188/1798
f 2136/2479/1809 2969/3425/1790 2971/3424/1907
f 2971/3424/1907 2137/2476/1806 2136/2479/1809
f 3763/4448/1809 3762/4449/1790 2510/2902/1907
f 2510/2902/1907 2553/2946/1806 3763/4448/1809
f 2572/2963/1818 2520/2908/1776 2525/2917/1773
f 2525/2917/1773 3725/4386/1812 2572/2963/1818
f 3764/4450/1818 3357/3861/1776 3180/3646/1773
f 3180/3646/1773 3183/3645/1812 3764/4450/1818
f 3766/4451/1805 3765/4452/1772 3674/4279/1786
f 3674/4279/1786 3675/4278/1802 3766/4451/1805
f 2137/2476/1806 2971/3424/1907 2755/3174/1788
f 2755/3174/1788 2756/3173/1801 2137/2476/1806
f 3726/4383/1805 2527/2916/1772 2745/4377/1786
f 2745/4377/1786 2748/4388/1802 3726/4383/1805
f 3610/4191/1990 3607/4186/1788 3362/3866/1777
f 3362/3866/1777 3611/4190/1798 3610/4191/1990
f 2623/3039/1793 3767/4453/1763 2501/2892/1762
f 2501/2892/1762 2624/3040/1908 2623/3039/1793
f 2783/3203/1783 2078/2417/1766 2058/2401/1765
f 2058/2401/1765 3538/4063/1785 2783/3203/1783
f 2538/2931/1789 2935/3389/1909 2924/3378/1910
f 2924/3378/1910 3210/3677/1778 2538/2931/1789
f 2090/2433/1779 2070/2412/1771 2064/2407/1769
f 2064/2407/1769 2085/2428/1774 2090/2433/1779
f 2085/2428/1774 2064/2407/1769 2065/2406/1768
f 2065/2406/1768 2086/2429/1775 2085/2428/1774
f 2526/2918/1774 3716/4370/1769 2345/2699/1768
f 2345/2699/1768 2348/2698/1775 2526/2918/1774
f 3208/3676/1793 2488/2880/1763 2491/2879/1762
f 2491/2879/1762 3602/4182/1908 3208/3676/1793
f 2519/2911/1779 3719/4374/1771 3716/4370/1769
f 3716/4370/1769 2526/2918/1774 2519/2911/1779
f 2327/2681/1789 2326/2680/1909 2505/2895/1910
f 2505/2895/1910 2518/2910/1778 2327/2681/1789
f 2958/3412/1908 3718/4454/1762 2329/2682/1909
f 2329/2682/1909 2103/2445/1789 2958/3412/1908
f 2347/4382/1787 2346/4375/1770 2075/2418/1767
f 2075/2418/1767 2784/3202/1782 2347/4382/1787
f 2508/2900/1792 2502/2893/1764 2054/2397/1763
f 2054/2397/1763 2785/3204/1793 2508/2900/1792
f 3693/4412/1706 3738/4411/1850 3070/3536/1851
f 3070/3536/1851 3073/3535/1709 3693/4412/1706
f 3694/4455/1685 3269/4456/1684 3652/4457/1705
f 3652/4457/1705 3695/4458/1704 3694/4455/1685
f 3768/4459/1682 3270/4460/1683 3269/4456/1684
f 3269/4456/1684 3694/4455/1685 3768/4459/1682
f 3248/4461/1686 3311/4462/1687 3270/4463/1683
f 3270/4463/1683 3768/4464/1682 3248/4461/1686
f 3247/4465/1688 3308/4466/1689 3311/4462/1687
f 3311/4462/1687 3248/4461/1686 3247/4465/1688
f 3234/4467/1690 3309/4468/1918 3308/4466/1689
f 3308/4466/1689 3247/4465/1688 3234/4467/1690
f 3233/4469/1692 3300/4470/1693 3309/4468/1918
f 3309/4468/1918 3234/4467/1690 3233/4469/1692
f 3561/4471/1694 3301/4472/1695 3300/4470/1693
f 3300/4470/1693 3233/4469/1692 3561/4471/1694
f 3566/4473/1696 3295/4474/1842 3301/4472/1695
f 3301/4472/1695 3561/4471/1694 3566/4473/1696
f 3244/4475/1698 2895/4476/1699 3295/4474/1842
f 3295/4474/1842 3566/4473/1696 3244/4475/1698
f 3243/4477/1700 2876/4478/1701 2895/4476/1699
f 2895/4476/1699 3244/4475/1698 3243/4477/1700
f 3692/4479/1702 2877/4480/1703 2876/4478/1701
f 2876/4478/1701 3243/4477/1700 3692/4479/1702
f 2787/3340/1705 2896/3339/1731 2901/4481/1921
f 2901/4481/1921 2801/4482/1913 2787/3340/1705
f 3558/4144/1913 3322/4143/1748 3312/3801/1756
f 3312/3801/1756 3315/3800/1701 3558/4144/1913
f 3557/4483/1700 2016/2353/1725 3569/4118/1725
f 3569/4118/1725 3559/4117/1702 3557/4483/1700
f 3556/4119/1698 2017/2350/1725 2016/2353/1725
f 2016/2353/1725 3557/4483/1700 3556/4119/1698
f 2802/3243/1702 2816/3242/1725 3266/3748/1725
f 3266/3748/1725 2788/4120/1704 2802/3243/1702
f 3552/4116/1685 3568/4115/1725 2807/3233/1725
f 2807/3233/1725 2810/3232/1682 3552/4116/1685
f 3692/4305/1702 2429/2798/1725 2428/2801/1725
f 2428/2801/1725 3695/4310/1704 3692/4305/1702
f 3223/4112/1690 3262/3742/1725 3235/3711/1725
f 3235/3711/1725 3225/3710/1692 3223/4112/1690
f 2801/4482/1913 2901/4481/1921 2911/4353/1920
f 2911/4353/1920 2799/4352/1917 2801/4482/1913
f 3217/3733/1682 3254/3732/1725 3256/3737/1725
f 3256/3737/1725 3219/3736/1686 3217/3733/1682
f 2809/3235/1686 2808/3234/1725 3237/3715/1725
f 3237/3715/1725 3240/3714/1688 2809/3235/1686
f 3316/3805/1694 2597/3003/1725 2179/2523/1725
f 2179/2523/1725 2201/4484/1696 3316/3805/1694
f 3253/3731/1725 3281/3763/1725 3289/3771/1725
f 3289/3771/1725 3254/3732/1725 3253/3731/1725
f 2603/3009/1725 2602/3008/1725 2420/2790/1725
f 2420/2790/1725 2423/2789/1725 2603/3009/1725
f 2016/2353/1725 2015/2352/1725 3586/4138/1725
f 3586/4138/1725 3569/4118/1725 2016/2353/1725
f 1902/4319/1703 2032/4318/1748 2913/4485/1920
f 2913/4485/1920 1900/4486/1701 1902/4319/1703
f 3580/4133/1725 3769/4487/1725 2836/3269/1725
f 2836/3269/1725 2839/3268/1725 3580/4133/1725
f 3236/3712/1725 3286/3768/1725 3285/3767/1725
f 3285/3767/1725 2803/3229/1725 3236/3712/1725
f 1890/2334/1691 1998/2333/1734 1991/2324/1732
f 1991/2324/1732 1888/2323/1689 1890/2334/1691
f 3569/4118/1725 3586/4138/1725 3584/4136/1725
f 3584/4136/1725 3567/4114/1725 3569/4118/1725
f 3237/3715/1725 3587/4139/1725 3275/3757/1725
f 3275/3757/1725 3238/3716/1725 3237/3715/1725
f 2807/3233/1725 3573/4125/1725 3588/4140/1725
f 3588/4140/1725 2808/3234/1725 2807/3233/1725
f 2375/4345/1699 2044/4344/1759 2446/2822/1716
f 2446/2822/1716 2373/2821/1842 2375/4345/1699
f 3232/3708/1725 3770/4488/1725 3771/4489/1725
f 3771/4489/1725 3560/4102/1725 3232/3708/1725
f 3271/3754/1725 2427/2800/1725 3772/4490/1725
f 2427/2800/1725 2426/2799/1725 3772/4490/1725
f 2426/2799/1725 3263/3745/1725 3772/4490/1725
f 3263/3745/1725 3571/4123/1725 3772/4490/1725
f 3571/4123/1725 3773/4491/1725 3772/4490/1725
f 3773/4491/1725 3771/4489/1725 3772/4490/1725
f 3771/4489/1725 3770/4488/1725 3772/4490/1725
f 3770/4488/1725 3575/4127/1725 3772/4490/1725
f 3575/4127/1725 3278/3760/1725 3772/4490/1725
f 3278/3760/1725 3277/3759/1725 3772/4490/1725
f 3277/3759/1725 3272/3755/1725 3772/4490/1725
f 3272/3755/1725 3271/3754/1725 3772/4490/1725
f 2199/2841/1699 2462/2840/1759 3713/4492/1743
f 3713/4492/1743 2200/4493/1842 2199/2841/1699
f 2842/3274/1725 2841/3273/1725 3769/4487/1725
f 3769/4487/1725 3580/4133/1725 2842/3274/1725
f 3308/3797/1689 3307/3796/1732 3310/3799/1714
f 3310/3799/1714 3311/3798/1687 3308/3797/1689
f 3553/4494/1689 3328/4495/1916 1914/2236/1714
f 1914/2236/1714 1917/2235/1687 3553/4494/1689
f 3304/3793/1691 3303/3792/1734 3328/4495/1916
f 3328/4495/1916 3553/4494/1689 3304/3793/1691
f 3554/4149/1695 3590/4148/1717 3302/3791/1733
f 3302/3791/1733 3305/3790/1693 3554/4149/1695
f 3300/3789/1693 3299/3788/1733 3306/3795/1734
f 3306/3795/1734 3309/3794/1918 3300/3789/1693
f 1928/2250/1724 1927/2249/1723 2214/2988/1727
f 2214/2988/1727 2313/2665/1728 1928/2250/1724
f 2364/4496/1682 2451/2827/1725 1971/2292/1725
f 1971/2292/1725 2366/2783/1686 2364/4496/1682
f 3227/4155/1917 3323/4154/1920 2408/2776/1759
f 2408/2776/1759 2409/2775/1699 3227/4155/1917
f 3269/3752/1684 3268/3751/1730 2027/4253/1731
f 2027/4253/1731 3652/4252/1705 3269/3752/1684
f 2384/4497/1731 2494/4498/1746 2499/2891/1747
f 2499/2891/1747 2385/3355/1748 2384/4497/1731
f 2913/3364/1920 2912/3363/1924 2483/4499/1758
f 2483/4499/1758 2484/4500/1759 2913/3364/1920
f 2026/2363/1748 2025/2362/1747 3597/4172/1924
f 3597/4172/1924 2875/4171/1920 2026/2363/1748
f 3292/4501/1916 3351/3853/1752 3324/3818/1755
f 3324/3818/1755 3293/3817/1714 3292/4501/1916
f 3328/4502/1916 3327/4179/1971 2479/2868/1755
f 2479/2868/1755 1914/2867/1714 3328/4502/1916
f 3592/4503/1734 3600/4181/1750 3351/3853/1752
f 3351/3853/1752 3292/4501/1916 3592/4503/1734
f 3590/4504/1717 3346/3849/1745 3345/3848/1749
f 3345/3848/1749 3302/4156/1733 3590/4504/1717
f 2176/4170/1730 3596/4169/1754 3329/3826/1746
f 3329/3826/1746 3330/3825/1731 2176/4170/1730
f 3707/4505/1950 3717/4371/1753 3714/4364/1754
f 3714/4364/1754 3708/4363/1730 3707/4505/1950
f 3313/3836/1759 3335/3835/1758 3348/3851/1744
f 3348/3851/1744 3589/4506/1716 3313/3836/1759
f 2476/2862/1730 2475/2861/1754 2494/2885/1746
f 2494/2885/1746 2384/4507/1731 2476/2862/1730
f 2408/3816/1759 2490/2882/1758 2489/2881/1760
f 2489/2881/1760 1918/4168/1716 2408/3816/1759
f 2340/2693/1763 2339/2692/1764 2039/2382/1745
f 2039/2382/1745 2038/2381/1744 2340/2693/1763
f 3719/4374/1771 2505/2895/1910 2472/2856/1747
f 2472/2856/1747 2471/2855/1746 3719/4374/1771
f 2949/3404/1910 3543/4069/1909 3597/4172/1924
f 3597/4172/1924 2025/2362/1747 2949/3404/1910
f 2924/3378/1910 2935/3389/1909 2908/3360/1924
f 2908/3360/1924 2900/3345/1751 2924/3378/1910
f 3543/4069/1909 3542/4068/1762 3334/3834/1758
f 3334/3834/1758 3597/4172/1924 3543/4069/1909
f 2495/2887/1768 3539/4065/1769 3596/4169/1754
f 3596/4169/1754 2480/2869/1922 2495/2887/1768
f 3599/4177/1771 3341/3842/1910 3320/3812/1747
f 3320/3812/1747 3329/3826/1746 3599/4177/1771
f 3207/3675/1764 3677/4281/1765 3595/4166/1749
f 3595/4166/1749 3594/4165/1745 3207/3675/1764
f 3194/3661/1766 3193/3660/1767 2902/3348/1752
f 2902/3348/1752 3774/4508/1923 3194/3661/1766
f 3352/3854/1769 3339/3841/1771 3319/3808/1746
f 3319/3808/1746 3318/3807/1754 3352/3854/1769
f 3340/3843/1909 3350/3852/1762 3335/3835/1758
f 3335/3835/1758 3321/3813/1924 3340/3843/1909
f 3767/4509/1763 2487/2877/1764 2469/2850/1745
f 2469/2850/1745 3775/4510/1744 3767/4509/1763
f 2510/2902/1907 3762/4449/1790 2785/3204/1793
f 2785/3204/1793 2511/2903/1908 2510/2902/1907
f 3536/4061/1781 3674/4279/1786 2786/3205/1787
f 2786/3205/1787 2776/3193/1782 3536/4061/1781
f 2761/3179/1780 3536/4061/1781 2776/3193/1782
f 2776/3193/1782 2775/3195/1783 2761/3179/1780
f 3776/4511/1788 3177/3643/1907 3356/3860/1908
f 3356/3860/1908 3544/4070/1789 3776/4511/1788
f 3673/4276/1781 3605/4185/1786 2782/3198/1787
f 2782/3198/1787 2781/3201/1782 3673/4276/1781
f 3603/4184/1790 3533/4058/1791 3678/4284/1792
f 3678/4284/1792 3549/4074/1793 3603/4184/1790
f 2967/3422/1907 3172/3638/1790 2334/2684/1793
f 2334/2684/1793 2333/2687/1908 2967/3422/1907
f 2956/3411/1773 3760/4512/1776 3205/4513/1779
f 3205/4513/1779 2361/2711/1774 2956/3411/1773
f 3765/4452/1772 2763/3182/1773 2351/2705/1774
f 2351/2705/1774 3541/4067/1775 3765/4452/1772
f 3166/3632/1786 3165/3631/1772 2778/3196/1775
f 2778/3196/1775 2777/3197/1787 3166/3632/1786
f 2755/3174/1788 2971/3424/1907 2328/2678/1908
f 2328/2678/1908 2327/2681/1789 2755/3174/1788
f 2517/2909/1777 2755/3174/1788 2327/2681/1789
f 2327/2681/1789 2518/2910/1778 2517/2909/1777
f 2124/2467/1801 2123/2466/1800 2587/2983/1807
f 2587/2983/1807 3381/3885/1806 2124/2467/1801
f 3183/3645/1812 3391/3896/1811 3389/3892/1817
f 3389/3892/1817 3764/4450/1818 3183/3645/1812
f 3182/3648/1805 3396/3903/1804 3391/3896/1811
f 3391/3896/1811 3183/3645/1812 3182/3648/1805
f 2546/2939/1801 2545/2938/1800 3777/4514/1807
f 3777/4514/1807 3778/4515/1806 2546/2939/1801
f 3185/3652/1802 3018/3476/1803 3429/3946/1977
f 3429/3946/1977 2318/3649/1805 3185/3652/1802
f 3779/4516/1794 3626/4209/1819 3365/4210/1796
f 3365/4210/1796 3367/4517/1797 3779/4516/1794
f 2993/3449/1816 2992/3448/1815 3626/4209/1819
f 3626/4209/1819 3779/4516/1794 2993/3449/1816
f 3534/4059/1812 3618/4199/1811 3624/4204/1817
f 3624/4204/1817 2764/3184/1818 3534/4059/1812
f 3620/4201/1809 3068/3534/1808 2991/3447/1814
f 2991/3447/1814 2994/3446/1813 3620/4201/1809
f 2752/3167/1797 3019/3473/1796 3018/3476/1803
f 3018/3476/1803 3185/3652/1802 2752/3167/1797
f 3616/4197/1797 3400/3907/1796 3397/3900/1803
f 3397/3900/1803 3619/4200/1802 3616/4197/1797
f 2765/3183/1798 3623/4205/1820 3382/3889/1800
f 3382/3889/1800 3384/3888/1801 2765/3183/1798
f 3695/4458/1704 3652/4457/1705 2877/4480/1703
f 2877/4480/1703 3692/4479/1702 3695/4458/1704
f 2927/3380/1817 3780/4518/1822 3781/4519/1832
f 3781/4519/1832 3728/4390/1799 2927/3380/1817
f 2926/3379/1811 3502/4023/1821 3780/4518/1822
f 3780/4518/1822 2927/3380/1817 2926/3379/1811
f 3777/4514/1807 3136/3601/1843 3024/3481/1957
f 3024/3481/1957 2979/3435/1810 3777/4514/1807
f 3365/3870/1796 2701/4520/1825 3782/4521/1824
f 3782/4521/1824 3366/3871/1803 3365/3870/1796
f 3429/4387/1977 3428/4024/1976 3502/4023/1821
f 3502/4023/1821 2926/3379/1811 3429/4387/1977
f 3612/4192/1819 3669/4269/1826 3016/3474/1955
f 3016/3474/1955 3019/3473/1796 3612/4192/1819
f 3379/3883/1815 3668/4270/1839 3669/4269/1826
f 3669/4269/1826 3612/4192/1819 3379/3883/1815
f 3376/3880/1814 3189/3653/1970 3668/4270/1839
f 3668/4270/1839 3379/3883/1815 3376/3880/1814
f 3613/4194/1800 3664/4265/1831 3497/4019/1843
f 3497/4019/1843 3374/3878/1807 3613/4194/1800
f 2545/2938/1800 3058/3518/1831 3136/3601/1843
f 3136/3601/1843 3777/4514/1807 2545/2938/1800
f 3375/3879/1808 3186/3654/1829 3189/3653/1970
f 3189/3653/1970 3376/3880/1814 3375/3879/1808
f 3634/4221/1991 3434/4220/1723 3416/3926/1727
f 3416/3926/1727 3419/3925/1974 3634/4221/1991
f 2422/2792/1725 2421/2791/1725 3577/4130/1725
f 3577/4130/1725 3578/4129/1725 2422/2792/1725
f 2363/3259/1685 2188/2534/1725 2451/2827/1725
f 2451/2827/1725 2364/4496/1682 2363/3259/1685
f 3158/3624/1968 3409/3918/1919 3420/3933/1914
f 3420/3933/1914 3423/3932/1901 3158/3624/1968
f 3162/3628/1837 3640/4231/1838 3783/4522/1722
f 3783/4522/1722 3516/4041/1988 3162/3628/1837
f 3408/3917/1904 3407/3916/1849 3013/4223/1709
f 3013/4223/1709 3635/4222/1949 3408/3917/1904
f 3517/4042/1724 3784/4523/1723 2168/2514/1727
f 2168/2514/1727 2171/2513/1728 3517/4042/1724
f 3574/4126/1698 2456/2833/1725 1935/2255/1725
f 1935/2255/1725 3785/4524/1700 3574/4126/1698
f 3510/4034/1930 3633/4218/1834 3410/4525/1919
f 3410/4525/1919 3413/4040/1738 3510/4034/1930
f 3120/3586/1929 3647/4526/1992 3636/4225/1838
f 3636/4225/1838 3520/4046/1837 3120/3586/1929
f 3513/4038/1837 3012/4224/1838 3436/4219/1978
f 3436/4219/1978 3514/4039/1721 3513/4038/1837
f 3516/4041/1988 3783/4522/1722 3784/4523/1723
f 3784/4523/1723 3517/4042/1724 3516/4041/1988
f 3728/4390/1799 3781/4519/1832 3664/4265/1831
f 3664/4265/1831 3613/4194/1800 3728/4390/1799
f 2389/4527/1719 3466/3985/1864 2657/3075/1861
f 2657/3075/1861 2390/4528/1706 2389/4527/1719
f 3424/4529/1712 3463/3986/1841 3466/3985/1864
f 3466/3985/1864 2389/4527/1719 3424/4529/1712
f 3409/4530/1919 3462/3983/1867 3457/3980/1866
f 3457/3980/1866 3420/4407/1914 3409/4530/1919
f 3640/4531/1838 3475/3996/1846 3468/3991/1847
f 3468/3991/1847 3783/4532/1722 3640/4531/1838
f 3421/4408/1932 3460/3979/1840 3463/3986/1841
f 3463/3986/1841 3424/4529/1712 3421/4408/1932
f 2169/4533/1834 3448/3967/1931 3462/3983/1867
f 3462/3983/1867 3409/4530/1919 2169/4533/1834
f 2168/4534/1727 3445/3968/1844 3448/3967/1931
f 3448/3967/1931 2169/4533/1834 2168/4534/1727
f 3784/4535/1723 3471/3990/1848 3445/3968/1844
f 3445/3968/1844 2168/4534/1727 3784/4535/1723
f 3639/4536/1709 2660/3074/1851 3475/3996/1846
f 3475/3996/1846 3640/4531/1838 3639/4536/1709
f 3382/3889/1800 3500/4021/1831 3066/3532/1830
f 3066/3532/1830 3069/3531/1807 3382/3889/1800
f 3783/4532/1722 3468/3991/1847 3471/3990/1848
f 3471/3990/1848 3784/4535/1723 3783/4532/1722
f 3485/4007/1934 3481/4003/1852 3026/3484/1740
f 3026/3484/1740 3661/4262/1853 3786/4537/1854
f 3786/4537/1854 3484/4006/1855 3027/3485/1741
f 3026/3484/1740 3786/4537/1854 3027/3485/1741
f 3027/3485/1741 3486/4008/1856 3028/3486/1742
f 3028/3486/1742 3491/4013/1983 3029/3483/1835
f 2675/3093/1835 2259/2610/1740 3439/3961/1979
f 3439/3961/1979 3441/3963/1742 2675/3093/1835
f 3485/4007/1934 3026/3484/1740 3029/3483/1835
f 3478/4000/1858 3485/4007/1934 3029/3483/1835
f 3645/4241/1931 3452/3971/1844 3451/3974/1871
f 3451/3974/1871 3787/4538/1873 3645/4241/1931
f 3641/4233/1864 3456/3975/1841 3455/3978/1860
f 3455/3978/1860 3479/4001/1865 3641/4233/1864
f 3427/3944/1841 3430/3947/1840 3656/4257/1859
f 3656/4257/1859 3467/3989/1982 3427/3944/1841
f 3468/3991/1847 3475/3996/1846 3474/3997/1872
f 3474/3997/1872 3469/3992/1874 3468/3991/1847
f 3015/3471/1866 3014/3470/1867 2257/2608/1868
f 2257/2608/1868 2260/2607/1875 3015/3471/1866
f 3646/4242/1867 3645/4241/1931 3787/4538/1873
f 3787/4538/1873 3487/4009/1868 3646/4242/1867
f 3476/3999/1850 3641/4233/1864 3479/4001/1865
f 3479/4001/1865 2696/3113/1862 3476/3999/1850
f 3743/4422/1844 2670/3085/1848 2669/3087/1870
f 2669/3087/1870 3748/4432/1871 3743/4422/1844
f 3449/3972/1848 3644/4238/1959 3483/4004/1874
f 3483/4004/1874 3450/3973/1981 3449/3972/1848
f 3472/3994/1866 3646/4242/1867 3487/4009/1868
f 3487/4009/1868 3473/3995/1869 3472/3994/1866
f 3426/3941/1861 3425/3940/1864 2673/3091/1865
f 2673/3091/1865 2676/3090/1862 3426/3941/1861
f 3010/3466/1851 3426/3941/1861 2676/3090/1862
f 2676/3090/1862 3657/4258/1863 3010/3466/1851
f 3787/4538/1873 3451/3974/1871 3651/4251/1855
f 3651/4251/1855 3650/4250/1854 3787/4538/1873
f 3479/4001/1865 3455/3978/1860 3648/4248/1836
f 3648/4248/1836 3480/4002/1858 3479/4001/1865
f 3461/3984/1868 3447/3970/1873 3786/4537/1854
f 3786/4537/1854 3661/4262/1853 3461/3984/1868
f 3454/3977/1859 3473/3995/1869 3443/3965/1740
f 3443/3965/1740 3649/4249/1935 3454/3977/1859
f 3660/4261/1874 3658/4259/1876 3441/3963/1742
f 3441/3963/1742 3440/3962/1856 3660/4261/1874
f 3467/3989/1982 3656/4257/1859 3438/3960/1852
f 3438/3960/1852 3437/3959/1934 3467/3989/1982
f 2673/3091/1865 3467/3989/1982 3437/3959/1934
f 3437/3959/1934 2674/3092/1858 2673/3091/1865
f 3447/3970/1873 3446/3969/1871 3484/4006/1855
f 3484/4006/1855 3786/4537/1854 3447/3970/1873
f 3455/3978/1860 3454/3977/1859 3649/4249/1935
f 3649/4249/1935 3648/4248/1836 3455/3978/1860
f 3656/4257/1859 2260/2607/1875 2259/2610/1740
f 2259/2610/1740 3438/3960/1852 3656/4257/1859
f 3658/4259/1876 3657/4258/1863 3442/3964/1980
f 3442/3964/1980 3441/3963/1742 3658/4259/1876
f 3122/3587/1872 3754/4438/1863 3082/3547/1857
f 3082/3547/1857 3081/3546/1742 3122/3587/1872
f 3780/4518/1822 3502/4023/1821 2302/2655/1878
f 2302/2655/1878 2305/2654/1879 3780/4518/1822
f 2706/3123/1926 3788/4539/1944 2309/2662/1903
f 2309/2662/1903 2312/2661/1902 2706/3123/1926
f 3790/4540/1877 3789/4541/1823 2741/3160/1894
f 2741/3160/1894 2742/3159/1878 3790/4540/1877
f 3625/4208/1823 3782/4521/1824 3522/4048/1890
f 3522/4048/1890 3524/4047/1887 3625/4208/1823
f 3792/4542/1839 3146/3608/1828 3145/3611/1895
f 3145/3611/1895 3791/4543/1899 3792/4542/1839
f 2207/2555/1831 3387/3894/1926 3667/4268/1902
f 3667/4268/1902 3141/3606/1885 2207/2555/1831
f 3398/3910/1826 3402/3909/1839 3793/4544/1881
f 3793/4544/1881 3665/4545/1886 3398/3910/1826
f 3402/3909/1839 3404/3913/1828 3794/4546/1893
f 3794/4546/1893 3793/4544/1881 3402/3909/1839
f 3404/3913/1828 2588/2984/1829 3515/4037/1987
f 3515/4037/1987 3794/4546/1893 3404/3913/1828
f 3782/4521/1824 2701/4520/1825 2700/4274/1905
f 2700/4274/1905 3522/4048/1890 3782/4521/1824
f 3066/3532/1830 3500/4021/1831 3121/3583/1942
f 3121/3583/1942 3521/4045/1883 3066/3532/1830
f 2583/2980/1828 2590/2987/1829 3670/4271/1987
f 3670/4271/1987 2300/2652/1900 2583/2980/1828
f 2704/3122/1943 2703/3121/1942 2605/3010/1929
f 2605/3010/1929 2604/3013/1837 2704/3122/1943
f 2287/2638/1879 2286/2637/1888 1925/2243/1713
f 1925/2243/1713 1924/2246/1720 2287/2638/1879
f 2280/2630/1884 2279/2629/1883 2185/2529/1837
f 2185/2529/1837 1929/2247/1721 2280/2630/1884
f 3506/4030/1887 3663/4264/1890 2402/2766/1901
f 2402/2766/1901 3415/3924/1710 3506/4030/1887
f 3142/3607/1965 3141/3606/1885 3635/4222/1949
f 3635/4222/1949 3513/4038/1837 3142/3607/1965
f 3127/3593/1878 3139/3604/1887 2432/2805/1710
f 2432/2805/1710 3041/3495/1713 3127/3593/1878
f 3665/4545/1886 3793/4544/1881 3419/3925/1974
f 3419/3925/1974 3418/3928/1735 3665/4545/1886
f 3793/4544/1881 3794/4546/1893 3634/4221/1991
f 3634/4221/1991 3419/3925/1974 3793/4544/1881
f 3145/3611/1895 3144/3610/1884 3037/3491/1721
f 3037/3491/1721 3036/3494/1724 3145/3611/1895
f 3496/4018/1947 3521/4045/1883 3520/4046/1837
f 3520/4046/1837 3511/4035/1986 3496/4018/1947
f 3187/3655/1884 3163/3625/1943 3162/3628/1837
f 3162/3628/1837 3516/4041/1988 3187/3655/1884
f 2726/3143/1895 2725/3142/1947 3795/4547/1986
f 3795/4547/1986 2399/2759/1724 2726/3143/1895
f 3381/3885/1806 2625/3037/1907 3525/4050/1788
f 3525/4050/1788 2124/2467/1801 3381/3885/1806
f 2754/3172/1794 2753/3171/1780 3720/4376/1784
f 3720/4376/1784 3370/3872/1816 2754/3172/1794
f 3378/3887/1809 2622/3038/1790 2625/3037/1907
f 2625/3037/1907 3381/3885/1806 3378/3887/1809
f 3178/3644/1806 3177/3643/1907 3776/4511/1788
f 3776/4511/1788 3614/4193/1801 3178/3644/1806
f 3620/4201/1809 3603/4184/1790 3604/4183/1907
f 3604/4183/1907 3383/3890/1806 3620/4201/1809
f 3367/4517/1797 3353/3858/1781 3354/3857/1780
f 3354/3857/1780 3779/4516/1794 3367/4517/1797
f 3779/4516/1794 3354/3857/1780 3532/4057/1784
f 3532/4057/1784 2993/3449/1816 3779/4516/1794
f 2764/3184/1818 2117/2456/1776 2955/3408/1773
f 2955/3408/1773 3534/4059/1812 2764/3184/1818
f 2994/3446/1813 3533/4058/1791 3603/4184/1790
f 3603/4184/1790 3620/4201/1809 2994/3446/1813
f 3619/4200/1802 3605/4185/1786 3673/4276/1781
f 3673/4276/1781 3616/4197/1797 3619/4200/1802
f 2550/2940/1794 2531/2924/1780 2533/2923/1784
f 2533/2923/1784 2759/3175/1816 2550/2940/1794
f 3384/3888/1801 2952/3406/1788 2114/2457/1777
f 2114/2457/1777 2765/3183/1798 3384/3888/1801
f 2518/2910/1778 2505/2895/1910 3719/4374/1771
f 3719/4374/1771 2519/2911/1779 2518/2910/1778
f 3358/3862/1779 3339/3841/1771 3352/3854/1769
f 3352/3854/1769 3359/3863/1774 3358/3862/1779
f 3537/4064/1792 2061/2400/1764 3336/3838/1763
f 3336/3838/1763 2970/3426/1793 3537/4064/1792
f 2970/3426/1793 3336/3838/1763 2325/2679/1762
f 2325/2679/1762 2328/2678/1908 2970/3426/1793
f 2777/3197/1787 2496/2886/1770 3199/4178/1767
f 3199/4178/1767 3202/3856/1782 2777/3197/1787
f 3198/3665/1792 3197/3664/1764 2331/2685/1763
f 2331/2685/1763 2334/2684/1793 3198/3665/1792
f 3201/3669/1783 3200/3668/1766 3344/3847/1765
f 3344/3847/1765 3679/4283/1785 3201/3669/1783
f 3541/4067/1775 3540/4066/1768 2067/2410/1770
f 2067/2410/1770 2786/3205/1787 3541/4067/1775
f 3678/4284/1792 3347/3846/1764 3349/3850/1763
f 3349/3850/1763 3549/4074/1793 3678/4284/1792
f 3363/3867/1778 2939/3390/1910 3339/3841/1771
f 3339/3841/1771 3358/3862/1779 3363/3867/1778
f 2522/2914/1775 2074/2413/1768 2083/2424/1770
f 2083/2424/1770 2523/2915/1787 2522/2914/1775
f 2781/3201/1782 2780/3200/1767 3601/4180/1766
f 3601/4180/1766 2111/4548/1783 2781/3201/1782
f 2390/4528/1706 2657/3075/1861 2660/3074/1851
f 2660/3074/1851 3639/4536/1709 2390/4528/1706
f 2820/4549/1685 3796/4550/1729 3797/4551/1705
f 3797/4551/1705 2823/4552/1704 2820/4549/1685
f 2814/4553/1682 2890/4554/1912 3796/4550/1729
f 3796/4550/1729 2820/4549/1685 2814/4553/1682
f 2813/4555/1686 2882/4556/1687 2890/4554/1912
f 2890/4554/1912 2814/4553/1682 2813/4555/1686
f 3583/4557/1688 2883/4558/1689 2882/4556/1687
f 2882/4556/1687 2813/4555/1686 3583/4557/1688
f 3582/4559/1690 2886/4560/1691 2883/4558/1689
f 2883/4558/1689 3583/4557/1688 3582/4559/1690
f 3581/4561/1692 2887/4562/1693 2886/4560/1691
f 2886/4560/1691 3582/4559/1690 3581/4561/1692
f 3798/4563/1694 2878/4564/1695 2887/4562/1693
f 2887/4562/1693 3581/4561/1692 3798/4563/1694
f 3799/4565/1696 2879/4566/1842 2878/4564/1695
f 2878/4564/1695 3798/4563/1694 3799/4565/1696
f 2835/4567/1698 2892/4568/1699 2879/4566/1842
f 2879/4566/1842 3799/4565/1696 2835/4567/1698
f 2834/4569/1700 2893/4570/1701 2892/4568/1699
f 2892/4568/1699 2835/4567/1698 2834/4569/1700
f 2824/4571/1702 3710/4572/1913 2893/4570/1701
f 2893/4570/1701 2834/4569/1700 2824/4571/1702
f 3256/3737/1725 3288/3770/1725 3287/3769/1725
f 3287/3769/1725 3257/3738/1725 3256/3737/1725
f 2823/3254/1704 2822/3253/1725 2819/3249/1725
f 2819/3249/1725 2820/3248/1685 2823/3254/1704
f 3768/4573/1682 3273/3756/1725 3245/3723/1725
f 3245/3723/1725 3248/3722/1686 3768/4573/1682
f 2830/3263/1692 2829/3262/1725 2825/3256/1725
f 2825/3256/1725 2827/3255/1694 2830/3263/1692
f 2796/4406/1696 2860/3289/1725 2859/3292/1725
f 2859/3292/1725 2798/4574/1698 2796/4406/1696
f 2388/2750/1688 2019/2355/1725 2817/3245/1725
f 2817/3245/1725 2791/3244/1690 2388/2750/1688
f 2792/3247/1692 2818/3246/1725 3736/4405/1725
f 3736/4405/1725 2794/4404/1694 2792/3247/1692
f 3581/4134/1692 2839/3268/1725 2838/3271/1725
f 2838/3271/1725 3798/4575/1694 3581/4134/1692
f 3798/4575/1694 2838/3271/1725 2852/3282/1725
f 2852/3282/1725 3799/4576/1696 3798/4575/1694
f 2378/4577/1702 1938/2262/1725 2189/2531/1725
f 2189/2531/1725 2379/3258/1704 2378/4577/1702
f 2808/3234/1725 3588/4140/1725 3587/4139/1725
f 3587/4139/1725 3237/3715/1725 2808/3234/1725
f 3583/4135/1688 2842/3274/1725 3580/4133/1725
f 3580/4133/1725 3582/4132/1690 3583/4135/1688
f 2818/3246/1725 2873/3307/1725 2872/3306/1725
f 2872/3306/1725 3736/4405/1725 2818/3246/1725
f 3249/3727/1725 3276/3758/1725 2014/2351/1725
f 2014/2351/1725 2017/2350/1725 3249/3727/1725
f 2815/3241/1725 2871/3305/1725 2870/3304/1725
f 2870/3304/1725 2816/3242/1725 2815/3241/1725
f 3800/4578/1702 1934/2258/1725 2410/2778/1725
f 2410/2778/1725 2413/2777/1704 3800/4578/1702
f 2803/3229/1725 3285/3767/1725 2847/3279/1725
f 2847/3279/1725 2804/3230/1725 2803/3229/1725
f 3570/4121/1725 2867/3301/1725 1993/2328/1725
f 1993/2328/1725 1996/2327/1725 3570/4121/1725
f 2411/2779/1725 3280/3762/1725 3801/4579/1725
f 3801/4579/1725 3698/4325/1725 2411/2779/1725
f 1886/2326/1687 1992/2325/1714 1989/2320/1715
f 1989/2320/1715 1882/2319/1683 1886/2326/1687
f 2019/2355/1725 2018/2354/1725 2874/3308/1725
f 2874/3308/1725 2817/3245/1725 2019/2355/1725
f 3565/4111/1725 3773/4491/1725 3571/4123/1725
f 3571/4123/1725 3241/3719/1725 3565/4111/1725
f 3266/3748/1725 2868/3302/1725 2867/3301/1725
f 2867/3301/1725 3570/4121/1725 3266/3748/1725
f 2174/2520/1691 2173/2519/1734 2460/2837/1916
f 2460/2837/1916 2367/2836/1689 2174/2520/1691
f 3564/4109/1725 2862/3294/1725 3802/4580/1725
f 2862/3294/1725 2861/3293/1725 3802/4580/1725
f 2861/3293/1725 3576/4128/1725 3802/4580/1725
f 3576/4128/1725 2851/3284/1725 3802/4580/1725
f 2851/3284/1725 2850/3283/1725 3802/4580/1725
f 2850/3283/1725 2837/3270/1725 3802/4580/1725
f 2837/3270/1725 2836/3269/1725 3802/4580/1725
f 2836/3269/1725 3769/4487/1725 3802/4580/1725
f 3769/4487/1725 2841/3273/1725 3802/4580/1725
f 2841/3273/1725 2840/3272/1725 3802/4580/1725
f 2840/3272/1725 3057/3517/1725 3802/4580/1725
f 3057/3517/1725 3564/4109/1725 3802/4580/1725
f 2892/3336/1699 2482/3335/1759 2053/3314/1716
f 2053/3314/1716 2879/3313/1842 2892/3336/1699
f 2449/2826/1918 2448/2825/1734 2907/4581/1916
f 2907/4581/1916 2790/4582/1915 2449/2826/1918
f 3796/4583/1729 2919/4584/1730 2917/4585/1731
f 2917/4585/1731 3797/4586/1705 3796/4583/1729
f 2797/4355/1699 2910/4354/1759 2023/3326/1743
f 2023/3326/1743 2795/3325/1697 2797/4355/1699
f 3694/4311/1685 3274/3753/1725 3273/3756/1725
f 3273/3756/1725 3768/4573/1682 3694/4311/1685
f 3797/4586/1705 2917/4585/1731 2916/4349/1748
f 2916/4349/1748 3710/4348/1913 3797/4586/1705
f 2790/4582/1915 2907/4581/1916 2888/3330/1714
f 2888/3330/1714 2380/3329/1687 2790/4582/1915
f 2890/3332/1912 2889/3331/1715 2919/4584/1730
f 2919/4584/1730 3796/4583/1729 2890/3332/1912
f 2878/3316/1695 2052/3315/1761 2884/3322/1733
f 2884/3322/1733 2887/3321/1693 2878/3316/1695
f 2188/2534/1725 2187/2533/1725 2444/2818/1725
f 2444/2818/1725 2451/2827/1725 2188/2534/1725
f 2228/4334/1687 3704/4333/1714 3707/4340/1950
f 3707/4340/1950 3684/4339/1683 2228/4334/1687
f 2200/4493/1842 3713/4492/1743 3705/4336/1761
f 3705/4336/1761 3687/4335/1695 2200/4493/1842
f 3589/4506/1716 3348/3851/1744 3346/3849/1745
f 3346/3849/1745 3590/4504/1717 3589/4506/1716
f 2891/4587/1756 2940/3395/1924 2481/2872/1758
f 2481/2872/1758 2482/2871/1759 2891/4587/1756
f 2738/3354/1950 2905/3353/1922 2943/3398/1754
f 2943/3398/1754 2739/3837/1951 2738/3354/1950
f 2884/4588/1733 3803/4589/1749 3774/4508/1923
f 3774/4508/1923 2885/4590/1734 2884/4588/1733
f 3704/4591/1714 3715/4373/1755 3717/4371/1753
f 3717/4371/1753 3707/4505/1950 3704/4591/1714
f 2889/4592/1715 2929/3382/1753 2918/3370/1754
f 2918/3370/1754 2919/3369/1730 2889/4592/1715
f 2052/2395/1761 2051/2394/1745 3803/4589/1749
f 3803/4589/1749 2884/4588/1733 2052/2395/1761
f 2022/4593/1717 2021/3386/1745 2931/3385/1749
f 2931/3385/1749 2447/4594/1733 2022/4593/1717
f 2916/3368/1748 2915/3367/1747 2940/3395/1924
f 2940/3395/1924 2891/4587/1756 2916/3368/1748
f 2910/3362/1759 2909/3361/1758 2020/2357/1744
f 2020/2357/1744 2023/2356/1743 2910/3362/1759
f 2447/4594/1733 2931/3385/1749 3655/4256/1750
f 3655/4256/1750 2448/4595/1734 2447/4594/1733
f 2173/4362/1734 2493/2884/1923 2492/2883/1752
f 2492/2883/1752 2460/3810/1916 2173/4362/1734
f 3677/4281/1765 3601/4596/1766 3600/4366/1750
f 3600/4366/1750 3595/4166/1749 3677/4281/1765
f 3193/3660/1767 2772/3191/1770 2903/3349/1755
f 2903/3349/1755 2902/3348/1752 3193/3660/1767
f 2488/2880/1763 3207/3675/1764 3594/4165/1745
f 3594/4165/1745 2489/2881/1760 2488/2880/1763
f 3195/3662/1765 3194/3661/1766 3774/4508/1923
f 3774/4508/1923 3803/4589/1749 3195/3662/1765
f 3654/4255/1767 3804/4597/1770 2904/3352/1755
f 2904/3352/1755 2906/3358/1752 3654/4255/1767
f 3200/3668/1766 3199/3667/1767 3327/3823/1971
f 3327/3823/1971 3326/3822/1923 3200/3668/1766
f 2930/3384/1765 3190/3658/1766 3655/4256/1750
f 3655/4256/1750 2931/3385/1749 2930/3384/1765
f 2358/2712/1769 3204/4598/1771 2914/3371/1746
f 2914/3371/1746 2918/3370/1754 2358/2712/1769
f 3598/4176/1766 2342/2696/1767 3342/3844/1752
f 3342/3844/1752 3593/4160/1750 3598/4176/1766
f 3344/3847/1765 3200/3668/1766 3326/3822/1923
f 3326/3822/1923 3345/3848/1749 3344/3847/1765
f 3804/4597/1770 2944/3396/1768 2905/3353/1922
f 2905/3353/1922 2904/3352/1755 3804/4597/1770
f 2321/2675/1763 2932/4282/1764 2021/2358/1745
f 2021/2358/1745 2020/2357/1744 2321/2675/1763
f 3175/3640/1784 2966/3417/1780 2965/3420/1783
f 2965/3420/1783 3196/3663/1785 3175/3640/1784
f 3533/4058/1791 3532/4057/1784 3679/4283/1785
f 3679/4283/1785 3678/4284/1792 3533/4058/1791
f 3176/3642/1790 2962/3413/1791 2961/3416/1792
f 2961/3416/1792 3355/3859/1793 3176/3642/1790
f 3532/4057/1784 3354/3857/1780 3201/3669/1783
f 3201/3669/1783 3679/4283/1785 3532/4057/1784
f 3760/4446/1776 2767/3187/1777 3206/3670/1778
f 3206/3670/1778 3205/3673/1779 3760/4446/1776
f 2750/3169/1780 2749/3168/1781 2343/2697/1782
f 2343/2697/1782 3676/4280/1783 2750/3169/1780
f 2959/3414/1784 2750/3169/1780 3676/4280/1783
f 3676/4280/1783 2960/3415/1785 2959/3414/1784
f 2514/4599/1791 3170/3635/1784 3191/3659/1785
f 3191/3659/1785 2515/4600/1792 2514/4599/1791
f 2110/4277/1780 3673/4276/1781 2781/3201/1782
f 2781/3201/1782 2111/4548/1783 2110/4277/1780
f 2098/2441/1786 3805/4601/1772 3806/4602/1775
f 3806/4602/1775 2099/2442/1787 2098/2441/1786
f 3362/3866/1777 3607/4186/1788 3606/4187/1789
f 3606/4187/1789 3363/3867/1778 3362/3866/1777
f 3364/3868/1777 2539/2929/1788 2538/2931/1789
f 2538/2931/1789 3210/3677/1778 3364/3868/1777
f 2989/3445/1802 2988/3444/1803 3807/4603/1804
f 3807/4603/1804 3808/4604/1805 2989/3445/1802
f 3174/3636/1952 3809/4605/1814 2540/2933/1815
f 2540/2933/1815 2543/2932/1816 3174/3636/1952
f 3173/3639/1969 3810/4606/1808 3809/4605/1814
f 3809/4605/1814 3174/3636/1952 3173/3639/1969
f 3813/4607/1812 3811/4608/1811 3812/4609/1817
f 3812/4609/1817 3761/4610/1818 3813/4607/1812
f 2764/3184/1818 3624/4204/1817 3623/4205/1820
f 3623/4205/1820 2765/3183/1798 2764/3184/1818
f 3808/4604/1805 3807/4603/1804 3811/4608/1811
f 3811/4608/1811 3813/4607/1812 3808/4604/1805
f 2999/3454/1806 2998/3453/1807 3810/4606/1808
f 3810/4606/1808 3173/3639/1969 2999/3454/1806
f 2976/3432/1797 2975/3431/1796 2983/3439/1803
f 2983/3439/1803 2986/3438/1802 2976/3432/1797
f 3763/4448/1809 3814/4611/1808 2196/2538/1814
f 2196/2538/1814 2978/3433/1813 3763/4448/1809
f 3778/4515/1806 3777/4514/1807 2979/3435/1810
f 2979/3435/1810 2982/3434/1809 3778/4515/1806
f 3610/4191/1990 2210/2554/1800 2209/2557/1807
f 2209/2557/1807 3373/3876/1806 3610/4191/1990
f 2759/3175/1816 2206/2550/1815 2205/2553/1819
f 2205/2553/1819 2550/2940/1794 2759/3175/1816
f 3374/3878/1807 3497/4019/1843 3186/3654/1829
f 3186/3654/1829 3375/3879/1808 3374/3878/1807
f 3812/4612/1817 3129/4613/1822 3815/4614/1926
f 3815/4614/1926 3000/3455/1799 3812/4612/1817
f 2823/4615/1704 3797/4616/1705 3710/4572/1913
f 3710/4572/1913 2824/4571/1702 2823/4615/1704
f 3811/4608/1811 3126/3592/1821 3129/3591/1822
f 3129/3591/1822 3812/4609/1817 3811/4608/1811
f 2988/3444/1803 3816/4617/1824 3138/3603/1823
f 3138/3603/1823 3807/4603/1804 2988/3444/1803
f 3807/4603/1804 3138/3603/1823 3126/3592/1821
f 3126/3592/1821 3811/4608/1811 3807/4603/1804
f 2987/3443/1796 3817/4618/1825 3816/4617/1824
f 3816/4617/1824 2988/3444/1803 2987/3443/1796
f 2540/2933/1815 3792/4542/1839 3818/4619/1826
f 3818/4619/1826 2541/2934/1819 2540/2933/1815
f 2541/2934/1819 3818/4619/1826 3817/4618/1825
f 3817/4618/1825 2987/3443/1796 2541/2934/1819
f 3809/4605/1814 3146/3608/1828 3792/4542/1839
f 3792/4542/1839 2540/2933/1815 3809/4605/1814
f 2998/3453/1807 3505/4027/1843 3143/3609/1829
f 3143/3609/1829 3810/4606/1808 2998/3453/1807
f 3810/4606/1808 3143/3609/1829 3146/3608/1828
f 3146/3608/1828 3809/4605/1814 3810/4606/1808
f 3148/3613/1967 3022/4321/1719 3075/4620/1706
f 3075/4620/1706 2728/3146/1897 3148/3613/1967
f 2855/3288/1898 2854/3287/1709 3406/3915/1838
f 3406/3915/1838 3150/3615/1837 2855/3288/1898
f 2311/2664/1904 1909/2995/1706 1908/3011/1709
f 1908/3011/1709 2605/3010/1929 2311/2664/1904
f 2865/3300/1738 2864/3299/1919 2430/2803/1914
f 2430/2803/1914 2433/2802/1901 2865/3300/1738
f 3043/3500/1728 3042/3499/1727 2863/3298/1736
f 2863/3298/1736 2866/3297/1735 3043/3500/1728
f 3055/3516/1710 3054/3515/1711 3023/4320/1712
f 3023/4320/1712 3147/3612/1966 3055/3516/1710
f 3152/3617/1738 3062/4621/1919 3053/3514/1914
f 3053/3514/1914 3056/3513/1901 3152/3617/1738
f 2825/3256/1725 3259/3741/1725 2454/2831/1725
f 2454/2831/1725 2457/2830/1725 2825/3256/1725
f 3050/3511/1721 3049/3510/1722 3045/4622/1723
f 3045/4622/1723 3047/4273/1724 3050/3511/1721
f 3046/3507/1728 2613/3506/1727 2612/4623/1834
f 2612/4623/1834 3151/3616/1735 3046/3507/1728
f 1970/2295/1725 1969/2294/1725 2443/2817/1725
f 2443/2817/1725 3044/3502/1725 1970/2295/1725
f 2728/3146/1897 3075/4620/1706 3052/3512/1709
f 3052/3512/1709 2729/3147/1949 2728/3146/1897
f 3000/3455/1799 3815/4614/1926 3503/4028/1831
f 3503/4028/1831 2997/3452/1800 3000/3455/1799
f 2997/3452/1800 3503/4028/1831 3505/4027/1843
f 3505/4027/1843 2998/3453/1807 2997/3452/1800
f 3038/4624/1712 3092/3558/1841 3095/3557/1864
f 3095/3557/1864 3039/4625/1719 3038/4624/1712
f 2431/4626/1711 3091/3555/1958 3092/3558/1841
f 3092/3558/1841 3038/4624/1712 2431/4626/1711
f 2430/4627/1914 3089/3551/1866 3091/3555/1958
f 3091/3555/1958 2431/4626/1711 2430/4627/1914
f 2864/4628/1919 3086/3552/1867 3089/3551/1866
f 3089/3551/1866 2430/4627/1914 2864/4628/1919
f 2863/4629/1736 2667/3081/1931 3086/3552/1867
f 3086/3552/1867 2864/4628/1919 2863/4629/1736
f 3042/4630/1727 2664/3082/1844 2667/3081/1931
f 2667/3081/1931 2863/4629/1736 3042/4630/1727
f 3035/4631/1726 3819/4632/1848 2664/3082/1844
f 2664/3082/1844 3042/4630/1727 3035/4631/1726
f 3034/4633/1722 3103/3565/1933 3819/4632/1848
f 3819/4632/1848 3035/4631/1726 3034/4633/1722
f 3406/4207/1838 3100/3566/1846 3103/3565/1933
f 3103/3565/1933 3034/4633/1722 3406/4207/1838
f 3039/4625/1719 3095/3557/1864 3106/3572/1861
f 3106/3572/1861 2853/4634/1706 3039/4625/1719
f 3820/4635/1934 3821/4636/1935 2845/3278/1740
f 2845/3278/1740 3117/3582/1853 2846/3275/1854
f 2846/3275/1854 3116/3581/1855 2843/3276/1741
f 3083/3548/1835 3076/3541/1934 3078/3543/1740
f 3078/3543/1740 2682/3100/1741 3083/3548/1835
f 2843/3276/1741 3123/3588/1937 3125/3590/1742
f 3125/3590/1742 3124/3589/1938 2844/3277/1739
f 2843/3276/1741 3125/3590/1742 2844/3277/1739
f 3820/4635/1934 2845/3278/1740 2844/3277/1739
f 3110/3575/1858 3820/4635/1934 2844/3277/1739
f 3074/3539/1861 3021/3479/1864 3111/3577/1865
f 3111/3577/1865 3112/3576/1862 3074/3539/1861
f 3021/3479/1864 3020/3478/1841 3114/3579/1860
f 3114/3579/1860 3111/3577/1865 3021/3479/1864
f 3061/3524/1867 2611/3023/1931 3113/3578/1873
f 3113/3578/1873 3098/3563/1868 3061/3524/1867
f 2610/3022/1844 3063/3526/1848 2681/3099/1870
f 2681/3099/1870 2684/3098/1871 2610/3022/1844
f 2664/3082/1844 3819/4632/1848 3115/3580/1870
f 3115/3580/1870 2665/3083/1871 2664/3082/1844
f 3819/4632/1848 3103/3565/1933 3102/3568/1874
f 3102/3568/1874 3115/3580/1870 3819/4632/1848
f 3064/3528/1959 3065/3530/1846 3122/3587/1872
f 3122/3587/1872 2897/3341/1874 3064/3528/1959
f 3435/3957/1959 3011/3467/1846 3658/4259/1876
f 3658/4259/1876 3660/4261/1874 3435/3957/1959
f 3092/3558/1841 3091/3555/1958 3090/3556/1859
f 3090/3556/1859 3093/3559/1860 3092/3558/1841
f 2611/3023/1931 2610/3022/1844 2684/3098/1871
f 2684/3098/1871 3113/3578/1873 2611/3023/1931
f 3065/3530/1846 3211/3678/1851 3754/4438/1863
f 3754/4438/1863 3122/3587/1872 3065/3530/1846
f 2240/2591/1861 2608/3017/1864 2685/3102/1940
f 2685/3102/1940 2241/2592/1862 2240/2591/1861
f 3102/3568/1874 3101/3567/1872 3125/3590/1742
f 3125/3590/1742 3123/3588/1937 3102/3568/1874
f 3090/3556/1859 3088/3554/1869 2845/3278/1740
f 2845/3278/1740 3821/4636/1935 3090/3556/1859
f 2653/3070/1876 2242/2593/1863 2638/3055/1938
f 2638/3055/1938 2637/3054/1742 2653/3070/1876
f 3088/3554/1869 3087/3553/1961 3117/3582/1853
f 3117/3582/1853 2845/3278/1740 3088/3554/1869
f 3113/3578/1873 2684/3098/1871 2683/3101/1855
f 2683/3101/1855 3080/3545/1854 3113/3578/1873
f 3093/3559/1860 3090/3556/1859 3821/4636/1935
f 3821/4636/1935 3820/4635/1934 3093/3559/1860
f 3094/3560/1865 3093/3559/1860 3820/4635/1934
f 3820/4635/1934 3110/3575/1858 3094/3560/1865
f 2666/3084/1873 2665/3083/1871 3116/3581/1855
f 3116/3581/1855 2846/3275/1854 2666/3084/1873
f 3114/3579/1860 3097/3562/1859 3077/3542/1960
f 3077/3542/1960 3076/3541/1934 3114/3579/1860
f 3096/3561/1875 3098/3563/1868 3079/3544/1853
f 3079/3544/1853 3078/3543/1740 3096/3561/1875
f 2645/3062/1939 2652/3069/1870 2635/3052/1741
f 2635/3052/1741 2634/3051/1855 2645/3062/1939
f 2672/3089/1863 2671/3088/1862 2013/2346/1739
f 2013/2346/1739 3489/4012/1938 2672/3089/1863
f 3818/4619/1826 3792/4542/1839 3791/4543/1899
f 3791/4543/1899 3672/4275/1882 3818/4619/1826
f 3816/4617/1824 3817/4618/1825 3155/3621/1905
f 3155/3621/1905 3156/3620/1890 3816/4617/1824
f 2585/2981/1831 2578/2972/1926 3140/3605/1902
f 3140/3605/1902 2722/3139/1946 2585/2981/1831
f 3143/3609/1829 3505/4027/1843 3149/3614/1943
f 3149/3614/1943 3144/3610/1884 3143/3609/1829
f 3004/3459/1823 3003/3458/1824 3758/4444/1890
f 3758/4444/1890 3671/4272/1894 3004/3459/1823
f 3008/3463/1821 3004/3459/1823 3671/4272/1894
f 3671/4272/1894 3133/3598/1964 3008/3463/1821
f 3002/3457/1826 3001/3456/1827 3153/3618/1881
f 3153/3618/1881 3130/3595/1963 3002/3457/1826
f 3668/4270/1839 3189/3653/1970 3188/3656/1895
f 3188/3656/1895 3508/4032/1899 3668/4270/1839
f 3788/4637/1944 3790/4540/1877 2742/3159/1878
f 2742/3159/1878 2309/4638/1903 3788/4637/1944
f 3815/4614/1926 3129/4613/1822 3128/4639/1879
f 3128/4639/1879 3519/4044/1902 3815/4614/1926
f 3394/3901/1824 3399/3906/1825 3666/4267/1905
f 3666/4267/1905 3663/4264/1890 3394/3901/1824
f 3058/3518/1831 3007/3462/1926 2727/3145/1948
f 2727/3145/1948 2730/3144/1942 3058/3518/1831
f 3671/4272/1894 3758/4444/1890 3056/3513/1901
f 3056/3513/1901 3055/3516/1710 3671/4272/1894
f 2709/3127/1903 2708/3126/1878 3631/4213/1713
f 3631/4213/1713 3630/4216/1720 2709/3127/1903
f 2708/3126/1878 3524/4047/1887 3523/4049/1710
f 3523/4049/1710 3631/4213/1713 2708/3126/1878
f 3153/3618/1881 3135/4640/1893 3047/3504/1724
f 3047/3504/1724 3046/3507/1728 3153/3618/1881
f 3672/4275/1882 3791/4543/1899 3043/3500/1728
f 3043/3500/1728 2866/3297/1735 3672/4275/1882
f 3141/3606/1885 3667/4268/1902 3408/3917/1904
f 3408/3917/1904 3635/4222/1949 3141/3606/1885
f 3128/3594/1879 3127/3593/1878 3041/3495/1713
f 3041/3495/1713 3040/3498/1720 3128/3594/1879
f 3149/3614/1943 3504/4029/1946 2855/3288/1898
f 2855/3288/1898 3150/3615/1837 3149/3614/1943
f 3794/4546/1893 3515/4037/1987 3514/4039/1721
f 3514/4039/1721 3634/4221/1991 3794/4546/1893
f 3519/4044/1902 3128/4639/1879 3040/4641/1720
f 3040/4641/1720 2856/3285/1897 3519/4044/1902
f 3137/3602/1943 2730/3144/1942 2729/3147/1949
f 2729/3147/1949 3051/3508/1837 3137/3602/1943
f 3140/3605/1902 2737/3153/1879 2419/2785/1720
f 2419/2785/1720 2418/2788/1897 3140/3605/1902
f 3761/4610/1818 3760/4512/1776 2956/3411/1773
f 2956/3411/1773 3813/4607/1812 3761/4610/1818
f 2542/2935/1794 2966/3417/1780 3175/3640/1784
f 3175/3640/1784 2543/2932/1816 2542/2935/1794
f 2976/3432/1797 2101/2440/1781 3169/3634/1780
f 3169/3634/1780 2977/3429/1794 2976/3432/1797
f 2989/3445/1802 3361/3865/1786 2963/3418/1781
f 2963/3418/1781 2990/3442/1797 2989/3445/1802
f 2985/3441/1805 3805/4601/1772 2098/2441/1786
f 2098/2441/1786 2986/3438/1802 2985/3441/1805
f 2978/3433/1813 2509/2897/1791 3762/4449/1790
f 3762/4449/1790 3763/4448/1809 2978/3433/1813
f 3808/4604/1805 2957/3410/1772 3361/3865/1786
f 3361/3865/1786 2989/3445/1802 3808/4604/1805
f 2982/3434/1809 2516/2905/1790 2537/2930/1907
f 2537/2930/1907 3778/4515/1806 2982/3434/1809
f 2981/3437/1813 2514/2906/1791 2516/2905/1790
f 2516/2905/1790 2982/3434/1809 2981/3437/1813
f 2996/3450/1816 3170/3635/1784 2514/4599/1791
f 2514/4599/1791 2981/4642/1813 2996/3450/1816
f 3778/4515/1806 2537/2930/1907 2539/2929/1788
f 2539/2929/1788 2546/2939/1801 3778/4515/1806
f 2751/3170/1794 2750/3169/1780 2959/3414/1784
f 2959/3414/1784 3380/3884/1816 2751/3170/1794
f 2111/2454/1783 3601/4596/1766 3677/4281/1765
f 3677/4281/1765 2112/2455/1785 2111/2454/1783
f 2773/3192/1787 2772/3191/1770 3193/3660/1767
f 3193/3660/1767 2964/3419/1911 2773/3192/1787
f 2100/2443/1782 3654/4255/1767 3190/3658/1766
f 3190/3658/1766 3192/3657/1783 2100/2443/1782
f 3806/4602/1775 2944/3396/1768 3804/4597/1770
f 3804/4597/1770 2099/2442/1787 3806/4602/1775
f 2333/2687/1908 2332/2686/1762 2941/3394/1909
f 2941/3394/1909 2968/3423/1789 2333/2687/1908
f 2106/2449/1793 2340/2693/1763 3718/4372/1762
f 3718/4372/1762 2958/3421/1908 2106/2449/1793
f 3191/3659/1785 2930/3384/1765 2932/3383/1764
f 2932/3383/1764 2515/4600/1792 3191/3659/1785
f 3205/4513/1779 3204/4598/1771 2358/2712/1769
f 2358/2712/1769 2361/2711/1774 3205/4513/1779
f 3606/4187/1789 2936/3391/1909 2939/3390/1910
f 2939/3390/1910 3363/3867/1778 3606/4187/1789
f 2115/2458/1778 3341/3842/1910 3599/4177/1771
f 3599/4177/1771 2116/2459/1779 2115/2458/1778
f 2099/2442/1787 3804/4597/1770 3654/4255/1767
f 3654/4255/1767 2100/2443/1782 2099/2442/1787
f 3608/4188/1774 2081/2421/1769 2921/4174/1768
f 2921/4174/1768 3609/4189/1775 3608/4188/1774
f 2853/4634/1706 3106/3572/1861 3109/3571/1851
f 3109/3571/1851 2854/4206/1709 2853/4634/1706
f 2412/4643/1685 2601/4644/1729 2387/4645/1705
f 2387/4645/1705 2413/4646/1704 2412/4643/1685
f 3699/4647/1682 3255/4648/1912 2601/4644/1729
f 2601/4644/1729 2412/4643/1685 3699/4647/1682
f 3033/4649/1686 2405/4650/1687 3255/4648/1912
f 3255/4648/1912 3699/4647/1682 3033/4649/1686
f 3032/4651/1688 2406/4652/1915 2405/4650/1687
f 2405/4650/1687 3033/4649/1686 3032/4651/1688
f 2831/4653/1690 2459/4654/1918 2406/4652/1915
f 2406/4652/1915 3032/4651/1688 2831/4653/1690
f 2830/4655/1692 3822/4656/1693 2459/4654/1918
f 2459/4654/1918 2831/4653/1690 2830/4655/1692
f 2827/4657/1694 3823/4658/1718 3822/4656/1693
f 3822/4656/1693 2830/4655/1692 2827/4657/1694
f 2826/4659/1696 3824/4660/1697 3823/4658/1718
f 3823/4658/1718 2827/4657/1694 2826/4659/1696
f 3574/4661/1698 2440/4662/1699 3824/4660/1697
f 3824/4660/1697 2826/4659/1696 3574/4661/1698
f 3785/4663/1700 2441/4664/1917 2440/4662/1699
f 2440/4662/1699 3574/4661/1698 3785/4663/1700
f 3800/4665/1702 2386/4666/1913 2441/4664/1917
f 2441/4664/1917 3785/4663/1700 3800/4665/1702
f 2303/2656/1713 3424/3938/1712 2389/2752/1719
f 2389/2752/1719 2304/2657/1720 2303/2656/1713
f 1900/4486/1701 2913/4485/1920 2484/2991/1759
f 2484/2991/1759 1898/2990/1699 1900/4486/1701
f 1958/2282/1700 1939/2259/1725 1938/2262/1725
f 1938/2262/1725 2378/4577/1702 1958/2282/1700
f 3630/4216/1720 3629/4215/1719 3642/4667/1706
f 3642/4667/1706 3119/3585/1897 3630/4216/1720
f 3567/4114/1725 3584/4136/1725 3572/4124/1725
f 3572/4124/1725 3568/4115/1725 3567/4114/1725
f 2202/4668/1698 1981/2307/1725 1980/2310/1725
f 1980/2310/1725 3688/4312/1700 2202/4668/1698
f 2798/4574/1698 2859/3292/1725 2815/3241/1725
f 2815/3241/1725 2800/3240/1700 2798/4574/1698
f 3799/4576/1696 2852/3282/1725 2832/3265/1725
f 2832/3265/1725 2835/3264/1698 3799/4576/1696
f 3785/4524/1700 1935/2255/1725 1934/2258/1725
f 1934/2258/1725 3800/4578/1702 3785/4524/1700
f 1948/2272/1725 1947/2271/1725 3696/4315/1725
f 3696/4315/1725 3691/4302/1725 1948/2272/1725
f 2008/2345/1738 2007/2344/1737 2617/4669/1914
f 2617/4669/1914 2733/3150/1901 2008/2345/1738
f 1912/2234/1713 1911/2233/1712 2592/4670/1719
f 2592/4670/1719 2310/4671/1720 1912/2234/1713
f 3736/4405/1725 2872/3306/1725 2857/3290/1725
f 2857/3290/1725 2860/3289/1725 3736/4405/1725
f 3119/3585/1897 3642/4667/1706 3647/4526/1992
f 3647/4526/1992 3120/3586/1929 3119/3585/1897
f 3222/4153/1918 3592/4152/1734 3292/3777/1916
f 3292/3777/1916 3220/3776/1915 3222/4153/1918
f 3698/4325/1725 3801/4579/1725 3264/3746/1725
f 3264/3746/1725 3030/3488/1725 3698/4325/1725
f 2298/2649/1897 2227/2751/1849 2226/4430/1709
f 2226/4430/1709 2299/2650/1898 2298/2649/1897
f 2597/3003/1725 2596/3002/1725 2178/2524/1725
f 2178/2524/1725 2179/2523/1725 2597/3003/1725
f 2456/2833/1725 2455/2832/1725 1932/2256/1725
f 1932/2256/1725 1935/2255/1725 2456/2833/1725
f 3231/3707/1725 3575/4127/1725 3770/4488/1725
f 3770/4488/1725 3232/3708/1725 3231/3707/1725
f 3560/4102/1725 3771/4489/1725 3773/4491/1725
f 3773/4491/1725 3565/4111/1725 3560/4102/1725
f 3563/4106/1725 3282/3764/1725 3281/3763/1725
f 3281/3763/1725 3253/3731/1725 3563/4106/1725
f 3235/3711/1725 3261/3744/1725 3286/3768/1725
f 3286/3768/1725 3236/3712/1725 3235/3711/1725
f 3254/3732/1725 3289/3771/1725 3288/3770/1725
f 3288/3770/1725 3256/3737/1725 3254/3732/1725
f 3280/3762/1725 3279/3761/1725 3825/4672/1725
f 3279/3761/1725 1933/2257/1725 3825/4672/1725
f 1933/2257/1725 1932/2256/1725 3825/4672/1725
f 1932/2256/1725 2455/2832/1725 3825/4672/1725
f 2455/2832/1725 2454/2831/1725 3825/4672/1725
f 2454/2831/1725 3259/3741/1725 3825/4672/1725
f 3259/3741/1725 3258/3740/1725 3825/4672/1725
f 3258/3740/1725 3579/4131/1725 3825/4672/1725
f 3579/4131/1725 3265/3747/1725 3825/4672/1725
f 3265/3747/1725 3264/3746/1725 3825/4672/1725
f 3264/3746/1725 3801/4579/1725 3825/4672/1725
f 3801/4579/1725 3280/3762/1725 3825/4672/1725
f 1896/2993/1697 2041/2992/1716 2040/3296/1717
f 2040/3296/1717 1894/3295/1695 1896/2993/1697
f 2732/3149/1837 3072/4343/1838 2392/2756/1722
f 2392/2756/1722 2395/2755/1721 2732/3149/1837
f 2440/2815/1699 2439/2814/1759 2468/4673/1743
f 2468/4673/1743 3824/4674/1697 2440/2815/1699
f 2201/4484/1696 2179/2523/1725 1981/2307/1725
f 1981/2307/1725 2202/4668/1698 2201/4484/1696
f 3824/4674/1697 2468/4673/1743 2920/4675/1761
f 2920/4675/1761 3823/4676/1718 3824/4674/1697
f 2733/3150/1901 2617/4669/1914 2616/4323/1932
f 2616/4323/1932 3697/4322/1710 2733/3150/1901
f 3822/4677/1693 3826/4678/1733 2458/2835/1734
f 2458/2835/1734 2459/2834/1918 3822/4677/1693
f 3040/4641/1720 3039/4679/1719 2853/3286/1706
f 2853/3286/1706 2856/3285/1897 3040/4641/1720
f 2805/3231/1698 2804/3230/1725 2849/3281/1725
f 2849/3281/1725 3228/4108/1700 2805/3231/1698
f 2177/2522/1729 2176/2521/1730 3330/4142/1731
f 3330/4142/1731 3550/4141/1705 2177/2522/1729
f 1944/2268/1725 1943/2267/1725 2434/2807/1725
f 2434/2807/1725 2435/2806/1725 1944/2268/1725
f 2859/3292/1725 2858/3291/1725 2871/3305/1725
f 2871/3305/1725 2815/3241/1725 2859/3292/1725
f 2438/3356/1756 2498/2890/1924 2056/2399/1758
f 2056/2399/1758 2439/2847/1759 2438/3356/1756
f 2881/3350/1714 2903/3349/1755 2929/3382/1753
f 2929/3382/1753 2889/4592/1715 2881/3350/1714
f 1974/2860/1730 2072/2415/1754 2477/2864/1746
f 2477/2864/1746 1975/2863/1731 1974/2860/1730
f 1991/2373/1732 2034/2372/1752 2037/2379/1755
f 2037/2379/1755 1992/2378/1714 1991/2373/1732
f 1990/2377/1730 2036/2376/1754 2030/2369/1746
f 2030/2369/1746 2033/2368/1731 1990/2377/1730
f 2446/4680/1716 3775/4510/1744 2469/2850/1745
f 2469/2850/1745 2445/2849/1717 2446/4680/1716
f 2920/3373/1761 2503/2894/1925 2933/3388/1749
f 2933/3388/1749 3826/4681/1733 2920/3373/1761
f 2044/2387/1759 2043/2386/1758 3775/4682/1744
f 3775/4682/1744 2446/4683/1716 2044/2387/1759
f 3290/3809/1731 3319/3808/1746 2938/3393/1751
f 2938/3393/1751 3291/4173/1921 3290/3809/1731
f 3826/4681/1733 2933/3388/1749 2485/2876/1923
f 2485/2876/1923 2458/2875/1734 3826/4681/1733
f 2448/4595/1734 3655/4256/1750 2906/3358/1752
f 2906/3358/1752 2907/3357/1916 2448/4595/1734
f 2885/4590/1734 3774/4508/1923 2902/3348/1752
f 2902/3348/1752 2880/3347/1916 2885/4590/1734
f 3197/3664/1764 3195/3662/1765 3803/4589/1749
f 3803/4589/1749 2051/2394/1745 3197/3664/1764
f 2329/2682/1909 3718/4454/1762 2483/4499/1758
f 2483/4499/1758 2912/3363/1924 2329/2682/1909
f 2330/2683/1910 2329/2682/1909 2912/3363/1924
f 2912/3363/1924 2031/2370/1751 2330/2683/1910
f 2349/4684/1771 2500/2888/1910 2499/2891/1747
f 2499/2891/1747 2494/4498/1746 2349/4684/1771
f 2497/2889/1909 2057/2396/1762 2056/2399/1758
f 2056/2399/1758 2498/2890/1924 2497/2889/1909
f 3336/3838/1763 2061/2400/1764 2060/2403/1745
f 2060/2403/1745 3337/3839/1972 3336/3838/1763
f 2502/2893/1764 2934/3387/1765 2933/3388/1749
f 2933/3388/1749 2503/2894/1925 2502/2893/1764
f 3546/4072/1764 3545/4071/1989 3332/3829/1749
f 3332/3829/1749 3331/3828/1745 3546/4072/1764
f 2067/2410/1770 3540/4066/1768 2047/2390/1753
f 2047/2390/1753 2046/2389/1755 2067/2410/1770
f 2501/2892/1762 3767/4453/1763 3775/4682/1744
f 3775/4682/1744 2043/2386/1758 2501/2892/1762
f 2079/2422/1771 2949/3404/1910 2025/2362/1747
f 2025/2362/1747 2024/2361/1746 2079/2422/1771
f 3540/4066/1768 2350/2704/1769 2475/2861/1754
f 2475/2861/1754 2047/2390/1753 3540/4066/1768
f 2763/3182/1773 2530/3181/1776 2352/2702/1779
f 2352/2702/1779 2351/2705/1774 2763/3182/1773
f 3674/4279/1786 3765/4452/1772 3541/4067/1775
f 3541/4067/1775 2786/3205/1787 3674/4279/1786
f 3165/3631/1772 2955/3408/1773 2954/3409/1774
f 2954/3409/1774 2778/3196/1775 3165/3631/1772
f 3805/4601/1772 2948/3399/1773 2947/3402/1774
f 2947/3402/1774 3806/4602/1775 3805/4601/1772
f 3759/4445/1791 3720/4376/1784 3538/4063/1785
f 3538/4063/1785 3537/4064/1792 3759/4445/1791
f 3762/4449/1790 2509/2897/1791 2508/2900/1792
f 2508/2900/1792 2785/3204/1793 3762/4449/1790
f 2757/3176/1791 2533/2923/1784 2532/2925/1785
f 2532/2925/1785 3721/4378/1792 2757/3176/1791
f 2506/2898/1784 2761/3179/1780 2775/3195/1783
f 2775/3195/1783 2507/2899/1785 2506/2898/1784
f 3722/4380/1777 3776/4511/1788 3544/4070/1789
f 3544/4070/1789 2951/3403/1778 3722/4380/1777
f 3526/4051/1777 3525/4050/1788 2356/2706/1789
f 2356/2706/1789 2355/2709/1778 3526/4051/1777
f 2760/3178/1776 3526/4051/1777 2355/2709/1778
f 2355/2709/1778 2771/3189/1779 2760/3178/1776
f 2969/3425/1790 3759/4445/1791 3537/4064/1792
f 3537/4064/1792 2970/3426/1793 2969/3425/1790
f 2557/2950/1805 2556/2949/1804 2561/2954/1811
f 2561/2954/1811 2562/2953/1812 2557/2950/1805
f 3675/4278/1802 3827/4685/1803 3828/4686/1804
f 3828/4686/1804 3766/4451/1805 3675/4278/1802
f 2756/3173/1801 3385/3891/1800 2134/2477/1807
f 2134/2477/1807 2137/2476/1806 2756/3173/1801
f 2120/2463/1797 2119/2462/1796 3827/4685/1803
f 3827/4685/1803 3675/4278/1802 2120/2463/1797
f 3535/4060/1812 3009/3464/1811 2972/3428/1817
f 2972/3428/1817 2973/3427/1818 3535/4060/1812
f 2747/3166/1797 3371/3875/1796 3727/4394/1803
f 3727/4394/1803 2748/3163/1802 2747/3166/1797
f 3761/4447/1818 3812/4612/1817 3000/3455/1799
f 3000/3455/1799 2768/3188/1798 3761/4447/1818
f 2981/4642/1813 2980/3955/1814 2995/3451/1815
f 2995/3451/1815 2996/3450/1816 2981/4642/1813
f 2985/3441/1805 2984/3440/1804 3009/3464/1811
f 3009/3464/1811 3535/4060/1812 2985/3441/1805
f 3764/4450/1818 3389/3892/1817 3388/3895/1799
f 3388/3895/1799 3611/4190/1798 3764/4450/1818
f 2553/2946/1806 2552/2945/1807 3814/4611/1808
f 3814/4611/1808 3763/4448/1809 2553/2946/1806
f 3766/4451/1805 3828/4686/1804 2567/2960/1811
f 2567/2960/1811 2568/2959/1812 3766/4451/1805
f 2413/4687/1704 2387/4688/1705 2386/4666/1913
f 2386/4666/1913 3800/4665/1702 2413/4687/1704
f 2563/2956/1817 3788/4539/1944 2706/3123/1926
f 2706/3123/1926 2564/2957/1799 2563/2956/1817
f 2567/2960/1811 3790/4540/1877 3788/4637/1944
f 3788/4637/1944 2563/2961/1817 2567/2960/1811
f 3828/4686/1804 3789/4541/1823 3790/4540/1877
f 3790/4540/1877 2567/2960/1811 3828/4686/1804
f 3827/4685/1803 3829/4689/1994 3789/4541/1823
f 3789/4541/1823 3828/4686/1804 3827/4685/1803
f 2119/2462/1796 2716/3130/1825 3829/4689/1994
f 3829/4689/1994 3827/4685/1803 2119/2462/1796
f 3410/4243/1919 3646/4242/1867 3472/3994/1866
f 3472/3994/1866 3411/4211/1914 3410/4243/1919
f 2551/2944/1800 2702/3120/1831 2705/3119/1843
f 2705/3119/1843 2552/2945/1807 2551/2944/1800
f 2118/2461/1795 2713/3131/1880 2716/3130/1825
f 2716/3130/1825 2119/2462/1796 2118/2461/1795
f 3814/4611/1808 2724/3141/1829 2193/2539/1828
f 2193/2539/1828 2196/2538/1814 3814/4611/1808
f 2453/2978/1914 2249/2596/1866 2197/2543/1840
f 2197/2543/1840 1940/2542/1711 2453/2978/1914
f 2552/2945/1807 2705/3119/1843 2724/3141/1829
f 2724/3141/1829 3814/4611/1808 2552/2945/1807
f 2604/3013/1837 2223/3012/1838 3393/4690/1722
f 3393/4690/1722 3795/4547/1986 2604/3013/1837
f 2789/4122/1685 3570/4121/1725 1996/2327/1725
f 1996/2327/1725 2382/3250/1682 2789/4122/1685
f 3795/4547/1986 3393/4690/1722 2396/2760/1723
f 2396/2760/1723 2399/2759/1724 3795/4547/1986
f 1934/2258/1725 1933/2257/1725 3279/3761/1725
f 3279/3761/1725 2410/2778/1725 1934/2258/1725
f 3154/3619/1898 2628/4691/1709 2424/2794/1838
f 2424/2794/1838 2425/2793/1837 3154/3619/1898
f 1903/4145/1702 2190/2536/1725 2192/2537/1725
f 2192/2537/1725 1905/2842/1704 1903/4145/1702
f 2412/2780/1685 2411/2779/1725 3698/4325/1725
f 3698/4325/1725 3699/4324/1682 2412/2780/1685
f 2418/2788/1897 2417/2787/1849 2628/4691/1709
f 2628/4691/1709 3154/3619/1898 2418/2788/1897
f 2607/3015/1930 2606/3014/1834 2576/2997/1919
f 2576/2997/1919 2594/2996/1927 2607/3015/1930
f 2593/2999/1901 2575/2998/1914 1910/2232/1711
f 1910/2232/1711 1913/2231/1710 2593/2999/1901
f 3823/4676/1718 2920/4675/1761 3826/4678/1733
f 3826/4678/1733 3822/4677/1693 3823/4676/1718
f 3151/3616/1735 2612/4623/1834 3062/4621/1919
f 3062/4621/1919 3152/3617/1738 3151/3616/1735
f 2564/2957/1799 2706/3123/1926 2702/3120/1831
f 2702/3120/1831 2551/2944/1800 2564/2957/1799
f 2592/4692/1719 2650/3064/1864 1906/2228/1707
f 1906/2228/1707 1909/2227/1706 2592/4692/1719
f 1911/4693/1712 2647/3065/1841 2650/3064/1864
f 2650/3064/1864 2592/4692/1719 1911/4693/1712
f 2424/3045/1838 2627/3044/1846 2626/3042/1933
f 2626/3042/1933 2004/3041/1722 2424/3045/1838
f 3366/3871/1803 3782/4521/1824 3625/4208/1823
f 3625/4208/1823 3615/4195/1804 3366/3871/1803
f 1910/4694/1711 3830/4695/1958 2647/3065/1841
f 2647/3065/1841 1911/4693/1712 1910/4694/1711
f 2606/4696/1834 2661/3078/1845 2573/2968/1867
f 2573/2968/1867 2576/2967/1919 2606/4696/1834
f 2397/4697/1727 3104/3569/1844 2661/3078/1845
f 2661/3078/1845 2606/4696/1834 2397/4697/1727
f 2396/4698/1723 3831/4699/1848 3104/3569/1844
f 3104/3569/1844 2397/4697/1727 2396/4698/1723
f 2575/2970/1914 2574/2969/1866 3830/4695/1958
f 3830/4695/1958 1910/4694/1711 2575/2970/1914
f 3400/3907/1796 3399/3906/1825 3394/3901/1824
f 3394/3901/1824 3397/3900/1803 3400/3907/1796
f 3393/3899/1722 3392/3898/1959 3831/4699/1848
f 3831/4699/1848 2396/4698/1723 3393/3899/1722
f 3832/4700/1934 3752/4437/1935 2010/2347/1740
f 2010/2347/1740 2687/3104/1941 2686/3103/1854
f 2686/3103/1854 3833/4701/1855 2011/2348/1741
f 2010/2347/1740 2686/3103/1854 2011/2348/1741
f 2011/2348/1741 3756/4441/1937 2012/2349/1742
f 2012/2349/1742 3489/4012/1938 2013/2346/1739
f 1883/2322/1684 1990/2321/1730 2033/4317/1731
f 2033/4317/1731 1904/4316/1705 1883/2322/1684
f 3832/4700/1934 2010/2347/1740 2013/2346/1739
f 3659/4260/1858 3832/4700/1934 2013/2346/1739
f 3104/3569/1844 3831/4699/1848 3757/4439/1870
f 3757/4439/1870 3105/3570/1939 3104/3569/1844
f 3106/3572/1861 3095/3557/1864 3094/3560/1865
f 3094/3560/1865 3107/3573/1862 3106/3572/1861
f 3831/4699/1848 3392/3898/1959 3755/4440/1874
f 3755/4440/1874 3757/4439/1870 3831/4699/1848
f 3392/3898/1959 2222/2572/1846 3490/4011/1872
f 3490/4011/1872 3755/4440/1874 3392/3898/1959
f 3830/4695/1958 2574/2969/1866 3085/3550/1869
f 3085/3550/1869 3753/4436/1859 3830/4695/1958
f 2647/3065/1841 3830/4695/1958 3753/4436/1859
f 3753/4436/1859 2648/3066/1860 2647/3065/1841
f 1906/2228/1707 2650/3064/1864 2649/3067/1865
f 2649/3067/1865 2671/3088/1862 1906/2228/1707
f 2608/3017/1864 2609/3020/1841 2656/3073/1860
f 2656/3073/1860 2685/3102/1940 2608/3017/1864
f 3433/3954/1848 3435/3957/1959 3660/4261/1874
f 3660/4261/1874 3653/4254/1870 3433/3954/1848
f 2668/3086/1933 3071/3537/1846 2265/2616/1876
f 2265/2616/1876 2268/2615/1874 2668/3086/1933
f 3643/4237/1846 3477/3998/1851 2692/3110/1863
f 2692/3110/1863 2695/3109/1876 3643/4237/1846
f 3211/3678/1851 3074/3539/1861 3112/3576/1862
f 3112/3576/1862 3754/4438/1863 3211/3678/1851
f 3105/3570/1939 3757/4439/1870 2011/2348/1741
f 2011/2348/1741 3833/4701/1855 3105/3570/1939
f 2646/3063/1873 2645/3062/1939 2634/3051/1855
f 2634/3051/1855 2633/3050/1854 2646/3063/1873
f 3751/4435/1859 2264/2611/1869 2263/2614/1740
f 2263/2614/1740 3745/4427/1960 3751/4435/1859
f 3755/4440/1874 3490/4011/1872 2012/2349/1742
f 2012/2349/1742 3756/4441/1937 3755/4440/1874
f 2269/2619/1863 3750/4434/1862 2415/2781/1835
f 2415/2781/1835 2270/2620/1857 2269/2619/1863
f 2251/2601/1871 2250/2600/1870 2182/2528/1741
f 2182/2528/1741 2233/2583/1855 2251/2601/1871
f 2649/3067/1865 2648/3066/1860 3832/4700/1934
f 3832/4700/1934 3659/4260/1858 2649/3067/1865
f 2662/3079/1873 3105/3570/1939 3833/4701/1855
f 3833/4701/1855 2686/3103/1854 2662/3079/1873
f 2648/3066/1860 3753/4436/1859 3752/4437/1935
f 3752/4437/1935 3832/4700/1934 2648/3066/1860
f 3085/3550/1869 2663/3080/1868 2687/3104/1941
f 2687/3104/1941 2010/2347/1740 3085/3550/1869
f 3487/4009/1868 3787/4538/1873 3650/4250/1854
f 3650/4250/1854 3488/4010/1853 3487/4009/1868
f 2261/2612/1868 3749/4433/1873 3746/4428/1854
f 3746/4428/1854 2262/2613/1853 2261/2612/1868
f 2167/2512/1833 2166/2511/1830 2731/3148/1883
f 2731/3148/1883 2290/2642/1892 2167/2512/1833
f 3829/4689/1994 2716/3130/1825 2715/3133/1945
f 2715/3133/1945 3834/4702/1984 3829/4689/1994
f 3664/4265/1831 3781/4519/1832 3518/4043/1896
f 3518/4043/1896 3160/3626/1946 3664/4265/1831
f 2724/3141/1829 2705/3119/1843 2704/3122/1943
f 2704/3122/1943 2725/3142/1947 2724/3141/1829
f 3789/4541/1823 3829/4689/1994 3834/4702/1984
f 3834/4702/1984 2741/3160/1894 3789/4541/1823
f 3817/4618/1825 3818/4619/1826 3672/4275/1882
f 3672/4275/1882 3155/3621/1905 3817/4618/1825
f 3138/3603/1823 3816/4617/1824 3156/3620/1890
f 3156/3620/1890 3139/3604/1887 3138/3603/1823
f 3003/3458/1824 3005/3460/1953 3131/3596/1889
f 3131/3596/1889 3758/4444/1890 3003/3458/1824
f 2579/2973/1821 2580/2974/1823 2712/3129/1887
f 2712/3129/1887 2736/3154/1878 2579/2973/1821
f 3781/4519/1832 3780/4518/1822 2305/2654/1879
f 2305/2654/1879 3518/4043/1896 3781/4519/1832
f 3001/3456/1827 3025/3956/1828 3135/4640/1893
f 3135/4640/1893 3153/3618/1881 3001/3456/1827
f 3503/4028/1831 3815/4614/1926 3519/4044/1902
f 3519/4044/1902 3504/4029/1946 3503/4028/1831
f 3518/4043/1896 2305/2654/1879 2304/2657/1720
f 2304/2657/1720 2391/2754/1904 3518/4043/1896
f 2736/3154/1878 2712/3129/1887 3697/4322/1710
f 3697/4322/1710 2600/3004/1713 2736/3154/1878
f 2703/3121/1942 2312/2661/1902 2311/2664/1904
f 2311/2664/1904 2605/3010/1929 2703/3121/1942
f 2309/4638/1903 2742/3159/1878 1912/2234/1713
f 1912/2234/1713 2310/4671/1720 2309/4638/1903
f 2725/3142/1947 2704/3122/1943 2604/3013/1837
f 2604/3013/1837 3795/4547/1986 2725/3142/1947
f 2302/2655/1878 3501/4025/1985 3422/3936/1975
f 3422/3936/1975 2303/2656/1713 2302/2655/1878
f 2727/3145/1948 3132/3597/1903 3148/3613/1967
f 3148/3613/1967 2728/3146/1897 2727/3145/1948
f 3134/3599/1884 3137/3602/1943 3051/3508/1837
f 3051/3508/1837 3050/3511/1721 3134/3599/1884
f 3791/4543/1899 3145/3611/1895 3036/3494/1724
f 3036/3494/1724 3043/3500/1728 3791/4543/1899
f 2741/3160/1894 3834/4702/1984 2593/2999/1901
f 2593/2999/1901 1913/2231/1710 2741/3160/1894
f 3834/4702/1984 2715/3133/1945 2594/2996/1927
f 2594/2996/1927 2593/2999/1901 3834/4702/1984
f 2723/3140/1943 2722/3139/1946 3154/3619/1898
f 3154/3619/1898 2425/2793/1837 2723/3140/1943
f 3813/4607/1812 2956/3411/1773 2957/3410/1772
f 2957/3410/1772 3808/4604/1805 3813/4607/1812
f 3622/4203/1813 3759/4445/1791 2969/3425/1790
f 2969/3425/1790 2136/2479/1809 3622/4203/1813
f 2143/2484/1801 2102/2444/1788 2088/2431/1777
f 2088/2431/1777 2153/2497/1798 2143/2484/1801
f 3725/4386/1812 2525/2917/1773 2527/2916/1772
f 2527/2916/1772 3726/4383/1805 3725/4386/1812
f 3383/3890/1806 3604/4183/1907 2952/3406/1788
f 2952/3406/1788 3384/3888/1801 3383/3890/1806
f 2554/2943/1801 2513/2901/1788 2528/2920/1777
f 2528/2920/1777 2565/2958/1798 2554/2943/1801
f 2762/3180/1816 2506/2898/1784 2509/2897/1791
f 2509/2897/1791 2978/3433/1813 2762/3180/1816
f 3611/4190/1798 3362/3866/1777 3357/3861/1776
f 3357/3861/1776 3764/4450/1818 3611/4190/1798
f 3614/4193/1801 3776/4511/1788 3722/4380/1777
f 3722/4380/1777 3729/4391/1798 3614/4193/1801
f 2565/2958/1798 2528/2920/1777 2530/2919/1776
f 2530/2919/1776 2566/2955/1818 2565/2958/1798
f 2568/2959/1812 2763/3182/1773 3765/4452/1772
f 3765/4452/1772 3766/4451/1805 2568/2959/1812
f 3535/4060/1812 2948/3399/1773 3805/4601/1772
f 3805/4601/1772 2985/3441/1805 3535/4060/1812
f 3609/4381/1775 2921/3374/1768 2341/2695/1770
f 2341/2695/1770 2344/2694/1787 3609/4381/1775
f 2089/2432/1778 2330/2683/1910 2070/2412/1771
f 2070/2412/1771 2090/2433/1779 2089/2432/1778
f 2624/3040/1908 2501/2892/1762 2353/2707/1909
f 2353/2707/1909 2356/2706/1789 2624/3040/1908
f 2529/2921/1778 2500/2888/1910 2349/4684/1771
f 2349/4684/1771 2352/2922/1779 2529/2921/1778
f 2511/2903/1908 2057/2396/1762 2497/2889/1909
f 2497/2889/1909 2512/2904/1789 2511/2903/1908
f 2512/2904/1789 2497/2889/1909 2500/2888/1910
f 2500/2888/1910 2529/2921/1778 2512/2904/1789
f 2507/2899/1785 2934/3387/1765 2502/2893/1764
f 2502/2893/1764 2508/2900/1792 2507/2899/1785
f 2532/2925/1785 2486/2878/1765 2487/2877/1764
f 2487/2877/1764 3721/4378/1792 2532/2925/1785
f 3721/4378/1792 2487/2877/1764 3767/4509/1763
f 3767/4509/1763 2623/4379/1793 3721/4378/1792
f 2950/3405/1779 2079/2422/1771 2081/2421/1769
f 2081/2421/1769 3608/4188/1774 2950/3405/1779
f 2947/3402/1774 2942/3397/1769 2944/3396/1768
f 2944/3396/1768 3806/4602/1775 2947/3402/1774
f 2094/2437/1783 2063/2404/1766 2357/2710/1765
f 2357/2710/1765 2096/2439/1785 2094/2437/1783
f 1884/2204/1685 1883/2203/1684 1904/2226/1705
f 1904/2226/1705 1905/2225/1704 1884/2204/1685
f 3838/4703/1995 3835/4704/1996 3836/4705/1997
f 3836/4705/1997 3837/4706/1998 3838/4703/1995
f 3837/4706/1998 3836/4705/1997 3839/4707/1999
f 3839/4707/1999 3840/4708/2000 3837/4706/1998
f 3840/4708/2000 3839/4707/1999 3841/4709/2001
f 3841/4709/2001 3842/4710/2002 3840/4708/2000
f 3842/4710/2002 3841/4709/2001 3843/4711/2003
f 3843/4711/2003 3844/4712/2004 3842/4710/2002
f 3844/4712/2004 3843/4711/2003 3845/4713/2005
f 3845/4713/2005 3846/4714/2006 3844/4712/2004
f 3846/4714/2006 3845/4713/2005 3847/4715/2007
f 3847/4715/2007 3848/4716/2008 3846/4714/2006
f 3848/4716/2008 3847/4715/2007 3849/4717/2009
f 3849/4717/2009 3850/4718/2010 3848/4716/2008
f 3850/4718/2010 3849/4717/2009 3851/4719/2011
f 3851/4719/2011 3852/4720/2012 3850/4718/2010
f 3852/4720/2012 3851/4719/2011 3853/4721/1725
f 3853/4721/1725 3854/4722/2013 3852/4720/2012
f 3854/4722/2013 3853/4721/1725 3855/4723/2014
f 3855/4723/2014 3856/4724/2015 3854/4722/2013
f 3856/4724/2015 3855/4723/2014 3857/4725/2016
f 3857/4725/2016 3858/4726/2017 3856/4724/2015
f 3858/4726/2017 3857/4725/2016 3835/4704/1996
f 3835/4704/1996 3838/4703/1995 3858/4726/2017
f 3837/4706/1998 3859/4727/2018 3860/4728/2019
f 3860/4728/2019 3838/4703/1995 3837/4706/1998
f 3840/4708/2000 3861/4729/2020 3859/4727/2018
f 3859/4727/2018 3837/4706/1998 3840/4708/2000
f 3842/4710/2002 3862/4730/2021 3861/4729/2020
f 3861/4729/2020 3840/4708/2000 3842/4710/2002
f 3844/4712/2004 3863/4731/2022 3862/4730/2021
f 3862/4730/2021 3842/4710/2002 3844/4712/2004
f 3846/4714/2006 3864/4732/2023 3863/4731/2022
f 3863/4731/2022 3844/4712/2004 3846/4714/2006
f 3848/4716/2008 3865/4733/2024 3864/4732/2023
f 3864/4732/2023 3846/4714/2006 3848/4716/2008
f 3850/4718/2010 3866/4734/2025 3865/4733/2024
f 3865/4733/2024 3848/4716/2008 3850/4718/2010
f 3852/4720/2012 3867/4735/2026 3866/4734/2025
f 3866/4734/2025 3850/4718/2010 3852/4720/2012
f 3854/4722/2013 3868/4736/2027 3867/4735/2026
f 3867/4735/2026 3852/4720/2012 3854/4722/2013
f 3856/4724/2015 3869/4737/2028 3868/4736/2027
f 3868/4736/2027 3854/4722/2013 3856/4724/2015
f 3858/4726/2017 3870/4738/2029 3869/4737/2028
f 3869/4737/2028 3856/4724/2015 3858/4726/2017
f 3838/4703/1995 3860/4728/2019 3870/4738/2029
f 3870/4738/2029 3858/4726/2017 3838/4703/1995
f 3874/4739/2030 3871/4740/2031 3872/4741/2032
f 3872/4741/2032 3873/4742/2033 3874/4739/2030
f 3876/4743/2034 3875/4744/2035 3871/4740/2031
f 3871/4740/2031 3874/4739/2030 3876/4743/2034
f 3878/4745/2036 3877/4746/2037 3875/4744/2035
f 3875/4744/2035 3876/4743/2034 3878/4745/2036
f 3880/4747/2038 3879/4748/2039 3877/4746/2037
f 3877/4746/2037 3878/4745/2036 3880/4747/2038
f 3882/4749/2040 3881/4750/2041 3879/4748/2039
f 3879/4748/2039 3880/4747/2038 3882/4749/2040
f 3884/4751/2042 3883/4752/2043 3881/4750/2041
f 3881/4750/2041 3882/4749/2040 3884/4751/2042
f 3886/4753/2044 3885/4754/2045 3883/4752/2043
f 3883/4752/2043 3884/4751/2042 3886/4753/2044
f 3888/4755/2046 3887/4756/2047 3885/4754/2045
f 3885/4754/2045 3886/4753/2044 3888/4755/2046
f 3890/4757/2048 3889/4758/2049 3887/4756/2047
f 3887/4756/2047 3888/4755/2046 3890/4757/2048
f 3892/4759/2050 3891/4760/2051 3889/4758/2049
f 3889/4758/2049 3890/4757/2048 3892/4759/2050
f 3894/4761/2052 3893/4762/2053 3891/4760/2051
f 3891/4760/2051 3892/4759/2050 3894/4761/2052
f 3873/4742/2033 3872/4741/2032 3893/4762/2053
f 3893/4762/2053 3894/4761/2052 3873/4742/2033
f 3898/4763/2054 3895/4764/2055 3896/4765/2056
f 3896/4765/2056 3897/4766/2057 3898/4763/2054
f 3897/4766/2057 3896/4765/2056 3899/4767/2058
f 3899/4767/2058 3900/4768/2059 3897/4766/2057
f 3900/4768/2059 3899/4767/2058 3901/4769/2060
f 3901/4769/2060 3902/4770/2061 3900/4768/2059
f 3902/4770/2061 3901/4769/2060 3903/4771/2062
f 3903/4771/2062 3904/4772/2063 3902/4770/2061
f 3904/4772/2063 3903/4771/2062 3905/4773/2064
f 3905/4773/2064 3906/4774/2065 3904/4772/2063
f 3906/4774/2065 3905/4773/2064 3907/4775/2066
f 3907/4775/2066 3908/4776/2067 3906/4774/2065
f 3908/4776/2067 3907/4775/2066 3909/4777/2068
f 3909/4777/2068 3910/4778/2069 3908/4776/2067
f 3910/4778/2069 3909/4777/2068 3911/4779/2070
f 3911/4779/2070 3912/4780/2071 3910/4778/2069
f 3912/4780/2071 3911/4779/2070 3913/4781/2072
f 3913/4781/2072 3914/4782/2073 3912/4780/2071
f 3914/4782/2073 3913/4781/2072 3915/4783/2074
f 3915/4783/2074 3916/4784/2075 3914/4782/2073
f 3916/4784/2075 3915/4783/2074 3917/4785/2076
f 3917/4785/2076 3918/4786/2077 3916/4784/2075
f 3918/4786/2077 3917/4785/2076 3895/4764/2055
f 3895/4764/2055 3898/4763/2054 3918/4786/2077
f 3898/4763/2054 3897/4766/2057 3919/4787/2078
f 3897/4766/2057 3900/4768/2059 3919/4787/2078
f 3900/4768/2059 3902/4770/2061 3919/4787/2078
f 3902/4770/2061 3904/4772/2063 3919/4787/2078
f 3904/4772/2063 3906/4774/2065 3919/4787/2078
f 3906/4774/2065 3908/4776/2067 3919/4787/2078
f 3908/4776/2067 3910/4778/2069 3919/4787/2078
f 3910/4778/2069 3912/4780/2071 3919/4787/2078
f 3912/4780/2071 3914/4782/2073 3919/4787/2078
f 3914/4782/2073 3916/4784/2075 3919/4787/2078
f 3916/4784/2075 3918/4786/2077 3919/4787/2078
f 3918/4786/2077 3898/4763/2054 3919/4787/2078
f 3859/4727/2018 3874/4739/2030 3873/4742/2033
f 3873/4742/2033 3860/4728/2019 3859/4727/2018
f 3861/4729/2020 3876/4743/2034 3874/4739/2030
f 3874/4739/2030 3859/4727/2018 3861/4729/2020
f 3862/4730/2021 3878/4745/2036 3876/4743/2034
f 3876/4743/2034 3861/4729/2020 3862/4730/2021
f 3863/4731/2022 3880/4747/2038 3878/4745/2036
f 3878/4745/2036 3862/4730/2021 3863/4731/2022
f 3864/4732/2023 3882/4749/2040 3880/4747/2038
f 3880/4747/2038 3863/4731/2022 3864/4732/2023
f 3865/4733/2024 3884/4751/2042 3882/4749/2040
f 3882/4749/2040 3864/4732/2023 3865/4733/2024
f 3866/4734/2025 3886/4753/2044 3884/4751/2042
f 3884/4751/2042 3865/4733/2024 3866/4734/2025
f 3867/4735/2026 3888/4755/2046 3886/4753/2044
f 3886/4753/2044 3866/4734/2025 3867/4735/2026
f 3868/4736/2027 3890/4757/2048 3888/4755/2046
f 3888/4755/2046 3867/4735/2026 3868/4736/2027
f 3869/4737/2028 3892/4759/2050 3890/4757/2048
f 3890/4757/2048 3868/4736/2027 3869/4737/2028
f 3870/4738/2029 3894/4761/2052 3892/4759/2050
f 3892/4759/2050 3869/4737/2028 3870/4738/2029
f 3860/4728/2019 3873/4742/2033 3894/4761/2052
f 3894/4761/2052 3870/4738/2029 3860/4728/2019
f 3871/4740/2031 3896/4765/2056 3895/4764/2055
f 3895/4764/2055 3872/4741/2032 3871/4740/2031
f 3875/4744/2035 3899/4767/2058 3896/4765/2056
f 3896/4765/2056 3871/4740/2031 3875/4744/2035
f 3877/4746/2037 3901/4769/2060 3899/4767/2058
f 3899/4767/2058 3875/4744/2035 3877/4746/2037
f 3879/4748/2039 3903/4771/2062 3901/4769/2060
f 3901/4769/2060 3877/4746/2037 3879/4748/2039
f 3881/4750/2041 3905/4773/2064 3903/4771/2062
f 3903/4771/2062 3879/4748/2039 3881/4750/2041
f 3883/4752/2043 3907/4775/2066 3905/4773/2064
f 3905/4773/2064 3881/4750/2041 3883/4752/2043
f 3885/4754/2045 3909/4777/2068 3907/4775/2066
f 3907/4775/2066 3883/4752/2043 3885/4754/2045
f 3887/4756/2047 3911/4779/2070 3909/4777/2068
f 3909/4777/2068 3885/4754/2045 3887/4756/2047
f 3889/4758/2049 3913/4781/2072 3911/4779/2070
f 3911/4779/2070 3887/4756/2047 3889/4758/2049
f 3891/4760/2051 3915/4783/2074 3913/4781/2072
f 3913/4781/2072 3889/4758/2049 3891/4760/2051
f 3893/4762/2053 3917/4785/2076 3915/4783/2074
f 3915/4783/2074 3891/4760/2051 3893/4762/2053
f 3872/4741/2032 3895/4764/2055 3917/4785/2076
f 3917/4785/2076 3893/4762/2053 3872/4741/2032
f 3923/4788/2079 3920/4789/2080 3921/4790/2081
f 3921/4790/2081 3922/4791/2082 3923/4788/2079
f 3922/4791/2082 3921/4790/2081 3924/4792/2083
f 3924/4792/2083 3925/4793/2084 3922/4791/2082
f 3925/4793/2084 3924/4792/2083 3926/4794/2001
f 3926/4794/2001 3927/4795/2085 3925/4793/2084
f 3927/4795/2085 3926/4794/2001 3928/4796/2086
f 3928/4796/2086 3929/4797/2087 3927/4795/2085
f 3929/4797/2087 3928/4796/2086 3930/4798/2088
f 3930/4798/2088 3931/4799/2089 3929/4797/2087
f 3931/4799/2089 3930/4798/2088 3932/4800/2090
f 3932/4800/2090 3933/4801/2091 3931/4799/2089
f 3933/4801/2091 3932/4800/2090 3934/4802/2092
f 3934/4802/2092 3935/4803/2093 3933/4801/2091
f 3935/4803/2093 3934/4802/2092 3936/4804/2094
f 3936/4804/2094 3937/4805/2095 3935/4803/2093
f 3937/4805/2095 3936/4804/2094 3938/4806/1725
f 3938/4806/1725 3939/4807/2096 3937/4805/2095
f 3939/4807/2096 3938/4806/1725 3940/4808/2097
f 3940/4808/2097 3941/4809/2098 3939/4807/2096
f 3941/4809/2098 3940/4808/2097 3942/4810/2099
f 3942/4810/2099 3943/4811/2100 3941/4809/2098
f 3943/4811/2100 3942/4810/2099 3920/4789/2080
f 3920/4789/2080 3923/4788/2079 3943/4811/2100
f 3922/4791/2082 3944/4812/2101 3945/4813/2102
f 3945/4813/2102 3923/4788/2079 3922/4791/2082
f 3925/4793/2084 3946/4814/2103 3944/4812/2101
f 3944/4812/2101 3922/4791/2082 3925/4793/2084
f 3927/4795/2085 3947/4815/2104 3946/4814/2103
f 3946/4814/2103 3925/4793/2084 3927/4795/2085
f 3929/4797/2087 3948/4816/2105 3947/4815/2104
f 3947/4815/2104 3927/4795/2085 3929/4797/2087
f 3931/4799/2089 3949/4817/2106 3948/4816/2105
f 3948/4816/2105 3929/4797/2087 3931/4799/2089
f 3933/4801/2091 3950/4818/2107 3949/4817/2106
f 3949/4817/2106 3931/4799/2089 3933/4801/2091
f 3935/4803/2093 3951/4819/2108 3950/4818/2107
f 3950/4818/2107 3933/4801/2091 3935/4803/2093
f 3937/4805/2095 3952/4820/2109 3951/4819/2108
f 3951/4819/2108 3935/4803/2093 3937/4805/2095
f 3939/4807/2096 3953/4821/2110 3952/4820/2109
f 3952/4820/2109 3937/4805/2095 3939/4807/2096
f 3941/4809/2098 3954/4822/2111 3953/4821/2110
f 3953/4821/2110 3939/4807/2096 3941/4809/2098
f 3943/4811/2100 3955/4823/2112 3954/4822/2111
f 3954/4822/2111 3941/4809/2098 3943/4811/2100
f 3923/4788/2079 3945/4813/2102 3955/4823/2112
f 3955/4823/2112 3943/4811/2100 3923/4788/2079
f 3959/4824/2113 3956/4825/2114 3957/4826/2115
f 3957/4826/2115 3958/4827/2116 3959/4824/2113
f 3961/4828/2117 3960/4829/2118 3956/4825/2114
f 3956/4825/2114 3959/4824/2113 3961/4828/2117
f 3963/4830/2119 3962/4831/2120 3960/4829/2118
f 3960/4829/2118 3961/4828/2117 3963/4830/2119
f 3965/4832/2121 3964/4833/2122 3962/4831/2120
f 3962/4831/2120 3963/4830/2119 3965/4832/2121
f 3967/4834/2123 3966/4835/2124 3964/4833/2122
f 3964/4833/2122 3965/4832/2121 3967/4834/2123
f 3969/4836/2125 3968/4837/2126 3966/4835/2124
f 3966/4835/2124 3967/4834/2123 3969/4836/2125
f 3971/4838/2127 3970/4839/2128 3968/4837/2126
f 3968/4837/2126 3969/4836/2125 3971/4838/2127
f 3973/4840/2129 3972/4841/2130 3970/4839/2128
f 3970/4839/2128 3971/4838/2127 3973/4840/2129
f 3975/4842/2131 3974/4843/2132 3972/4841/2130
f 3972/4841/2130 3973/4840/2129 3975/4842/2131
f 3977/4844/2133 3976/4845/2134 3974/4843/2132
f 3974/4843/2132 3975/4842/2131 3977/4844/2133
f 3979/4846/2135 3978/4847/2136 3976/4845/2134
f 3976/4845/2134 3977/4844/2133 3979/4846/2135
f 3958/4827/2116 3957/4826/2115 3978/4847/2136
f 3978/4847/2136 3979/4846/2135 3958/4827/2116
f 3983/4848/2137 3980/4849/2138 3981/4850/2139
f 3981/4850/2139 3982/4851/2140 3983/4848/2137
f 3982/4851/2140 3981/4850/2139 3984/4852/2141
f 3984/4852/2141 3985/4853/2142 3982/4851/2140
f 3985/4853/2142 3984/4852/2141 3986/4854/2143
f 3986/4854/2143 3987/4855/2144 3985/4853/2142
f 3987/4855/2144 3986/4854/2143 3988/4856/2145
f 3988/4856/2145 3989/4857/2146 3987/4855/2144
f 3989/4857/2146 3988/4856/2145 3990/4858/2147
f 3990/4858/2147 3991/4859/2148 3989/4857/2146
f 3991/4859/2148 3990/4858/2147 3992/4860/2149
f 3992/4860/2149 3993/4861/2150 3991/4859/2148
f 3993/4861/2150 3992/4860/2149 3994/4862/2151
f 3994/4862/2151 3995/4863/2152 3993/4861/2150
f 3995/4863/2152 3994/4862/2151 3996/4864/2153
f 3996/4864/2153 3997/4865/2154 3995/4863/2152
f 3997/4865/2154 3996/4864/2153 3998/4866/2155
f 3998/4866/2155 3999/4867/2156 3997/4865/2154
f 3999/4867/2156 3998/4866/2155 4000/4868/2157
f 4000/4868/2157 4001/4869/2158 3999/4867/2156
f 4001/4869/2158 4000/4868/2157 4002/4870/2159
f 4002/4870/2159 4003/4871/2160 4001/4869/2158
f 4003/4871/2160 4002/4870/2159 3980/4849/2138
f 3980/4849/2138 3983/4848/2137 4003/4871/2160
f 3983/4848/2137 3982/4851/2140 4004/4872/2161
f 3982/4851/2140 3985/4853/2142 4004/4872/2161
f 3985/4853/2142 3987/4855/2144 4004/4872/2161
f 3987/4855/2144 3989/4857/2146 4004/4872/2161
f 3989/4857/2146 3991/4859/2148 4004/4872/2161
f 3991/4859/2148 3993/4861/2150 4004/4872/2161
f 3993/4861/2150 3995/4863/2152 4004/4872/2161
f 3995/4863/2152 3997/4865/2154 4004/4872/2161
f 3997/4865/2154 3999/4867/2156 4004/4872/2161
f 3999/4867/2156 4001/4869/2158 4004/4872/2161
f 4001/4869/2158 4003/4871/2160 4004/4872/2161
f 4003/4871/2160 3983/4848/2137 4004/4872/2161
f 3944/4812/2101 3959/4824/2113 3958/4827/2116
f 3958/4827/2116 3945/4813/2102 3944/4812/2101
f 3946/4814/2103 3961/4828/2117 3959/4824/2113
f 3959/4824/2113 3944/4812/2101 3946/4814/2103
f 3947/4815/2104 3963/4830/2119 3961/4828/2117
f 3961/4828/2117 3946/4814/2103 3947/4815/2104
f 3948/4816/2105 3965/4832/2121 3963/4830/2119
f 3963/4830/2119 3947/4815/2104 3948/4816/2105
f 3949/4817/2106 3967/4834/2123 3965/4832/2121
f 3965/4832/2121 3948/4816/2105 3949/4817/2106
f 3950/4818/2107 3969/4836/2125 3967/4834/2123
f 3967/4834/2123 3949/4817/2106 3950/4818/2107
f 3951/4819/2108 3971/4838/2127 3969/4836/2125
f 3969/4836/2125 3950/4818/2107 3951/4819/2108
f 3952/4820/2109 3973/4840/2129 3971/4838/2127
f 3971/4838/2127 3951/4819/2108 3952/4820/2109
f 3953/4821/2110 3975/4842/2131 3973/4840/2129
f 3973/4840/2129 3952/4820/2109 3953/4821/2110
f 3954/4822/2111 3977/4844/2133 3975/4842/2131
f 3975/4842/2131 3953/4821/2110 3954/4822/2111
f 3955/4823/2112 3979/4846/2135 3977/4844/2133
f 3977/4844/2133 3954/4822/2111 3955/4823/2112
f 3945/4813/2102 3958/4827/2116 3979/4846/2135
f 3979/4846/2135 3955/4823/2112 3945/4813/2102
f 3956/4825/2114 3981/4850/2139 3980/4849/2138
f 3980/4849/2138 3957/4826/2115 3956/4825/2114
f 3960/4829/2118 3984/4852/2141 3981/4850/2139
f 3981/4850/2139 3956/4825/2114 3960/4829/2118
f 3962/4831/2120 3986/4854/2143 3984/4852/2141
f 3984/4852/2141 3960/4829/2118 3962/4831/2120
f 3964/4833/2122 3988/4856/2145 3986/4854/2143
f 3986/4854/2143 3962/4831/2120 3964/4833/2122
f 3966/4835/2124 3990/4858/2147 3988/4856/2145
f 3988/4856/2145 3964/4833/2122 3966/4835/2124
f 3968/4837/2126 3992/4860/2149 3990/4858/2147
f 3990/4858/2147 3966/4835/2124 3968/4837/2126
f 3970/4839/2128 3994/4862/2151 3992/4860/2149
f 3992/4860/2149 3968/4837/2126 3970/4839/2128
f 3972/4841/2130 3996/4864/2153 3994/4862/2151
f 3994/4862/2151 3970/4839/2128 3972/4841/2130
f 3974/4843/2132 3998/4866/2155 3996/4864/2153
f 3996/4864/2153 3972/4841/2130 3974/4843/2132
f 3976/4845/2134 4000/4868/2157 3998/4866/2155
f 3998/4866/2155 3974/4843/2132 3976/4845/2134
f 3978/4847/2136 4002/4870/2159 4000/4868/2157
f 4000/4868/2157 3976/4845/2134 3978/4847/2136
f 3957/4826/2115 3980/4849/2138 4002/4870/2159
f 4002/4870/2159 3978/4847/2136 3957/4826/2115
f 4008/4873/2162 4005/4874/2163 4006/4875/2164
f 4006/4875/2164 4007/4876/2165 4008/4873/2162
f 4007/4876/2165 4006/4875/2164 4009/4877/2166
f 4009/4877/2166 4010/4878/2167 4007/4876/2165
f 4010/4878/2167 4009/4877/2166 4011/4879/2001
f 4011/4879/2001 4012/4880/2168 4010/4878/2167
f 4012/4880/2168 4011/4879/2001 4013/4881/2169
f 4013/4881/2169 4014/4882/2170 4012/4880/2168
f 4014/4882/2170 4013/4881/2169 4015/4883/2171
f 4015/4883/2171 4016/4884/2172 4014/4882/2170
f 4016/4884/2172 4015/4883/2171 4017/4885/2173
f 4017/4885/2173 4018/4886/2174 4016/4884/2172
f 4018/4886/2174 4017/4885/2173 4019/4887/2175
f 4019/4887/2175 4020/4888/2176 4018/4886/2174
f 4020/4888/2176 4019/4887/2175 4021/4889/2177
f 4021/4889/2177 4022/4890/2178 4020/4888/2176
f 4022/4890/2178 4021/4889/2177 4023/4891/1725
f 4023/4891/1725 4024/4892/2179 4022/4890/2178
f 4024/4892/2179 4023/4891/1725 4025/4893/2180
f 4025/4893/2180 4026/4894/2181 4024/4892/2179
f 4026/4894/2181 4025/4893/2180 4027/4895/2182
f 4027/4895/2182 4028/4896/2183 4026/4894/2181
f 4028/4896/2183 4027/4895/2182 4005/4874/2163
f 4005/4874/2163 4008/4873/2162 4028/4896/2183
f 4007/4876/2165 4029/4897/2184 4030/4898/2185
f 4030/4898/2185 4008/4873/2162 4007/4876/2165
f 4010/4878/2167 4031/4899/2186 4029/4897/2184
f 4029/4897/2184 4007/4876/2165 4010/4878/2167
f 4012/4880/2168 4032/4900/2187 4031/4899/2186
f 4031/4899/2186 4010/4878/2167 4012/4880/2168
f 4014/4882/2170 4033/4901/2188 4032/4900/2187
f 4032/4900/2187 4012/4880/2168 4014/4882/2170
f 4016/4884/2172 4034/4902/2189 4033/4901/2188
f 4033/4901/2188 4014/4882/2170 4016/4884/2172
f 4018/4886/2174 4035/4903/2190 4034/4902/2189
f 4034/4902/2189 4016/4884/2172 4018/4886/2174
f 4020/4888/2176 4036/4904/2191 4035/4903/2190
f 4035/4903/2190 4018/4886/2174 4020/4888/2176
f 4022/4890/2178 4037/4905/2192 4036/4904/2191
f 4036/4904/2191 4020/4888/2176 4022/4890/2178
f 4024/4892/2179 4038/4906/2193 4037/4905/2192
f 4037/4905/2192 4022/4890/2178 4024/4892/2179
f 4026/4894/2181 4039/4907/2194 4038/4906/2193
f 4038/4906/2193 4024/4892/2179 4026/4894/2181
f 4028/4896/2183 4040/4908/2195 4039/4907/2194
f 4039/4907/2194 4026/4894/2181 4028/4896/2183
f 4008/4873/2162 4030/4898/2185 4040/4908/2195
f 4040/4908/2195 4028/4896/2183 4008/4873/2162
f 4044/4909/2196 4041/4910/2197 4042/4911/2198
f 4042/4911/2198 4043/4912/2199 4044/4909/2196
f 4046/4913/2200 4045/4914/2201 4041/4910/2197
f 4041/4910/2197 4044/4909/2196 4046/4913/2200
f 4048/4915/2202 4047/4916/2203 4045/4914/2201
f 4045/4914/2201 4046/4913/2200 4048/4915/2202
f 4050/4917/2204 4049/4918/2205 4047/4916/2203
f 4047/4916/2203 4048/4915/2202 4050/4917/2204
f 4052/4919/2206 4051/4920/2207 4049/4918/2205
f 4049/4918/2205 4050/4917/2204 4052/4919/2206
f 4054/4921/2208 4053/4922/2209 4051/4920/2207
f 4051/4920/2207 4052/4919/2206 4054/4921/2208
f 4056/4923/2210 4055/4924/2211 4053/4922/2209
f 4053/4922/2209 4054/4921/2208 4056/4923/2210
f 4058/4925/2212 4057/4926/2213 4055/4924/2211
f 4055/4924/2211 4056/4923/2210 4058/4925/2212
f 4060/4927/2214 4059/4928/2215 4057/4926/2213
f 4057/4926/2213 4058/4925/2212 4060/4927/2214
f 4062/4929/2216 4061/4930/2217 4059/4928/2215
f 4059/4928/2215 4060/4927/2214 4062/4929/2216
f 4064/4931/2218 4063/4932/2219 4061/4930/2217
f 4061/4930/2217 4062/4929/2216 4064/4931/2218
f 4043/4912/2199 4042/4911/2198 4063/4932/2219
f 4063/4932/2219 4064/4931/2218 4043/4912/2199
f 4068/4933/2220 4065/4934/2221 4066/4935/2222
f 4066/4935/2222 4067/4936/2223 4068/4933/2220
f 4067/4936/2223 4066/4935/2222 4069/4937/2224
f 4069/4937/2224 4070/4938/2225 4067/4936/2223
f 4070/4938/2225 4069/4937/2224 4071/4939/2226
f 4071/4939/2226 4072/4940/2227 4070/4938/2225
f 4072/4940/2227 4071/4939/2226 4073/4941/2228
f 4073/4941/2228 4074/4942/2229 4072/4940/2227
f 4074/4942/2229 4073/4941/2228 4075/4943/2230
f 4075/4943/2230 4076/4944/2231 4074/4942/2229
f 4076/4944/2231 4075/4943/2230 4077/4945/2232
f 4077/4945/2232 4078/4946/2233 4076/4944/2231
f 4078/4946/2233 4077/4945/2232 4079/4947/2234
f 4079/4947/2234 4080/4948/2235 4078/4946/2233
f 4080/4948/2235 4079/4947/2234 4081/4949/2236
f 4081/4949/2236 4082/4950/2237 4080/4948/2235
f 4082/4950/2237 4081/4949/2236 4083/4951/2238
f 4083/4951/2238 4084/4952/2239 4082/4950/2237
f 4084/4952/2239 4083/4951/2238 4085/4953/2240
f 4085/4953/2240 4086/4954/2241 4084/4952/2239
f 4086/4954/2241 4085/4953/2240 4087/4955/2242
f 4087/4955/2242 4088/4956/2243 4086/4954/2241
f 4088/4956/2243 4087/4955/2242 4065/4934/2221
f 4065/4934/2221 4068/4933/2220 4088/4956/2243
f 4068/4933/2220 4067/4936/2223 4089/4957/2244
f 4067/4936/2223 4070/4938/2225 4089/4957/2244
f 4070/4938/2225 4072/4940/2227 4089/4957/2244
f 4072/4940/2227 4074/4942/2229 4089/4957/2244
f 4074/4942/2229 4076/4944/2231 4089/4957/2244
f 4076/4944/2231 4078/4946/2233 4089/4957/2244
f 4078/4946/2233 4080/4948/2235 4089/4957/2244
f 4080/4948/2235 4082/4950/2237 4089/4957/2244
f 4082/4950/2237 4084/4952/2239 4089/4957/2244
f 4084/4952/2239 4086/4954/2241 4089/4957/2244
f 4086/4954/2241 4088/4956/2243 4089/4957/2244
f 4088/4956/2243 4068/4933/2220 4089/4957/2244
f 4029/4897/2184 4044/4909/2196 4043/4912/2199
f 4043/4912/2199 4030/4898/2185 4029/4897/2184
f 4031/4899/2186 4046/4913/2200 4044/4909/2196
f 4044/4909/2196 4029/4897/2184 4031/4899/2186
f 4032/4900/2187 4048/4915/2202 4046/4913/2200
f 4046/4913/2200 4031/4899/2186 4032/4900/2187
f 4033/4901/2188 4050/4917/2204 4048/4915/2202
f 4048/4915/2202 4032/4900/2187 4033/4901/2188
f 4034/4902/2189 4052/4919/2206 4050/4917/2204
f 4050/4917/2204 4033/4901/2188 4034/4902/2189
f 4035/4903/2190 4054/4921/2208 4052/4919/2206
f 4052/4919/2206 4034/4902/2189 4035/4903/2190
f 4036/4904/2191 4056/4923/2210 4054/4921/2208
f 4054/4921/2208 4035/4903/2190 4036/4904/2191
f 4037/4905/2192 4058/4925/2212 4056/4923/2210
f 4056/4923/2210 4036/4904/2191 4037/4905/2192
f 4038/4906/2193 4060/4927/2214 4058/4925/2212
f 4058/4925/2212 4037/4905/2192 4038/4906/2193
f 4039/4907/2194 4062/4929/2216 4060/4927/2214
f 4060/4927/2214 4038/4906/2193 4039/4907/2194
f 4040/4908/2195 4064/4931/2218 4062/4929/2216
f 4062/4929/2216 4039/4907/2194 4040/4908/2195
f 4030/4898/2185 4043/4912/2199 4064/4931/2218
f 4064/4931/2218 4040/4908/2195 4030/4898/2185
f 4041/4910/2197 4066/4935/2222 4065/4934/2221
f 4065/4934/2221 4042/4911/2198 4041/4910/2197
f 4045/4914/2201 4069/4937/2224 4066/4935/2222
f 4066/4935/2222 4041/4910/2197 4045/4914/2201
f 4047/4916/2203 4071/4939/2226 4069/4937/2224
f 4069/4937/2224 4045/4914/2201 4047/4916/2203
f 4049/4918/2205 4073/4941/2228 4071/4939/2226
f 4071/4939/2226 4047/4916/2203 4049/4918/2205
f 4051/4920/2207 4075/4943/2230 4073/4941/2228
f 4073/4941/2228 4049/4918/2205 4051/4920/2207
f 4053/4922/2209 4077/4945/2232 4075/4943/2230
f 4075/4943/2230 4051/4920/2207 4053/4922/2209
f 4055/4924/2211 4079/4947/2234 4077/4945/2232
f 4077/4945/2232 4053/4922/2209 4055/4924/2211
f 4057/4926/2213 4081/4949/2236 4079/4947/2234
f 4079/4947/2234 4055/4924/2211 4057/4926/2213
f 4059/4928/2215 4083/4951/2238 4081/4949/2236
f 4081/4949/2236 4057/4926/2213 4059/4928/2215
f 4061/4930/2217 4085/4953/2240 4083/4951/2238
f 4083/4951/2238 4059/4928/2215 4061/4930/2217
f 4063/4932/2219 4087/4955/2242 4085/4953/2240
f 4085/4953/2240 4061/4930/2217 4063/4932/2219
f 4042/4911/2198 4065/4934/2221 4087/4955/2242
f 4087/4955/2242 4063/4932/2219 4042/4911/2198
f 4093/4958/2245 4090/4959/2246 4091/4960/2247
f 4091/4960/2247 4092/4961/2248 4093/4958/2245
f 4092/4961/2248 4091/4960/2247 4094/4962/2249
f 4094/4962/2249 4095/4963/2250 4092/4961/2248
f 4095/4963/2250 4094/4962/2249 4096/4964/2001
f 4096/4964/2001 4097/4965/2251 4095/4963/2250
f 4097/4965/2251 4096/4964/2001 4098/4966/2252
f 4098/4966/2252 4099/4967/2253 4097/4965/2251
f 4099/4967/2253 4098/4966/2252 4100/4968/2254
f 4100/4968/2254 4101/4969/2255 4099/4967/2253
f 4101/4969/2255 4100/4968/2254 4102/4970/2256
f 4102/4970/2256 4103/4971/2257 4101/4969/2255
f 4103/4971/2257 4102/4970/2256 4104/4972/2258
f 4104/4972/2258 4105/4973/2259 4103/4971/2257
f 4105/4973/2259 4104/4972/2258 4106/4974/2260
f 4106/4974/2260 4107/4975/2261 4105/4973/2259
f 4107/4975/2261 4106/4974/2260 4108/4976/1725
f 4108/4976/1725 4109/4977/2262 4107/4975/2261
f 4109/4977/2262 4108/4976/1725 4110/4978/2263
f 4110/4978/2263 4111/4979/2264 4109/4977/2262
f 4111/4979/2264 4110/4978/2263 4112/4980/2265
f 4112/4980/2265 4113/4981/2266 4111/4979/2264
f 4113/4981/2266 4112/4980/2265 4090/4959/2246
f 4090/4959/2246 4093/4958/2245 4113/4981/2266
f 4092/4961/2248 4114/4982/2267 4115/4983/2268
f 4115/4983/2268 4093/4958/2245 4092/4961/2248
f 4095/4963/2250 4116/4984/2269 4114/4982/2267
f 4114/4982/2267 4092/4961/2248 4095/4963/2250
f 4097/4965/2251 4117/4985/2270 4116/4984/2269
f 4116/4984/2269 4095/4963/2250 4097/4965/2251
f 4099/4967/2253 4118/4986/2271 4117/4985/2270
f 4117/4985/2270 4097/4965/2251 4099/4967/2253
f 4101/4969/2255 4119/4987/2272 4118/4986/2271
f 4118/4986/2271 4099/4967/2253 4101/4969/2255
f 4103/4971/2257 4120/4988/2273 4119/4987/2272
f 4119/4987/2272 4101/4969/2255 4103/4971/2257
f 4105/4973/2259 4121/4989/2274 4120/4988/2273
f 4120/4988/2273 4103/4971/2257 4105/4973/2259
f 4107/4975/2261 4122/4990/2275 4121/4989/2274
f 4121/4989/2274 4105/4973/2259 4107/4975/2261
f 4109/4977/2262 4123/4991/2276 4122/4990/2275
f 4122/4990/2275 4107/4975/2261 4109/4977/2262
f 4111/4979/2264 4124/4992/2277 4123/4991/2276
f 4123/4991/2276 4109/4977/2262 4111/4979/2264
f 4113/4981/2266 4125/4993/2278 4124/4992/2277
f 4124/4992/2277 4111/4979/2264 4113/4981/2266
f 4093/4958/2245 4115/4983/2268 4125/4993/2278
f 4125/4993/2278 4113/4981/2266 4093/4958/2245
f 4129/4994/2279 4126/4995/2280 4127/4996/2281
f 4127/4996/2281 4128/4997/2282 4129/4994/2279
f 4131/4998/2283 4130/4999/2284 4126/4995/2280
f 4126/4995/2280 4129/4994/2279 4131/4998/2283
f 4133/5000/2285 4132/5001/2286 4130/4999/2284
f 4130/4999/2284 4131/4998/2283 4133/5000/2285
f 4135/5002/2287 4134/5003/2288 4132/5001/2286
f 4132/5001/2286 4133/5000/2285 4135/5002/2287
f 4137/5004/2289 4136/5005/2290 4134/5003/2288
f 4134/5003/2288 4135/5002/2287 4137/5004/2289
f 4139/5006/2291 4138/5007/2292 4136/5005/2290
f 4136/5005/2290 4137/5004/2289 4139/5006/2291
f 4141/5008/2293 4140/5009/2294 4138/5007/2292
f 4138/5007/2292 4139/5006/2291 4141/5008/2293
f 4143/5010/2295 4142/5011/2296 4140/5009/2294
f 4140/5009/2294 4141/5008/2293 4143/5010/2295
f 4145/5012/2297 4144/5013/2298 4142/5011/2296
f 4142/5011/2296 4143/5010/2295 4145/5012/2297
f 4147/5014/2299 4146/5015/2300 4144/5013/2298
f 4144/5013/2298 4145/5012/2297 4147/5014/2299
f 4149/5016/2301 4148/5017/2302 4146/5015/2300
f 4146/5015/2300 4147/5014/2299 4149/5016/2301
f 4128/4997/2282 4127/4996/2281 4148/5017/2302
f 4148/5017/2302 4149/5016/2301 4128/4997/2282
f 4153/5018/2303 4150/5019/2304 4151/5020/2305
f 4151/5020/2305 4152/5021/2306 4153/5018/2303
f 4152/5021/2306 4151/5020/2305 4154/5022/2307
f 4154/5022/2307 4155/5023/2308 4152/5021/2306
f 4155/5023/2308 4154/5022/2307 4156/5024/2309
f 4156/5024/2309 4157/5025/2310 4155/5023/2308
f 4157/5025/2310 4156/5024/2309 4158/5026/2311
f 4158/5026/2311 4159/5027/2312 4157/5025/2310
f 4159/5027/2312 4158/5026/2311 4160/5028/2313
f 4160/5028/2313 4161/5029/2314 4159/5027/2312
f 4161/5029/2314 4160/5028/2313 4162/5030/2315
f 4162/5030/2315 4163/5031/2316 4161/5029/2314
f 4163/5031/2316 4162/5030/2315 4164/5032/2317
f 4164/5032/2317 4165/5033/2318 4163/5031/2316
f 4165/5033/2318 4164/5032/2317 4166/5034/2319
f 4166/5034/2319 4167/5035/2320 4165/5033/2318
f 4167/5035/2320 4166/5034/2319 4168/5036/2321
f 4168/5036/2321 4169/5037/2322 4167/5035/2320
f 4169/5037/2322 4168/5036/2321 4170/5038/2323
f 4170/5038/2323 4171/5039/2324 4169/5037/2322
f 4171/5039/2324 4170/5038/2323 4172/5040/2325
f 4172/5040/2325 4173/5041/2326 4171/5039/2324
f 4173/5041/2326 4172/5040/2325 4150/5019/2304
f 4150/5019/2304 4153/5018/2303 4173/5041/2326
f 4153/5018/2303 4152/5021/2306 4174/5042/796
f 4152/5021/2306 4155/5023/2308 4174/5042/796
f 4155/5023/2308 4157/5025/2310 4174/5042/796
f 4157/5025/2310 4159/5027/2312 4174/5042/796
f 4159/5027/2312 4161/5029/2314 4174/5042/796
f 4161/5029/2314 4163/5031/2316 4174/5042/796
f 4163/5031/2316 4165/5033/2318 4174/5042/796
f 4165/5033/2318 4167/5035/2320 4174/5042/796
f 4167/5035/2320 4169/5037/2322 4174/5042/796
f 4169/5037/2322 4171/5039/2324 4174/5042/796
f 4171/5039/2324 4173/5041/2326 4174/5042/796
f 4173/5041/2326 4153/5018/2303 4174/5042/796
f 4114/4982/2267 4129/4994/2279 4128/4997/2282
f 4128/4997/2282 4115/4983/2268 4114/4982/2267
f 4116/4984/2269 4131/4998/2283 4129/4994/2279
f 4129/4994/2279 4114/4982/2267 4116/4984/2269
f 4117/4985/2270 4133/5000/2285 4131/4998/2283
f 4131/4998/2283 4116/4984/2269 4117/4985/2270
f 4118/4986/2271 4135/5002/2287 4133/5000/2285
f 4133/5000/2285 4117/4985/2270 4118/4986/2271
f 4119/4987/2272 4137/5004/2289 4135/5002/2287
f 4135/5002/2287 4118/4986/2271 4119/4987/2272
f 4120/4988/2273 4139/5006/2291 4137/5004/2289
f 4137/5004/2289 4119/4987/2272 4120/4988/2273
f 4121/4989/2274 4141/5008/2293 4139/5006/2291
f 4139/5006/2291 4120/4988/2273 4121/4989/2274
f 4122/4990/2275 4143/5010/2295 4141/5008/2293
f 4141/5008/2293 4121/4989/2274 4122/4990/2275
f 4123/4991/2276 4145/5012/2297 4143/5010/2295
f 4143/5010/2295 4122/4990/2275 4123/4991/2276
f 4124/4992/2277 4147/5014/2299 4145/5012/2297
f 4145/5012/2297 4123/4991/2276 4124/4992/2277
f 4125/4993/2278 4149/5016/2301 4147/5014/2299
f 4147/5014/2299 4124/4992/2277 4125/4993/2278
f 4115/4983/2268 4128/4997/2282 4149/5016/2301
f 4149/5016/2301 4125/4993/2278 4115/4983/2268
f 4126/4995/2280 4151/5020/2305 4150/5019/2304
f 4150/5019/2304 4127/4996/2281 4126/4995/2280
f 4130/4999/2284 4154/5022/2307 4151/5020/2305
f 4151/5020/2305 4126/4995/2280 4130/4999/2284
f 4132/5001/2286 4156/5024/2309 4154/5022/2307
f 4154/5022/2307 4130/4999/2284 4132/5001/2286
f 4134/5003/2288 4158/5026/2311 4156/5024/2309
f 4156/5024/2309 4132/5001/2286 4134/5003/2288
f 4136/5005/2290 4160/5028/2313 4158/5026/2311
f 4158/5026/2311 4134/5003/2288 4136/5005/2290
f 4138/5007/2292 4162/5030/2315 4160/5028/2313
f 4160/5028/2313 4136/5005/2290 4138/5007/2292
f 4140/5009/2294 4164/5032/2317 4162/5030/2315
f 4162/5030/2315 4138/5007/2292 4140/5009/2294
f 4142/5011/2296 4166/5034/2319 4164/5032/2317
f 4164/5032/2317 4140/5009/2294 4142/5011/2296
f 4144/5013/2298 4168/5036/2321 4166/5034/2319
f 4166/5034/2319 4142/5011/2296 4144/5013/2298
f 4146/5015/2300 4170/5038/2323 4168/5036/2321
f 4168/5036/2321 4144/5013/2298 4146/5015/2300
f 4148/5017/2302 4172/5040/2325 4170/5038/2323
f 4170/5038/2323 4146/5015/2300 4148/5017/2302
f 4127/4996/2281 4150/5019/2304 4172/5040/2325
f 4172/5040/2325 4148/5017/2302 4127/4996/2281
f 4178/5043/2327 4175/5044/2328 4176/5045/2329
f 4176/5045/2329 4177/5046/2330 4178/5043/2327
f 4177/5046/2330 4176/5045/2329 4179/5047/2331
f 4179/5047/2331 4180/5048/2332 4177/5046/2330
f 4180/5048/2332 4179/5047/2331 4181/5049/2001
f 4181/5049/2001 4182/5050/2333 4180/5048/2332
f 4182/5050/2333 4181/5049/2001 4183/5051/2334
f 4183/5051/2334 4184/5052/2335 4182/5050/2333
f 4184/5052/2335 4183/5051/2334 4185/5053/2336
f 4185/5053/2336 4186/5054/2337 4184/5052/2335
f 4186/5054/2337 4185/5053/2336 4187/5055/2338
f 4187/5055/2338 4188/5056/2339 4186/5054/2337
f 4188/5056/2339 4187/5055/2338 4189/5057/2340
f 4189/5057/2340 4190/5058/2341 4188/5056/2339
f 4190/5058/2341 4189/5057/2340 4191/5059/2342
f 4191/5059/2342 4192/5060/2343 4190/5058/2341
f 4192/5060/2343 4191/5059/2342 4193/5061/1725
f 4193/5061/1725 4194/5062/2344 4192/5060/2343
f 4194/5062/2344 4193/5061/1725 4195/5063/2345
f 4195/5063/2345 4196/5064/2346 4194/5062/2344
f 4196/5064/2346 4195/5063/2345 4197/5065/2347
f 4197/5065/2347 4198/5066/2348 4196/5064/2346
f 4198/5066/2348 4197/5065/2347 4175/5044/2328
f 4175/5044/2328 4178/5043/2327 4198/5066/2348
f 4177/5046/2330 4199/5067/2349 4200/5068/2350
f 4200/5068/2350 4178/5043/2327 4177/5046/2330
f 4180/5048/2332 4201/5069/2351 4199/5067/2349
f 4199/5067/2349 4177/5046/2330 4180/5048/2332
f 4182/5050/2333 4202/5070/2352 4201/5069/2351
f 4201/5069/2351 4180/5048/2332 4182/5050/2333
f 4184/5052/2335 4203/5071/2353 4202/5070/2352
f 4202/5070/2352 4182/5050/2333 4184/5052/2335
f 4186/5054/2337 4204/5072/2354 4203/5071/2353
f 4203/5071/2353 4184/5052/2335 4186/5054/2337
f 4188/5056/2339 4205/5073/2355 4204/5072/2354
f 4204/5072/2354 4186/5054/2337 4188/5056/2339
f 4190/5058/2341 4206/5074/2356 4205/5073/2355
f 4205/5073/2355 4188/5056/2339 4190/5058/2341
f 4192/5060/2343 4207/5075/2357 4206/5074/2356
f 4206/5074/2356 4190/5058/2341 4192/5060/2343
f 4194/5062/2344 4208/5076/2358 4207/5075/2357
f 4207/5075/2357 4192/5060/2343 4194/5062/2344
f 4196/5064/2346 4209/5077/2359 4208/5076/2358
f 4208/5076/2358 4194/5062/2344 4196/5064/2346
f 4198/5066/2348 4210/5078/2360 4209/5077/2359
f 4209/5077/2359 4196/5064/2346 4198/5066/2348
f 4178/5043/2327 4200/5068/2350 4210/5078/2360
f 4210/5078/2360 4198/5066/2348 4178/5043/2327
f 4214/5079/2361 4211/5080/2362 4212/5081/2363
f 4212/5081/2363 4213/5082/2364 4214/5079/2361
f 4216/5083/2365 4215/5084/2366 4211/5080/2362
f 4211/5080/2362 4214/5079/2361 4216/5083/2365
f 4218/5085/2367 4217/5086/2368 4215/5084/2366
f 4215/5084/2366 4216/5083/2365 4218/5085/2367
f 4220/5087/2369 4219/5088/2370 4217/5086/2368
f 4217/5086/2368 4218/5085/2367 4220/5087/2369
f 4222/5089/2371 4221/5090/2372 4219/5088/2370
f 4219/5088/2370 4220/5087/2369 4222/5089/2371
f 4224/5091/2373 4223/5092/2374 4221/5090/2372
f 4221/5090/2372 4222/5089/2371 4224/5091/2373
f 4226/5093/2375 4225/5094/2376 4223/5092/2374
f 4223/5092/2374 4224/5091/2373 4226/5093/2375
f 4228/5095/2377 4227/5096/2378 4225/5094/2376
f 4225/5094/2376 4226/5093/2375 4228/5095/2377
f 4230/5097/2379 4229/5098/2380 4227/5096/2378
f 4227/5096/2378 4228/5095/2377 4230/5097/2379
f 4232/5099/2381 4231/5100/2382 4229/5098/2380
f 4229/5098/2380 4230/5097/2379 4232/5099/2381
f 4234/5101/2383 4233/5102/2384 4231/5100/2382
f 4231/5100/2382 4232/5099/2381 4234/5101/2383
f 4213/5082/2364 4212/5081/2363 4233/5102/2384
f 4233/5102/2384 4234/5101/2383 4213/5082/2364
f 4238/5103/2385 4235/5104/2386 4236/5105/2387
f 4236/5105/2387 4237/5106/2388 4238/5103/2385
f 4237/5106/2388 4236/5105/2387 4239/5107/2389
f 4239/5107/2389 4240/5108/2390 4237/5106/2388
f 4240/5108/2390 4239/5107/2389 4241/5109/2391
f 4241/5109/2391 4242/5110/2392 4240/5108/2390
f 4242/5110/2392 4241/5109/2391 4243/5111/2393
f 4243/5111/2393 4244/5112/2394 4242/5110/2392
f 4244/5112/2394 4243/5111/2393 4245/5113/2395
f 4245/5113/2395 4246/5114/2396 4244/5112/2394
f 4246/5114/2396 4245/5113/2395 4247/5115/2397
f 4247/5115/2397 4248/5116/2398 4246/5114/2396
f 4248/5116/2398 4247/5115/2397 4249/5117/2399
f 4249/5117/2399 4250/5118/2400 4248/5116/2398
f 4250/5118/2400 4249/5117/2399 4251/5119/2401
f 4251/5119/2401 4252/5120/2402 4250/5118/2400
f 4252/5120/2402 4251/5119/2401 4253/5121/2403
f 4253/5121/2403 4254/5122/2404 4252/5120/2402
f 4254/5122/2404 4253/5121/2403 4255/5123/2405
f 4255/5123/2405 4256/5124/2406 4254/5122/2404
f 4256/5124/2406 4255/5123/2405 4257/5125/2407
f 4257/5125/2407 4258/5126/2408 4256/5124/2406
f 4258/5126/2408 4257/5125/2407 4235/5104/2386
f 4235/5104/2386 4238/5103/2385 4258/5126/2408
f 4238/5103/2385 4237/5106/2388 4259/5127/2409
f 4237/5106/2388 4240/5108/2390 4259/5127/2409
f 4240/5108/2390 4242/5110/2392 4259/5127/2409
f 4242/5110/2392 4244/5112/2394 4259/5127/2409
f 4244/5112/2394 4246/5114/2396 4259/5127/2409
f 4246/5114/2396 4248/5116/2398 4259/5127/2409
f 4248/5116/2398 4250/5118/2400 4259/5127/2409
f 4250/5118/2400 4252/5120/2402 4259/5127/2409
f 4252/5120/2402 4254/5122/2404 4259/5127/2409
f 4254/5122/2404 4256/5124/2406 4259/5127/2409
f 4256/5124/2406 4258/5126/2408 4259/5127/2409
f 4258/5126/2408 4238/5103/2385 4259/5127/2409
f 4199/5067/2349 4214/5079/2361 4213/5082/2364
f 4213/5082/2364 4200/5068/2350 4199/5067/2349
f 4201/5069/2351 4216/5083/2365 4214/5079/2361
f 4214/5079/2361 4199/5067/2349 4201/5069/2351
f 4202/5070/2352 4218/5085/2367 4216/5083/2365
f 4216/5083/2365 4201/5069/2351 4202/5070/2352
f 4203/5071/2353 4220/5087/2369 4218/5085/2367
f 4218/5085/2367 4202/5070/2352 4203/5071/2353
f 4204/5072/2354 4222/5089/2371 4220/5087/2369
f 4220/5087/2369 4203/5071/2353 4204/5072/2354
f 4205/5073/2355 4224/5091/2373 4222/5089/2371
f 4222/5089/2371 4204/5072/2354 4205/5073/2355
f 4206/5074/2356 4226/5093/2375 4224/5091/2373
f 4224/5091/2373 4205/5073/2355 4206/5074/2356
f 4207/5075/2357 4228/5095/2377 4226/5093/2375
f 4226/5093/2375 4206/5074/2356 4207/5075/2357
f 4208/5076/2358 4230/5097/2379 4228/5095/2377
f 4228/5095/2377 4207/5075/2357 4208/5076/2358
f 4209/5077/2359 4232/5099/2381 4230/5097/2379
f 4230/5097/2379 4208/5076/2358 4209/5077/2359
f 4210/5078/2360 4234/5101/2383 4232/5099/2381
f 4232/5099/2381 4209/5077/2359 4210/5078/2360
f 4200/5068/2350 4213/5082/2364 4234/5101/2383
f 4234/5101/2383 4210/5078/2360 4200/5068/2350
f 4211/5080/2362 4236/5105/2387 4235/5104/2386
f 4235/5104/2386 4212/5081/2363 4211/5080/2362
f 4215/5084/2366 4239/5107/2389 4236/5105/2387
f 4236/5105/2387 4211/5080/2362 4215/5084/2366
f 4217/5086/2368 4241/5109/2391 4239/5107/2389
f 4239/5107/2389 4215/5084/2366 4217/5086/2368
f 4219/5088/2370 4243/5111/2393 4241/5109/2391
f 4241/5109/2391 4217/5086/2368 4219/5088/2370
f 4221/5090/2372 4245/5113/2395 4243/5111/2393
f 4243/5111/2393 4219/5088/2370 4221/5090/2372
f 4223/5092/2374 4247/5115/2397 4245/5113/2395
f 4245/5113/2395 4221/5090/2372 4223/5092/2374
f 4225/5094/2376 4249/5117/2399 4247/5115/2397
f 4247/5115/2397 4223/5092/2374 4225/5094/2376
f 4227/5096/2378 4251/5119/2401 4249/5117/2399
f 4249/5117/2399 4225/5094/2376 4227/5096/2378
f 4229/5098/2380 4253/5121/2403 4251/5119/2401
f 4251/5119/2401 4227/5096/2378 4229/5098/2380
f 4231/5100/2382 4255/5123/2405 4253/5121/2403
f 4253/5121/2403 4229/5098/2380 4231/5100/2382
f 4233/5102/2384 4257/5125/2407 4255/5123/2405
f 4255/5123/2405 4231/5100/2382 4233/5102/2384
f 4212/5081/2363 4235/5104/2386 4257/5125/2407
f 4257/5125/2407 4233/5102/2384 4212/5081/2363
f 4263/5128/2410 4260/5129/2411 4261/5130/2412
f 4261/5130/2412 4262/5131/2413 4263/5128/2410
f 4262/5131/2413 4261/5130/2412 4264/5132/2414
f 4264/5132/2414 4265/5133/2415 4262/5131/2413
f 4265/5133/2415 4264/5132/2414 4266/5134/2001
f 4266/5134/2001 4267/5135/2416 4265/5133/2415
f 4267/5135/2416 4266/5134/2001 4268/5136/2417
f 4268/5136/2417 4269/5137/2418 4267/5135/2416
f 4269/5137/2418 4268/5136/2417 4270/5138/2419
f 4270/5138/2419 4271/5139/2420 4269/5137/2418
f 4271/5139/2420 4270/5138/2419 4272/5140/2421
f 4272/5140/2421 4273/5141/2422 4271/5139/2420
f 4273/5141/2422 4272/5140/2421 4274/5142/2423
f 4274/5142/2423 4275/5143/2424 4273/5141/2422
f 4275/5143/2424 4274/5142/2423 4276/5144/2425
f 4276/5144/2425 4277/5145/2426 4275/5143/2424
f 4277/5145/2426 4276/5144/2425 4278/5146/1725
f 4278/5146/1725 4279/5147/2427 4277/5145/2426
f 4279/5147/2427 4278/5146/1725 4280/5148/2428
f 4280/5148/2428 4281/5149/2429 4279/5147/2427
f 4281/5149/2429 4280/5148/2428 4282/5150/2430
f 4282/5150/2430 4283/5151/2431 4281/5149/2429
f 4283/5151/2431 4282/5150/2430 4260/5129/2411
f 4260/5129/2411 4263/5128/2410 4283/5151/2431
f 4262/5131/2413 4284/5152/2432 4285/5153/2433
f 4285/5153/2433 4263/5128/2410 4262/5131/2413
f 4265/5133/2415 4286/5154/2434 4284/5152/2432
f 4284/5152/2432 4262/5131/2413 4265/5133/2415
f 4267/5135/2416 4287/5155/2435 4286/5154/2434
f 4286/5154/2434 4265/5133/2415 4267/5135/2416
f 4269/5137/2418 4288/5156/2436 4287/5155/2435
f 4287/5155/2435 4267/5135/2416 4269/5137/2418
f 4271/5139/2420 4289/5157/2437 4288/5156/2436
f 4288/5156/2436 4269/5137/2418 4271/5139/2420
f 4273/5141/2422 4290/5158/2438 4289/5157/2437
f 4289/5157/2437 4271/5139/2420 4273/5141/2422
f 4275/5143/2424 4291/5159/2439 4290/5158/2438
f 4290/5158/2438 4273/5141/2422 4275/5143/2424
f 4277/5145/2426 4292/5160/2440 4291/5159/2439
f 4291/5159/2439 4275/5143/2424 4277/5145/2426
f 4279/5147/2427 4293/5161/2441 4292/5160/2440
f 4292/5160/2440 4277/5145/2426 4279/5147/2427
f 4281/5149/2429 4294/5162/2442 4293/5161/2441
f 4293/5161/2441 4279/5147/2427 4281/5149/2429
f 4283/5151/2431 4295/5163/2443 4294/5162/2442
f 4294/5162/2442 4281/5149/2429 4283/5151/2431
f 4263/5128/2410 4285/5153/2433 4295/5163/2443
f 4295/5163/2443 4283/5151/2431 4263/5128/2410
f 4299/5164/2444 4296/5165/2445 4297/5166/2446
f 4297/5166/2446 4298/5167/2447 4299/5164/2444
f 4301/5168/2448 4300/5169/2449 4296/5165/2445
f 4296/5165/2445 4299/5164/2444 4301/5168/2448
f 4303/5170/2450 4302/5171/2451 4300/5169/2449
f 4300/5169/2449 4301/5168/2448 4303/5170/2450
f 4305/5172/2452 4304/5173/2453 4302/5171/2451
f 4302/5171/2451 4303/5170/2450 4305/5172/2452
f 4307/5174/2454 4306/5175/2455 4304/5173/2453
f 4304/5173/2453 4305/5172/2452 4307/5174/2454
f 4309/5176/2456 4308/5177/2457 4306/5175/2455
f 4306/5175/2455 4307/5174/2454 4309/5176/2456
f 4311/5178/2458 4310/5179/2459 4308/5177/2457
f 4308/5177/2457 4309/5176/2456 4311/5178/2458
f 4313/5180/2460 4312/5181/2461 4310/5179/2459
f 4310/5179/2459 4311/5178/2458 4313/5180/2460
f 4315/5182/2462 4314/5183/2463 4312/5181/2461
f 4312/5181/2461 4313/5180/2460 4315/5182/2462
f 4317/5184/2464 4316/5185/2465 4314/5183/2463
f 4314/5183/2463 4315/5182/2462 4317/5184/2464
f 4319/5186/2466 4318/5187/2467 4316/5185/2465
f 4316/5185/2465 4317/5184/2464 4319/5186/2466
f 4298/5167/2447 4297/5166/2446 4318/5187/2467
f 4318/5187/2467 4319/5186/2466 4298/5167/2447
f 4323/5188/2468 4320/5189/2469 4321/5190/2470
f 4321/5190/2470 4322/5191/2471 4323/5188/2468
f 4322/5191/2471 4321/5190/2470 4324/5192/2472
f 4324/5192/2472 4325/5193/2473 4322/5191/2471
f 4325/5193/2473 4324/5192/2472 4326/5194/2474
f 4326/5194/2474 4327/5195/2475 4325/5193/2473
f 4327/5195/2475 4326/5194/2474 4328/5196/2476
f 4328/5196/2476 4329/5197/2477 4327/5195/2475
f 4329/5197/2477 4328/5196/2476 4330/5198/2478
f 4330/5198/2478 4331/5199/2479 4329/5197/2477
f 4331/5199/2479 4330/5198/2478 4332/5200/2480
f 4332/5200/2480 4333/5201/2481 4331/5199/2479
f 4333/5201/2481 4332/5200/2480 4334/5202/2482
f 4334/5202/2482 4335/5203/2483 4333/5201/2481
f 4335/5203/2483 4334/5202/2482 4336/5204/2484
f 4336/5204/2484 4337/5205/2485 4335/5203/2483
f 4337/5205/2485 4336/5204/2484 4338/5206/2486
f 4338/5206/2486 4339/5207/2487 4337/5205/2485
f 4339/5207/2487 4338/5206/2486 4340/5208/2488
f 4340/5208/2488 4341/5209/2489 4339/5207/2487
f 4341/5209/2489 4340/5208/2488 4342/5210/2490
f 4342/5210/2490 4343/5211/2491 4341/5209/2489
f 4343/5211/2491 4342/5210/2490 4320/5189/2469
f 4320/5189/2469 4323/5188/2468 4343/5211/2491
f 4323/5188/2468 4322/5191/2471 4344/5212/2492
f 4322/5191/2471 4325/5193/2473 4344/5212/2492
f 4325/5193/2473 4327/5195/2475 4344/5212/2492
f 4327/5195/2475 4329/5197/2477 4344/5212/2492
f 4329/5197/2477 4331/5199/2479 4344/5212/2492
f 4331/5199/2479 4333/5201/2481 4344/5212/2492
f 4333/5201/2481 4335/5203/2483 4344/5212/2492
f 4335/5203/2483 4337/5205/2485 4344/5212/2492
f 4337/5205/2485 4339/5207/2487 4344/5212/2492
f 4339/5207/2487 4341/5209/2489 4344/5212/2492
f 4341/5209/2489 4343/5211/2491 4344/5212/2492
f 4343/5211/2491 4323/5188/2468 4344/5212/2492
f 4284/5152/2432 4299/5164/2444 4298/5167/2447
f 4298/5167/2447 4285/5153/2433 4284/5152/2432
f 4286/5154/2434 4301/5168/2448 4299/5164/2444
f 4299/5164/2444 4284/5152/2432 4286/5154/2434
f 4287/5155/2435 4303/5170/2450 4301/5168/2448
f 4301/5168/2448 4286/5154/2434 4287/5155/2435
f 4288/5156/2436 4305/5172/2452 4303/5170/2450
f 4303/5170/2450 4287/5155/2435 4288/5156/2436
f 4289/5157/2437 4307/5174/2454 4305/5172/2452
f 4305/5172/2452 4288/5156/2436 4289/5157/2437
f 4290/5158/2438 4309/5176/2456 4307/5174/2454
f 4307/5174/2454 4289/5157/2437 4290/5158/2438
f 4291/5159/2439 4311/5178/2458 4309/5176/2456
f 4309/5176/2456 4290/5158/2438 4291/5159/2439
f 4292/5160/2440 4313/5180/2460 4311/5178/2458
f 4311/5178/2458 4291/5159/2439 4292/5160/2440
f 4293/5161/2441 4315/5182/2462 4313/5180/2460
f 4313/5180/2460 4292/5160/2440 4293/5161/2441
f 4294/5162/2442 4317/5184/2464 4315/5182/2462
f 4315/5182/2462 4293/5161/2441 4294/5162/2442
f 4295/5163/2443 4319/5186/2466 4317/5184/2464
f 4317/5184/2464 4294/5162/2442 4295/5163/2443
f 4285/5153/2433 4298/5167/2447 4319/5186/2466
f 4319/5186/2466 4295/5163/2443 4285/5153/2433
f 4296/5165/2445 4321/5190/2470 4320/5189/2469
f 4320/5189/2469 4297/5166/2446 4296/5165/2445
f 4300/5169/2449 4324/5192/2472 4321/5190/2470
f 4321/5190/2470 4296/5165/2445 4300/5169/2449
f 4302/5171/2451 4326/5194/2474 4324/5192/2472
f 4324/5192/2472 4300/5169/2449 4302/5171/2451
f 4304/5173/2453 4328/5196/2476 4326/5194/2474
f 4326/5194/2474 4302/5171/2451 4304/5173/2453
f 4306/5175/2455 4330/5198/2478 4328/5196/2476
f 4328/5196/2476 4304/5173/2453 4306/5175/2455
f 4308/5177/2457 4332/5200/2480 4330/5198/2478
f 4330/5198/2478 4306/5175/2455 4308/5177/2457
f 4310/5179/2459 4334/5202/2482 4332/5200/2480
f 4332/5200/2480 4308/5177/2457 4310/5179/2459
f 4312/5181/2461 4336/5204/2484 4334/5202/2482
f 4334/5202/2482 4310/5179/2459 4312/5181/2461
f 4314/5183/2463 4338/5206/2486 4336/5204/2484
f 4336/5204/2484 4312/5181/2461 4314/5183/2463
f 4316/5185/2465 4340/5208/2488 4338/5206/2486
f 4338/5206/2486 4314/5183/2463 4316/5185/2465
f 4318/5187/2467 4342/5210/2490 4340/5208/2488
f 4340/5208/2488 4316/5185/2465 4318/5187/2467
f 4297/5166/2446 4320/5189/2469 4342/5210/2490
f 4342/5210/2490 4318/5187/2467 4297/5166/2446
f 4348/5213/2493 4345/5214/2494 4346/5215/2495
f 4346/5215/2495 4347/5216/2496 4348/5213/2493
f 4347/5216/2496 4346/5215/2495 4349/5217/2497
f 4349/5217/2497 4350/5218/2498 4347/5216/2496
f 4350/5218/2498 4349/5217/2497 4351/5219/2001
f 4351/5219/2001 4352/5220/2499 4350/5218/2498
f 4352/5220/2499 4351/5219/2001 4353/5221/2500
f 4353/5221/2500 4354/5222/2501 4352/5220/2499
f 4354/5222/2501 4353/5221/2500 4355/5223/2502
f 4355/5223/2502 4356/5224/2503 4354/5222/2501
f 4356/5224/2503 4355/5223/2502 4357/5225/2504
f 4357/5225/2504 4358/5226/2505 4356/5224/2503
f 4358/5226/2505 4357/5225/2504 4359/5227/2506
f 4359/5227/2506 4360/5228/2507 4358/5226/2505
f 4360/5228/2507 4359/5227/2506 4361/5229/2508
f 4361/5229/2508 4362/5230/2509 4360/5228/2507
f 4362/5230/2509 4361/5229/2508 4363/5231/1725
f 4363/5231/1725 4364/5232/2510 4362/5230/2509
f 4364/5232/2510 4363/5231/1725 4365/5233/2511
f 4365/5233/2511 4366/5234/2512 4364/5232/2510
f 4366/5234/2512 4365/5233/2511 4367/5235/2513
f 4367/5235/2513 4368/5236/2514 4366/5234/2512
f 4368/5236/2514 4367/5235/2513 4345/5214/2494
f 4345/5214/2494 4348/5213/2493 4368/5236/2514
f 4347/5216/2496 4369/5237/2515 4370/5238/2516
f 4370/5238/2516 4348/5213/2493 4347/5216/2496
f 4350/5218/2498 4371/5239/2517 4369/5237/2515
f 4369/5237/2515 4347/5216/2496 4350/5218/2498
f 4352/5220/2499 4372/5240/2518 4371/5239/2517
f 4371/5239/2517 4350/5218/2498 4352/5220/2499
f 4354/5222/2501 4373/5241/2519 4372/5240/2518
f 4372/5240/2518 4352/5220/2499 4354/5222/2501
f 4356/5224/2503 4374/5242/2520 4373/5241/2519
f 4373/5241/2519 4354/5222/2501 4356/5224/2503
f 4358/5226/2505 4375/5243/2521 4374/5242/2520
f 4374/5242/2520 4356/5224/2503 4358/5226/2505
f 4360/5228/2507 4376/5244/2522 4375/5243/2521
f 4375/5243/2521 4358/5226/2505 4360/5228/2507
f 4362/5230/2509 4377/5245/2523 4376/5244/2522
f 4376/5244/2522 4360/5228/2507 4362/5230/2509
f 4364/5232/2510 4378/5246/2524 4377/5245/2523
f 4377/5245/2523 4362/5230/2509 4364/5232/2510
f 4366/5234/2512 4379/5247/2525 4378/5246/2524
f 4378/5246/2524 4364/5232/2510 4366/5234/2512
f 4368/5236/2514 4380/5248/2526 4379/5247/2525
f 4379/5247/2525 4366/5234/2512 4368/5236/2514
f 4348/5213/2493 4370/5238/2516 4380/5248/2526
f 4380/5248/2526 4368/5236/2514 4348/5213/2493
f 4384/5249/2527 4381/5250/2528 4382/5251/2529
f 4382/5251/2529 4383/5252/2530 4384/5249/2527
f 4386/5253/2531 4385/5254/2532 4381/5250/2528
f 4381/5250/2528 4384/5249/2527 4386/5253/2531
f 4388/5255/2533 4387/5256/2534 4385/5254/2532
f 4385/5254/2532 4386/5253/2531 4388/5255/2533
f 4390/5257/2535 4389/5258/2536 4387/5256/2534
f 4387/5256/2534 4388/5255/2533 4390/5257/2535
f 4392/5259/2537 4391/5260/2538 4389/5258/2536
f 4389/5258/2536 4390/5257/2535 4392/5259/2537
f 4394/5261/2539 4393/5262/2540 4391/5260/2538
f 4391/5260/2538 4392/5259/2537 4394/5261/2539
f 4396/5263/2541 4395/5264/2542 4393/5262/2540
f 4393/5262/2540 4394/5261/2539 4396/5263/2541
f 4398/5265/2543 4397/5266/2544 4395/5264/2542
f 4395/5264/2542 4396/5263/2541 4398/5265/2543
f 4400/5267/2545 4399/5268/2546 4397/5266/2544
f 4397/5266/2544 4398/5265/2543 4400/5267/2545
f 4402/5269/2547 4401/5270/2548 4399/5268/2546
f 4399/5268/2546 4400/5267/2545 4402/5269/2547
f 4404/5271/2549 4403/5272/2550 4401/5270/2548
f 4401/5270/2548 4402/5269/2547 4404/5271/2549
f 4383/5252/2530 4382/5251/2529 4403/5272/2550
f 4403/5272/2550 4404/5271/2549 4383/5252/2530
f 4408/5273/2551 4405/5274/2552 4406/5275/2553
f 4406/5275/2553 4407/5276/2554 4408/5273/2551
f 4407/5276/2554 4406/5275/2553 4409/5277/2555
f 4409/5277/2555 4410/5278/2556 4407/5276/2554
f 4410/5278/2556 4409/5277/2555 4411/5279/2557
f 4411/5279/2557 4412/5280/2558 4410/5278/2556
f 4412/5280/2558 4411/5279/2557 4413/5281/2559
f 4413/5281/2559 4414/5282/2560 4412/5280/2558
f 4414/5282/2560 4413/5281/2559 4415/5283/2561
f 4415/5283/2561 4416/5284/2562 4414/5282/2560
f 4416/5284/2562 4415/5283/2561 4417/5285/2563
f 4417/5285/2563 4418/5286/2564 4416/5284/2562
f 4418/5286/2564 4417/5285/2563 4419/5287/2565
f 4419/5287/2565 4420/5288/2566 4418/5286/2564
f 4420/5288/2566 4419/5287/2565 4421/5289/2567
f 4421/5289/2567 4422/5290/2568 4420/5288/2566
f 4422/5290/2568 4421/5289/2567 4423/5291/2569
f 4423/5291/2569 4424/5292/2570 4422/5290/2568
f 4424/5292/2570 4423/5291/2569 4425/5293/2571
f 4425/5293/2571 4426/5294/2572 4424/5292/2570
f 4426/5294/2572 4425/5293/2571 4427/5295/2573
f 4427/5295/2573 4428/5296/2574 4426/5294/2572
f 4428/5296/2574 4427/5295/2573 4405/5274/2552
f 4405/5274/2552 4408/5273/2551 4428/5296/2574
f 4408/5273/2551 4407/5276/2554 4429/5297/2575
f 4407/5276/2554 4410/5278/2556 4429/5297/2575
f 4410/5278/2556 4412/5280/2558 4429/5297/2575
f 4412/5280/2558 4414/5282/2560 4429/5297/2575
f 4414/5282/2560 4416/5284/2562 4429/5297/2575
f 4416/5284/2562 4418/5286/2564 4429/5297/2575
f 4418/5286/2564 4420/5288/2566 4429/5297/2575
f 4420/5288/2566 4422/5290/2568 4429/5297/2575
f 4422/5290/2568 4424/5292/2570 4429/5297/2575
f 4424/5292/2570 4426/5294/2572 4429/5297/2575
f 4426/5294/2572 4428/5296/2574 4429/5297/2575
f 4428/5296/2574 4408/5273/2551 4429/5297/2575
f 4369/5237/2515 4384/5249/2527 4383/5252/2530
f 4383/5252/2530 4370/5238/2516 4369/5237/2515
f 4371/5239/2517 4386/5253/2531 4384/5249/2527
f 4384/5249/2527 4369/5237/2515 4371/5239/2517
f 4372/5240/2518 4388/5255/2533 4386/5253/2531
f 4386/5253/2531 4371/5239/2517 4372/5240/2518
f 4373/5241/2519 4390/5257/2535 4388/5255/2533
f 4388/5255/2533 4372/5240/2518 4373/5241/2519
f 4374/5242/2520 4392/5259/2537 4390/5257/2535
f 4390/5257/2535 4373/5241/2519 4374/5242/2520
f 4375/5243/2521 4394/5261/2539 4392/5259/2537
f 4392/5259/2537 4374/5242/2520 4375/5243/2521
f 4376/5244/2522 4396/5263/2541 4394/5261/2539
f 4394/5261/2539 4375/5243/2521 4376/5244/2522
f 4377/5245/2523 4398/5265/2543 4396/5263/2541
f 4396/5263/2541 4376/5244/2522 4377/5245/2523
f 4378/5246/2524 4400/5267/2545 4398/5265/2543
f 4398/5265/2543 4377/5245/2523 4378/5246/2524
f 4379/5247/2525 4402/5269/2547 4400/5267/2545
f 4400/5267/2545 4378/5246/2524 4379/5247/2525
f 4380/5248/2526 4404/5271/2549 4402/5269/2547
f 4402/5269/2547 4379/5247/2525 4380/5248/2526
f 4370/5238/2516 4383/5252/2530 4404/5271/2549
f 4404/5271/2549 4380/5248/2526 4370/5238/2516
f 4381/5250/2528 4406/5275/2553 4405/5274/2552
f 4405/5274/2552 4382/5251/2529 4381/5250/2528
f 4385/5254/2532 4409/5277/2555 4406/5275/2553
f 4406/5275/2553 4381/5250/2528 4385/5254/2532
f 4387/5256/2534 4411/5279/2557 4409/5277/2555
f 4409/5277/2555 4385/5254/2532 4387/5256/2534
f 4389/5258/2536 4413/5281/2559 4411/5279/2557
f 4411/5279/2557 4387/5256/2534 4389/5258/2536
f 4391/5260/2538 4415/5283/2561 4413/5281/2559
f 4413/5281/2559 4389/5258/2536 4391/5260/2538
f 4393/5262/2540 4417/5285/2563 4415/5283/2561
f 4415/5283/2561 4391/5260/2538 4393/5262/2540
f 4395/5264/2542 4419/5287/2565 4417/5285/2563
f 4417/5285/2563 4393/5262/2540 4395/5264/2542
f 4397/5266/2544 4421/5289/2567 4419/5287/2565
f 4419/5287/2565 4395/5264/2542 4397/5266/2544
f 4399/5268/2546 4423/5291/2569 4421/5289/2567
f 4421/5289/2567 4397/5266/2544 4399/5268/2546
f 4401/5270/2548 4425/5293/2571 4423/5291/2569
f 4423/5291/2569 4399/5268/2546 4401/5270/2548
f 4403/5272/2550 4427/5295/2573 4425/5293/2571
f 4425/5293/2571 4401/5270/2548 4403/5272/2550
f 4382/5251/2529 4405/5274/2552 4427/5295/2573
f 4427/5295/2573 4403/5272/2550 4382/5251/2529
f 4433/5298/2576 4430/5299/2577 4431/5300/2578
f 4431/5300/2578 4432/5301/2579 4433/5298/2576
f 4432/5301/2579 4431/5300/2578 4434/5302/2580
f 4434/5302/2580 4435/5303/2581 4432/5301/2579
f 4435/5303/2581 4434/5302/2580 4436/5304/2001
f 4436/5304/2001 4437/5305/2582 4435/5303/2581
f 4437/5305/2582 4436/5304/2001 4438/5306/2583
f 4438/5306/2583 4439/5307/2584 4437/5305/2582
f 4439/5307/2584 4438/5306/2583 4440/5308/2585
f 4440/5308/2585 4441/5309/2586 4439/5307/2584
f 4441/5309/2586 4440/5308/2585 4442/5310/2587
f 4442/5310/2587 4443/5311/2588 4441/5309/2586
f 4443/5311/2588 4442/5310/2587 4444/5312/2589
f 4444/5312/2589 4445/5313/2590 4443/5311/2588
f 4445/5313/2590 4444/5312/2589 4446/5314/2591
f 4446/5314/2591 4447/5315/2592 4445/5313/2590
f 4447/5315/2592 4446/5314/2591 4448/5316/1725
f 4448/5316/1725 4449/5317/2593 4447/5315/2592
f 4449/5317/2593 4448/5316/1725 4450/5318/2594
f 4450/5318/2594 4451/5319/2595 4449/5317/2593
f 4451/5319/2595 4450/5318/2594 4452/5320/2596
f 4452/5320/2596 4453/5321/2597 4451/5319/2595
f 4453/5321/2597 4452/5320/2596 4430/5299/2577
f 4430/5299/2577 4433/5298/2576 4453/5321/2597
f 4432/5301/2579 4454/5322/2598 4455/5323/2599
f 4455/5323/2599 4433/5298/2576 4432/5301/2579
f 4435/5303/2581 4456/5324/2600 4454/5322/2598
f 4454/5322/2598 4432/5301/2579 4435/5303/2581
f 4437/5305/2582 4457/5325/2601 4456/5324/2600
f 4456/5324/2600 4435/5303/2581 4437/5305/2582
f 4439/5307/2584 4458/5326/2602 4457/5325/2601
f 4457/5325/2601 4437/5305/2582 4439/5307/2584
f 4441/5309/2586 4459/5327/2603 4458/5326/2602
f 4458/5326/2602 4439/5307/2584 4441/5309/2586
f 4443/5311/2588 4460/5328/2604 4459/5327/2603
f 4459/5327/2603 4441/5309/2586 4443/5311/2588
f 4445/5313/2590 4461/5329/2605 4460/5328/2604
f 4460/5328/2604 4443/5311/2588 4445/5313/2590
f 4447/5315/2592 4462/5330/2606 4461/5329/2605
f 4461/5329/2605 4445/5313/2590 4447/5315/2592
f 4449/5317/2593 4463/5331/2607 4462/5330/2606
f 4462/5330/2606 4447/5315/2592 4449/5317/2593
f 4451/5319/2595 4464/5332/2608 4463/5331/2607
f 4463/5331/2607 4449/5317/2593 4451/5319/2595
f 4453/5321/2597 4465/5333/2609 4464/5332/2608
f 4464/5332/2608 4451/5319/2595 4453/5321/2597
f 4433/5298/2576 4455/5323/2599 4465/5333/2609
f 4465/5333/2609 4453/5321/2597 4433/5298/2576
f 4469/5334/2610 4466/5335/2611 4467/5336/2612
f 4467/5336/2612 4468/5337/2613 4469/5334/2610
f 4471/5338/2614 4470/5339/2615 4466/5335/2611
f 4466/5335/2611 4469/5334/2610 4471/5338/2614
f 4473/5340/2616 4472/5341/2617 4470/5339/2615
f 4470/5339/2615 4471/5338/2614 4473/5340/2616
f 4475/5342/2618 4474/5343/2619 4472/5341/2617
f 4472/5341/2617 4473/5340/2616 4475/5342/2618
f 4477/5344/2620 4476/5345/2621 4474/5343/2619
f 4474/5343/2619 4475/5342/2618 4477/5344/2620
f 4479/5346/2622 4478/5347/2623 4476/5345/2621
f 4476/5345/2621 4477/5344/2620 4479/5346/2622
f 4481/5348/2624 4480/5349/2625 4478/5347/2623
f 4478/5347/2623 4479/5346/2622 4481/5348/2624
f 4483/5350/2626 4482/5351/2627 4480/5349/2625
f 4480/5349/2625 4481/5348/2624 4483/5350/2626
f 4485/5352/2628 4484/5353/2629 4482/5351/2627
f 4482/5351/2627 4483/5350/2626 4485/5352/2628
f 4487/5354/2630 4486/5355/2631 4484/5353/2629
f 4484/5353/2629 4485/5352/2628 4487/5354/2630
f 4489/5356/2632 4488/5357/2633 4486/5355/2631
f 4486/5355/2631 4487/5354/2630 4489/5356/2632
f 4468/5337/2613 4467/5336/2612 4488/5357/2633
f 4488/5357/2633 4489/5356/2632 4468/5337/2613
f 4493/5358/2634 4490/5359/2635 4491/5360/2636
f 4491/5360/2636 4492/5361/2637 4493/5358/2634
f 4492/5361/2637 4491/5360/2636 4494/5362/2638
f 4494/5362/2638 4495/5363/2639 4492/5361/2637
f 4495/5363/2639 4494/5362/2638 4496/5364/2640
f 4496/5364/2640 4497/5365/2641 4495/5363/2639
f 4497/5365/2641 4496/5364/2640 4498/5366/2642
f 4498/5366/2642 4499/5367/2643 4497/5365/2641
f 4499/5367/2643 4498/5366/2642 4500/5368/2644
f 4500/5368/2644 4501/5369/2645 4499/5367/2643
f 4501/5369/2645 4500/5368/2644 4502/5370/2646
f 4502/5370/2646 4503/5371/2647 4501/5369/2645
f 4503/5371/2647 4502/5370/2646 4504/5372/2648
f 4504/5372/2648 4505/5373/2649 4503/5371/2647
f 4505/5373/2649 4504/5372/2648 4506/5374/2650
f 4506/5374/2650 4507/5375/2651 4505/5373/2649
f 4507/5375/2651 4506/5374/2650 4508/5376/2652
f 4508/5376/2652 4509/5377/2653 4507/5375/2651
f 4509/5377/2653 4508/5376/2652 4510/5378/2654
f 4510/5378/2654 4511/5379/2655 4509/5377/2653
f 4511/5379/2655 4510/5378/2654 4512/5380/2656
f 4512/5380/2656 4513/5381/2657 4511/5379/2655
f 4513/5381/2657 4512/5380/2656 4490/5359/2635
f 4490/5359/2635 4493/5358/2634 4513/5381/2657
f 4493/5358/2634 4492/5361/2637 4514/5382/2658
f 4492/5361/2637 4495/5363/2639 4514/5382/2658
f 4495/5363/2639 4497/5365/2641 4514/5382/2658
f 4497/5365/2641 4499/5367/2643 4514/5382/2658
f 4499/5367/2643 4501/5369/2645 4514/5382/2658
f 4501/5369/2645 4503/5371/2647 4514/5382/2658
f 4503/5371/2647 4505/5373/2649 4514/5382/2658
f 4505/5373/2649 4507/5375/2651 4514/5382/2658
f 4507/5375/2651 4509/5377/2653 4514/5382/2658
f 4509/5377/2653 4511/5379/2655 4514/5382/2658
f 4511/5379/2655 4513/5381/2657 4514/5382/2658
f 4513/5381/2657 4493/5358/2634 4514/5382/2658
f 4454/5322/2598 4469/5334/2610 4468/5337/2613
f 4468/5337/2613 4455/5323/2599 4454/5322/2598
f 4456/5324/2600 4471/5338/2614 4469/5334/2610
f 4469/5334/2610 4454/5322/2598 4456/5324/2600
f 4457/5325/2601 4473/5340/2616 4471/5338/2614
f 4471/5338/2614 4456/5324/2600 4457/5325/2601
f 4458/5326/2602 4475/5342/2618 4473/5340/2616
f 4473/5340/2616 4457/5325/2601 4458/5326/2602
f 4459/5327/2603 4477/5344/2620 4475/5342/2618
f 4475/5342/2618 4458/5326/2602 4459/5327/2603
f 4460/5328/2604 4479/5346/2622 4477/5344/2620
f 4477/5344/2620 4459/5327/2603 4460/5328/2604
f 4461/5329/2605 4481/5348/2624 4479/5346/2622
f 4479/5346/2622 4460/5328/2604 4461/5329/2605
f 4462/5330/2606 4483/5350/2626 4481/5348/2624
f 4481/5348/2624 4461/5329/2605 4462/5330/2606
f 4463/5331/2607 4485/5352/2628 4483/5350/2626
f 4483/5350/2626 4462/5330/2606 4463/5331/2607
f 4464/5332/2608 4487/5354/2630 4485/5352/2628
f 4485/5352/2628 4463/5331/2607 4464/5332/2608
f 4465/5333/2609 4489/5356/2632 4487/5354/2630
f 4487/5354/2630 4464/5332/2608 4465/5333/2609
f 4455/5323/2599 4468/5337/2613 4489/5356/2632
f 4489/5356/2632 4465/5333/2609 4455/5323/2599
f 4466/5335/2611 4491/5360/2636 4490/5359/2635
f 4490/5359/2635 4467/5336/2612 4466/5335/2611
f 4470/5339/2615 4494/5362/2638 4491/5360/2636
f 4491/5360/2636 4466/5335/2611 4470/5339/2615
f 4472/5341/2617 4496/5364/2640 4494/5362/2638
f 4494/5362/2638 4470/5339/2615 4472/5341/2617
f 4474/5343/2619 4498/5366/2642 4496/5364/2640
f 4496/5364/2640 4472/5341/2617 4474/5343/2619
f 4476/5345/2621 4500/5368/2644 4498/5366/2642
f 4498/5366/2642 4474/5343/2619 4476/5345/2621
f 4478/5347/2623 4502/5370/2646 4500/5368/2644
f 4500/5368/2644 4476/5345/2621 4478/5347/2623
f 4480/5349/2625 4504/5372/2648 4502/5370/2646
f 4502/5370/2646 4478/5347/2623 4480/5349/2625
f 4482/5351/2627 4506/5374/2650 4504/5372/2648
f 4504/5372/2648 4480/5349/2625 4482/5351/2627
f 4484/5353/2629 4508/5376/2652 4506/5374/2650
f 4506/5374/2650 4482/5351/2627 4484/5353/2629
f 4486/5355/2631 4510/5378/2654 4508/5376/2652
f 4508/5376/2652 4484/5353/2629 4486/5355/2631
f 4488/5357/2633 4512/5380/2656 4510/5378/2654
f 4510/5378/2654 4486/5355/2631 4488/5357/2633
f 4467/5336/2612 4490/5359/2635 4512/5380/2656
f 4512/5380/2656 4488/5357/2633 4467/5336/2612
f 4518/5383/2659 4515/5384/2660 4516/5385/2661
f 4516/5385/2661 4517/5386/2662 4518/5383/2659
f 4517/5386/2662 4516/5385/2661 4519/5387/2663
f 4519/5387/2663 4520/5388/2664 4517/5386/2662
f 4520/5388/2664 4519/5387/2663 4521/5389/2001
f 4521/5389/2001 4522/5390/2665 4520/5388/2664
f 4522/5390/2665 4521/5389/2001 4523/5391/2666
f 4523/5391/2666 4524/5392/2667 4522/5390/2665
f 4524/5392/2667 4523/5391/2666 4525/5393/2668
f 4525/5393/2668 4526/5394/2669 4524/5392/2667
f 4526/5394/2669 4525/5393/2668 4527/5395/2670
f 4527/5395/2670 4528/5396/2671 4526/5394/2669
f 4528/5396/2671 4527/5395/2670 4529/5397/2672
f 4529/5397/2672 4530/5398/2673 4528/5396/2671
f 4530/5398/2673 4529/5397/2672 4531/5399/2674
f 4531/5399/2674 4532/5400/2675 4530/5398/2673
f 4532/5400/2675 4531/5399/2674 4533/5401/1725
f 4533/5401/1725 4534/5402/2676 4532/5400/2675
f 4534/5402/2676 4533/5401/1725 4535/5403/2677
f 4535/5403/2677 4536/5404/2678 4534/5402/2676
f 4536/5404/2678 4535/5403/2677 4537/5405/2679
f 4537/5405/2679 4538/5406/2680 4536/5404/2678
f 4538/5406/2680 4537/5405/2679 4515/5384/2660
f 4515/5384/2660 4518/5383/2659 4538/5406/2680
f 4517/5386/2662 4539/5407/2681 4540/5408/2682
f 4540/5408/2682 4518/5383/2659 4517/5386/2662
f 4520/5388/2664 4541/5409/2683 4539/5407/2681
f 4539/5407/2681 4517/5386/2662 4520/5388/2664
f 4522/5390/2665 4542/5410/2684 4541/5409/2683
f 4541/5409/2683 4520/5388/2664 4522/5390/2665
f 4524/5392/2667 4543/5411/2685 4542/5410/2684
f 4542/5410/2684 4522/5390/2665 4524/5392/2667
f 4526/5394/2669 4544/5412/2686 4543/5411/2685
f 4543/5411/2685 4524/5392/2667 4526/5394/2669
f 4528/5396/2671 4545/5413/2687 4544/5412/2686
f 4544/5412/2686 4526/5394/2669 4528/5396/2671
f 4530/5398/2673 4546/5414/2688 4545/5413/2687
f 4545/5413/2687 4528/5396/2671 4530/5398/2673
f 4532/5400/2675 4547/5415/2689 4546/5414/2688
f 4546/5414/2688 4530/5398/2673 4532/5400/2675
f 4534/5402/2676 4548/5416/2690 4547/5415/2689
f 4547/5415/2689 4532/5400/2675 4534/5402/2676
f 4536/5404/2678 4549/5417/2691 4548/5416/2690
f 4548/5416/2690 4534/5402/2676 4536/5404/2678
f 4538/5406/2680 4550/5418/2692 4549/5417/2691
f 4549/5417/2691 4536/5404/2678 4538/5406/2680
f 4518/5383/2659 4540/5408/2682 4550/5418/2692
f 4550/5418/2692 4538/5406/2680 4518/5383/2659
f 4554/5419/2693 4551/5420/2694 4552/5421/2695
f 4552/5421/2695 4553/5422/2696 4554/5419/2693
f 4556/5423/2697 4555/5424/2698 4551/5420/2694
f 4551/5420/2694 4554/5419/2693 4556/5423/2697
f 4558/5425/2699 4557/5426/2700 4555/5424/2698
f 4555/5424/2698 4556/5423/2697 4558/5425/2699
f 4560/5427/2701 4559/5428/2702 4557/5426/2700
f 4557/5426/2700 4558/5425/2699 4560/5427/2701
f 4562/5429/2703 4561/5430/2704 4559/5428/2702
f 4559/5428/2702 4560/5427/2701 4562/5429/2703
f 4564/5431/2705 4563/5432/2706 4561/5430/2704
f 4561/5430/2704 4562/5429/2703 4564/5431/2705
f 4566/5433/2707 4565/5434/2708 4563/5432/2706
f 4563/5432/2706 4564/5431/2705 4566/5433/2707
f 4568/5435/2709 4567/5436/2710 4565/5434/2708
f 4565/5434/2708 4566/5433/2707 4568/5435/2709
f 4570/5437/2711 4569/5438/2712 4567/5436/2710
f 4567/5436/2710 4568/5435/2709 4570/5437/2711
f 4572/5439/2713 4571/5440/2714 4569/5438/2712
f 4569/5438/2712 4570/5437/2711 4572/5439/2713
f 4574/5441/2715 4573/5442/2716 4571/5440/2714
f 4571/5440/2714 4572/5439/2713 4574/5441/2715
f 4553/5422/2696 4552/5421/2695 4573/5442/2716
f 4573/5442/2716 4574/5441/2715 4553/5422/2696
f 4578/5443/2717 4575/5444/2718 4576/5445/2719
f 4576/5445/2719 4577/5446/2720 4578/5443/2717
f 4577/5446/2720 4576/5445/2719 4579/5447/2721
f 4579/5447/2721 4580/5448/2722 4577/5446/2720
f 4580/5448/2722 4579/5447/2721 4581/5449/2723
f 4581/5449/2723 4582/5450/2724 4580/5448/2722
f 4582/5450/2724 4581/5449/2723 4583/5451/2725
f 4583/5451/2725 4584/5452/2726 4582/5450/2724
f 4584/5452/2726 4583/5451/2725 4585/5453/2727
f 4585/5453/2727 4586/5454/2728 4584/5452/2726
f 4586/5454/2728 4585/5453/2727 4587/5455/2729
f 4587/5455/2729 4588/5456/2730 4586/5454/2728
f 4588/5456/2730 4587/5455/2729 4589/5457/2731
f 4589/5457/2731 4590/5458/2732 4588/5456/2730
f 4590/5458/2732 4589/5457/2731 4591/5459/2733
f 4591/5459/2733 4592/5460/2734 4590/5458/2732
f 4592/5460/2734 4591/5459/2733 4593/5461/2735
f 4593/5461/2735 4594/5462/2736 4592/5460/2734
f 4594/5462/2736 4593/5461/2735 4595/5463/2737
f 4595/5463/2737 4596/5464/2738 4594/5462/2736
f 4596/5464/2738 4595/5463/2737 4597/5465/2739
f 4597/5465/2739 4598/5466/2740 4596/5464/2738
f 4598/5466/2740 4597/5465/2739 4575/5444/2718
f 4575/5444/2718 4578/5443/2717 4598/5466/2740
f 4578/5443/2717 4577/5446/2720 4599/5467/2741
f 4577/5446/2720 4580/5448/2722 4599/5467/2741
f 4580/5448/2722 4582/5450/2724 4599/5467/2741
f 4582/5450/2724 4584/5452/2726 4599/5467/2741
f 4584/5452/2726 4586/5454/2728 4599/5467/2741
f 4586/5454/2728 4588/5456/2730 4599/5467/2741
f 4588/5456/2730 4590/5458/2732 4599/5467/2741
f 4590/5458/2732 4592/5460/2734 4599/5467/2741
f 4592/5460/2734 4594/5462/2736 4599/5467/2741
f 4594/5462/2736 4596/5464/2738 4599/5467/2741
f 4596/5464/2738 4598/5466/2740 4599/5467/2741
f 4598/5466/2740 4578/5443/2717 4599/5467/2741
f 4539/5407/2681 4554/5419/2693 4553/5422/2696
f 4553/5422/2696 4540/5408/2682 4539/5407/2681
f 4541/5409/2683 4556/5423/2697 4554/5419/2693
f 4554/5419/2693 4539/5407/2681 4541/5409/2683
f 4542/5410/2684 4558/5425/2699 4556/5423/2697
f 4556/5423/2697 4541/5409/2683 4542/5410/2684
f 4543/5411/2685 4560/5427/2701 4558/5425/2699
f 4558/5425/2699 4542/5410/2684 4543/5411/2685
f 4544/5412/2686 4562/5429/2703 4560/5427/2701
f 4560/5427/2701 4543/5411/2685 4544/5412/2686
f 4545/5413/2687 4564/5431/2705 4562/5429/2703
f 4562/5429/2703 4544/5412/2686 4545/5413/2687
f 4546/5414/2688 4566/5433/2707 4564/5431/2705
f 4564/5431/2705 4545/5413/2687 4546/5414/2688
f 4547/5415/2689 4568/5435/2709 4566/5433/2707
f 4566/5433/2707 4546/5414/2688 4547/5415/2689
f 4548/5416/2690 4570/5437/2711 4568/5435/2709
f 4568/5435/2709 4547/5415/2689 4548/5416/2690
f 4549/5417/2691 4572/5439/2713 4570/5437/2711
f 4570/5437/2711 4548/5416/2690 4549/5417/2691
f 4550/5418/2692 4574/5441/2715 4572/5439/2713
f 4572/5439/2713 4549/5417/2691 4550/5418/2692
f 4540/5408/2682 4553/5422/2696 4574/5441/2715
f 4574/5441/2715 4550/5418/2692 4540/5408/2682
f 4551/5420/2694 4576/5445/2719 4575/5444/2718
f 4575/5444/2718 4552/5421/2695 4551/5420/2694
f 4555/5424/2698 4579/5447/2721 4576/5445/2719
f 4576/5445/2719 4551/5420/2694 4555/5424/2698
f 4557/5426/2700 4581/5449/2723 4579/5447/2721
f 4579/5447/2721 4555/5424/2698 4557/5426/2700
f 4559/5428/2702 4583/5451/2725 4581/5449/2723
f 4581/5449/2723 4557/5426/2700 4559/5428/2702
f 4561/5430/2704 4585/5453/2727 4583/5451/2725
f 4583/5451/2725 4559/5428/2702 4561/5430/2704
f 4563/5432/2706 4587/5455/2729 4585/5453/2727
f 4585/5453/2727 4561/5430/2704 4563/5432/2706
f 4565/5434/2708 4589/5457/2731 4587/5455/2729
f 4587/5455/2729 4563/5432/2706 4565/5434/2708
f 4567/5436/2710 4591/5459/2733 4589/5457/2731
f 4589/5457/2731 4565/5434/2708 4567/5436/2710
f 4569/5438/2712 4593/5461/2735 4591/5459/2733
f 4591/5459/2733 4567/5436/2710 4569/5438/2712
f 4571/5440/2714 4595/5463/2737 4593/5461/2735
f 4593/5461/2735 4569/5438/2712 4571/5440/2714
f 4573/5442/2716 4597/5465/2739 4595/5463/2737
f 4595/5463/2737 4571/5440/2714 4573/5442/2716
f 4552/5421/2695 4575/5444/2718 4597/5465/2739
f 4597/5465/2739 4573/5442/2716 4552/5421/2695
