# Blender 5.1.0
# www.blender.org
mtllib lordmato.mtl
o tomato
v 0.071100 0.019434 -0.000000
v 0.050275 0.019434 -0.050275
v 0.047400 0.000000 -0.000000
v 0.033517 0.000000 -0.033517
v -0.033517 0.000000 -0.033517
v -0.050275 0.019434 -0.050275
v -0.047400 0.000000 -0.000000
v -0.071100 0.019434 -0.000000
v -0.033517 0.000000 0.033517
v -0.047400 0.000000 -0.000000
v -0.050275 0.019434 0.050275
v -0.071100 0.019434 -0.000000
v 0.000000 0.019434 0.071100
v -0.000000 0.000000 0.047400
v -0.050275 0.019434 0.050275
v -0.033517 0.000000 0.033517
v 0.071100 0.019434 -0.000000
v 0.047400 0.000000 -0.000000
v 0.050275 0.019434 0.050275
v 0.033517 0.000000 0.033517
v 0.050275 0.019434 0.050275
v 0.033517 0.000000 0.033517
v 0.000000 0.019434 0.071100
v -0.000000 0.000000 0.047400
v 0.050275 0.019434 -0.050275
v 0.000000 0.019434 -0.071100
v 0.033517 0.000000 -0.033517
v -0.000000 0.000000 -0.047400
v 0.047400 0.000000 -0.000000
v 0.033517 0.000000 -0.033517
v 0.033517 0.000000 0.033517
v -0.000000 0.000000 0.047400
v -0.000000 0.000000 -0.047400
v -0.033517 0.000000 0.033517
v -0.033517 0.000000 -0.033517
v -0.047400 0.000000 -0.000000
v 0.000000 0.019434 -0.071100
v -0.050275 0.019434 -0.050275
v -0.000000 0.000000 -0.047400
v -0.033517 0.000000 -0.033517
v 0.071100 0.019434 -0.000000
v 0.050275 0.019434 0.050275
v 0.084846 0.058302 -0.000000
v 0.059995 0.058302 0.059995
v 0.000000 0.019434 -0.071100
v 0.050275 0.019434 -0.050275
v 0.000000 0.058302 -0.084846
v 0.059995 0.058302 -0.059995
v 0.059995 0.058302 -0.059995
v 0.050275 0.019434 -0.050275
v 0.084846 0.058302 -0.000000
v 0.071100 0.019434 -0.000000
v -0.050275 0.019434 -0.050275
v 0.000000 0.019434 -0.071100
v -0.059995 0.058302 -0.059995
v 0.000000 0.058302 -0.084846
v 0.050275 0.019434 0.050275
v 0.000000 0.019434 0.071100
v 0.059995 0.058302 0.059995
v 0.000000 0.058302 0.084846
v -0.059995 0.058302 -0.059995
v -0.084846 0.058302 -0.000000
v -0.050275 0.019434 -0.050275
v -0.071100 0.019434 -0.000000
v -0.071100 0.019434 -0.000000
v -0.084846 0.058302 -0.000000
v -0.050275 0.019434 0.050275
v -0.059995 0.058302 0.059995
v 0.000000 0.019434 0.071100
v -0.050275 0.019434 0.050275
v 0.000000 0.058302 0.084846
v -0.059995 0.058302 0.059995
v -0.059995 0.058302 -0.059995
v 0.000000 0.058302 -0.084846
v -0.050275 0.097170 -0.050275
v 0.000000 0.097170 -0.071100
v 0.000000 0.058302 0.084846
v -0.059995 0.058302 0.059995
v 0.000000 0.097170 0.071100
v -0.050275 0.097170 0.050275
v -0.071100 0.097170 -0.000000
v -0.050275 0.097170 0.050275
v -0.084846 0.058302 -0.000000
v -0.059995 0.058302 0.059995
v 0.050275 0.097170 0.050275
v 0.000000 0.097170 0.071100
v 0.033517 0.116604 0.033517
v -0.000000 0.116604 0.047400
v 0.050275 0.097170 -0.050275
v 0.033517 0.116604 -0.033517
v 0.000000 0.097170 -0.071100
v -0.000000 0.116604 -0.047400
v 0.000000 0.097170 -0.071100
v -0.000000 0.116604 -0.047400
v -0.050275 0.097170 -0.050275
v -0.033517 0.116604 -0.033517
v 0.071100 0.097170 -0.000000
v 0.050275 0.097170 0.050275
v 0.047400 0.116604 -0.000000
v 0.033517 0.116604 0.033517
v 0.071100 0.097170 -0.000000
v 0.047400 0.116604 -0.000000
v 0.050275 0.097170 -0.050275
v 0.033517 0.116604 -0.033517
v -0.033517 0.116604 0.033517
v -0.050275 0.097170 0.050275
v -0.047400 0.116604 -0.000000
v -0.071100 0.097170 -0.000000
v -0.059995 0.058302 -0.059995
v -0.050275 0.097170 -0.050275
v -0.084846 0.058302 -0.000000
v -0.071100 0.097170 -0.000000
v -0.033517 0.116604 -0.033517
v -0.047400 0.116604 -0.000000
v -0.050275 0.097170 -0.050275
v -0.071100 0.097170 -0.000000
v 0.059995 0.058302 0.059995
v 0.000000 0.058302 0.084846
v 0.050275 0.097170 0.050275
v 0.000000 0.097170 0.071100
v 0.000000 0.097170 0.071100
v -0.050275 0.097170 0.050275
v -0.000000 0.116604 0.047400
v -0.033517 0.116604 0.033517
v 0.059995 0.058302 -0.059995
v 0.084846 0.058302 -0.000000
v 0.050275 0.097170 -0.050275
v 0.071100 0.097170 -0.000000
v 0.071100 0.097170 -0.000000
v 0.084846 0.058302 -0.000000
v 0.050275 0.097170 0.050275
v 0.059995 0.058302 0.059995
v 0.000000 0.058302 -0.084846
v 0.059995 0.058302 -0.059995
v 0.000000 0.097170 -0.071100
v 0.050275 0.097170 -0.050275
v 0.047400 0.116604 -0.000000
v 0.033517 0.116604 0.033517
v 0.033517 0.116604 -0.033517
v -0.000000 0.116604 -0.047400
v 0.011850 0.116604 -0.011850
v -0.011850 0.116604 -0.011850
v 0.011850 0.116604 0.011850
v -0.000000 0.116604 0.047400
v -0.033517 0.116604 -0.033517
v -0.011850 0.116604 0.011850
v -0.033517 0.116604 0.033517
v -0.047400 0.116604 -0.000000
v 0.043511 0.142664 -0.000000
v 0.029178 0.127137 -0.007850
v 0.029178 0.127137 0.007850
v 0.029178 0.127137 0.007850
v 0.029178 0.127137 -0.007850
v 0.043511 0.142664 -0.000000
v 0.007850 0.127137 0.029178
v -0.007850 0.127137 0.029178
v 0.000000 0.142664 0.043511
v 0.000000 0.142664 0.043511
v -0.007850 0.127137 0.029178
v 0.007850 0.127137 0.029178
v -0.007850 0.127137 -0.029178
v 0.007850 0.127137 -0.029178
v 0.000000 0.142664 -0.043511
v 0.000000 0.142664 -0.043511
v 0.007850 0.127137 -0.029178
v -0.007850 0.127137 -0.029178
v -0.029178 0.127137 -0.007850
v -0.043511 0.142664 -0.000000
v -0.029178 0.127137 0.007850
v -0.029178 0.127137 0.007850
v -0.043511 0.142664 -0.000000
v -0.029178 0.127137 -0.007850
v 0.011850 0.116604 0.011850
v -0.011850 0.116604 0.011850
v 0.011850 0.121604 0.011850
v -0.011850 0.121604 0.011850
v 0.011850 0.121604 -0.011850
v 0.011850 0.116604 -0.011850
v 0.011850 0.121604 0.011850
v 0.011850 0.116604 0.011850
v -0.011850 0.116604 -0.011850
v 0.011850 0.116604 -0.011850
v -0.011850 0.121604 -0.011850
v 0.011850 0.121604 -0.011850
v -0.011850 0.116604 -0.011850
v -0.011850 0.121604 -0.011850
v -0.011850 0.116604 0.011850
v -0.011850 0.121604 0.011850
v 0.006934 0.121604 0.006934
v -0.006934 0.121604 0.006934
v 0.004230 0.138004 0.004230
v -0.004230 0.138004 0.004230
v 0.006934 0.121604 -0.006934
v 0.006934 0.121604 0.006934
v 0.004230 0.138004 -0.004230
v 0.004230 0.138004 0.004230
v -0.006934 0.121604 -0.006934
v 0.006934 0.121604 -0.006934
v -0.004230 0.138004 -0.004230
v 0.004230 0.138004 -0.004230
v -0.006934 0.121604 -0.006934
v -0.004230 0.138004 -0.004230
v -0.006934 0.121604 0.006934
v -0.004230 0.138004 0.004230
v 0.004230 0.138004 -0.004230
v 0.004230 0.138004 0.004230
v -0.004230 0.138004 -0.004230
v -0.004230 0.138004 0.004230
v -0.011850 0.121604 0.011850
v -0.011850 0.121604 -0.011850
v -0.029178 0.127137 0.007850
v -0.029178 0.127137 -0.007850
v -0.029178 0.127137 0.007850
v -0.011850 0.121604 -0.011850
v -0.011850 0.121604 0.011850
v -0.029178 0.127137 -0.007850
v 0.029178 0.127137 0.007850
v 0.029178 0.127137 -0.007850
v 0.011850 0.121604 0.011850
v 0.011850 0.121604 -0.011850
v 0.011850 0.121604 0.011850
v 0.029178 0.127137 -0.007850
v 0.029178 0.127137 0.007850
v 0.011850 0.121604 -0.011850
v 0.011850 0.121604 -0.011850
v 0.007850 0.127137 -0.029178
v -0.011850 0.121604 -0.011850
v -0.007850 0.127137 -0.029178
v -0.011850 0.121604 -0.011850
v 0.007850 0.127137 -0.029178
v 0.011850 0.121604 -0.011850
v -0.007850 0.127137 -0.029178
v 0.011850 0.121604 0.011850
v -0.011850 0.121604 0.011850
v 0.007850 0.127137 0.029178
v -0.007850 0.127137 0.029178
v 0.007850 0.127137 0.029178
v -0.011850 0.121604 0.011850
v 0.011850 0.121604 0.011850
v -0.007850 0.127137 0.029178
v -0.006934 0.121604 -0.006934
v -0.011850 0.121604 -0.011850
v 0.006934 0.121604 -0.006934
v -0.006934 0.121604 0.006934
v 0.011850 0.121604 -0.011850
v -0.011850 0.121604 0.011850
v 0.011850 0.121604 0.011850
v 0.006934 0.121604 0.006934
vn 0.4068 -0.9135 -0.0000
vn 0.5927 -0.5454 -0.5927
vn 0.8382 -0.5454 -0.0000
vn 0.2876 -0.9135 -0.2876
vn -0.4068 -0.9135 -0.0000
vn -0.5927 -0.5454 -0.5927
vn -0.2876 -0.9135 -0.2876
vn -0.8382 -0.5454 -0.0000
vn -0.5927 -0.5454 0.5927
vn -0.2876 -0.9135 0.2876
vn -0.0000 -0.9135 0.4068
vn -0.0000 -0.5454 0.8382
vn 0.5927 -0.5454 0.5927
vn 0.2876 -0.9135 0.2876
vn -0.0000 -0.5454 -0.8382
vn -0.0000 -0.9135 -0.4068
vn 0.2876 -0.9136 0.2876
vn 0.2876 -0.9136 -0.2876
vn 0.4067 -0.9136 -0.0000
vn -0.0000 -0.9136 0.4067
vn -0.0000 -0.9136 -0.4067
vn -0.2876 -0.9136 0.2876
vn -0.2876 -0.9136 -0.2876
vn -0.4067 -0.9136 -0.0000
vn 1.0000 -0.0000 -0.0000
vn 0.7071 -0.0000 0.7071
vn -0.0000 -0.0000 -1.0000
vn 0.7071 -0.0000 -0.7071
vn -0.7071 -0.0000 -0.7071
vn -0.0000 -0.0000 1.0000
vn -1.0000 -0.0000 -0.0000
vn -0.7071 -0.0000 0.7071
vn -0.5927 0.5454 -0.5927
vn -0.0000 0.5454 -0.8382
vn -0.0000 0.5454 0.8382
vn -0.5927 0.5454 0.5927
vn -0.8382 0.5454 -0.0000
vn 0.2876 0.9135 0.2876
vn 0.5927 0.5454 0.5927
vn -0.0000 0.9135 0.4068
vn 0.2876 0.9135 -0.2876
vn 0.5927 0.5454 -0.5927
vn -0.0000 0.9135 -0.4068
vn -0.2876 0.9135 -0.2876
vn 0.4068 0.9135 -0.0000
vn 0.8382 0.5454 -0.0000
vn -0.4068 0.9135 -0.0000
vn -0.2876 0.9135 0.2876
vn 0.2876 0.9136 -0.2876
vn 0.2876 0.9136 0.2876
vn 0.4067 0.9136 -0.0000
vn -0.0000 0.9136 -0.4067
vn -0.0000 1.0000 -0.0000
vn -0.0000 0.9136 0.4067
vn -0.2876 0.9136 -0.2876
vn -0.2876 0.9136 0.2876
vn -0.4067 0.9136 -0.0000
vn 0.4943 -0.8693 -0.0000
vn 0.7348 -0.6783 -0.0000
vn -0.7348 0.6783 -0.0000
vn -0.4943 0.8693 -0.0000
vn -0.0000 -0.6783 0.7348
vn -0.0000 -0.8693 0.4943
vn -0.0000 0.8693 -0.4943
vn -0.0000 0.6783 -0.7348
vn -0.0000 -0.6783 -0.7348
vn -0.0000 -0.8693 -0.4943
vn -0.0000 0.8693 0.4943
vn -0.0000 0.6783 0.7348
vn -0.4943 -0.8693 -0.0000
vn -0.7348 -0.6783 -0.0000
vn 0.4943 0.8693 -0.0000
vn 0.7348 0.6783 -0.0000
vn 0.6887 0.2271 0.6886
vn -0.6887 0.2271 0.6886
vn 0.6886 0.2271 -0.6887
vn 0.6886 0.2271 0.6887
vn -0.6887 0.2271 -0.6886
vn 0.6887 0.2271 -0.6886
vn -0.6886 0.2271 0.6887
vn -0.6886 0.2271 -0.6887
vn -0.4942 -0.8693 -0.0000
vn -0.3042 -0.9526 -0.0000
vn 0.3042 0.9526 -0.0000
vn 0.4942 0.8693 -0.0000
vn 0.3042 -0.9526 -0.0000
vn 0.4942 -0.8693 -0.0000
vn -0.4942 0.8693 -0.0000
vn -0.3042 0.9526 -0.0000
vn -0.0000 -0.9526 -0.3042
vn -0.0000 -0.8693 -0.4942
vn -0.0000 0.9526 0.3042
vn -0.0000 0.8693 0.4942
vn -0.0000 -0.8693 0.4942
vn -0.0000 -0.9526 0.3042
vn -0.0000 0.9526 -0.3042
vn -0.0000 0.8693 -0.4942
vt 0.968750 0.275000
vt 0.968750 0.302244
vt 0.968750 0.356733
vt 0.968750 0.411222
vt 0.968750 0.438466
vt 0.593750 0.453232
vt 0.593750 0.475000
vt 0.593750 0.445476
vt 0.593750 0.438466
vt 0.593750 0.468467
s 1
usemtl colormap.001
f 3/1/1 2/2/2 1/2/3
f 2/2/2 3/1/1 4/1/4
f 7/1/5 6/2/6 5/1/7
f 6/2/6 7/1/5 8/2/8
f 11/2/9 10/1/5 9/1/10
f 10/1/5 11/2/9 12/2/8
f 15/2/9 14/1/11 13/2/12
f 14/1/11 15/2/9 16/1/10
f 19/2/13 18/1/1 17/2/3
f 18/1/1 19/2/13 20/1/14
f 23/2/12 22/1/14 21/2/13
f 22/1/14 23/2/12 24/1/11
f 27/1/4 26/2/15 25/2/2
f 26/2/15 27/1/4 28/1/16
f 31/1/17 30/1/18 29/1/19
f 30/1/18 31/1/17 32/1/20
f 30/1/18 32/1/20 33/1/21
f 33/1/21 32/1/20 34/1/22
f 33/1/21 34/1/22 35/1/23
f 35/1/23 34/1/22 36/1/24
f 39/1/16 38/2/6 37/2/15
f 38/2/6 39/1/16 40/1/7
f 43/3/25 42/2/13 41/2/3
f 42/2/13 43/3/25 44/3/26
f 47/3/27 46/2/2 45/2/15
f 46/2/2 47/3/27 48/3/28
f 51/3/25 50/2/2 49/3/28
f 50/2/2 51/3/25 52/2/3
f 55/3/29 54/2/15 53/2/6
f 54/2/15 55/3/29 56/3/27
f 59/3/26 58/2/12 57/2/13
f 58/2/12 59/3/26 60/3/30
f 63/2/6 62/3/31 61/3/29
f 62/3/31 63/2/6 64/2/8
f 67/2/9 66/3/31 65/2/8
f 66/3/31 67/2/9 68/3/32
f 71/3/30 70/2/9 69/2/12
f 70/2/9 71/3/30 72/3/32
f 75/4/33 74/3/27 73/3/29
f 74/3/27 75/4/33 76/4/34
f 79/4/35 78/3/32 77/3/30
f 78/3/32 79/4/35 80/4/36
f 83/3/31 82/4/36 81/4/37
f 82/4/36 83/3/31 84/3/32
f 87/5/38 86/4/35 85/4/39
f 86/4/35 87/5/38 88/5/40
f 91/4/34 90/5/41 89/4/42
f 90/5/41 91/4/34 92/5/43
f 95/4/33 94/5/43 93/4/34
f 94/5/43 95/4/33 96/5/44
f 99/5/45 98/4/39 97/4/46
f 98/4/39 99/5/45 100/5/38
f 103/4/42 102/5/45 101/4/46
f 102/5/45 103/4/42 104/5/41
f 107/5/47 106/4/36 105/5/48
f 106/4/36 107/5/47 108/4/37
f 111/3/31 110/4/33 109/3/29
f 110/4/33 111/3/31 112/4/37
f 115/4/33 114/5/47 113/5/44
f 114/5/47 115/4/33 116/4/37
f 119/4/39 118/3/30 117/3/26
f 118/3/30 119/4/39 120/4/35
f 123/5/40 122/4/36 121/4/35
f 122/4/36 123/5/40 124/5/48
f 127/4/42 126/3/25 125/3/28
f 126/3/25 127/4/42 128/4/46
f 131/4/39 130/3/25 129/4/46
f 130/3/25 131/4/39 132/3/26
f 135/4/34 134/3/28 133/3/27
f 134/3/28 135/4/34 136/4/42
f 139/5/49 138/5/50 137/5/51
f 138/5/50 139/5/49 140/5/52
f 138/5/50 140/5/52 141/5/53
f 141/5/53 140/5/52 142/5/53
f 143/5/53 138/5/50 141/5/53
f 138/5/50 143/5/53 144/5/54
f 142/5/53 140/5/52 145/5/55
f 144/5/54 143/5/53 146/5/53
f 142/5/53 145/5/55 146/5/53
f 144/5/54 146/5/53 147/5/56
f 147/5/56 146/5/53 145/5/55
f 147/5/56 145/5/55 148/5/57
f 151/6/58 150/6/58 149/7/59
f 154/7/60 153/6/61 152/6/61
f 157/7/62 156/6/63 155/6/63
f 160/6/64 159/6/64 158/7/65
f 163/7/66 162/6/67 161/6/67
f 166/6/68 165/6/68 164/7/69
f 169/6/70 168/7/71 167/6/70
f 172/6/72 171/7/73 170/6/72
f 175/8/26 174/9/32 173/9/26
f 174/9/32 175/8/26 176/8/32
f 179/8/26 178/9/28 177/8/28
f 178/9/28 179/8/26 180/9/26
f 183/8/29 182/9/28 181/9/29
f 182/9/28 183/8/29 184/8/28
f 187/9/32 186/8/29 185/9/29
f 186/8/29 187/9/32 188/8/32
f 191/10/74 190/8/75 189/8/74
f 190/8/75 191/10/74 192/10/75
f 195/10/76 194/8/77 193/8/76
f 194/8/77 195/10/76 196/10/77
f 199/10/78 198/8/79 197/8/78
f 198/8/79 199/10/78 200/10/79
f 203/8/80 202/10/81 201/8/81
f 202/10/81 203/8/80 204/10/80
s 0
f 207/10/53 206/10/53 205/10/53
f 206/10/53 207/10/53 208/10/53
s 1
f 211/6/82 210/8/83 209/8/83
f 210/8/83 211/6/82 212/6/82
f 215/8/84 214/8/84 213/6/85
f 216/6/85 213/6/85 214/8/84
f 219/8/86 218/6/87 217/6/87
f 218/6/87 219/8/86 220/8/86
f 223/6/88 222/6/88 221/8/89
f 224/8/89 221/8/89 222/6/88
f 227/8/90 226/6/91 225/8/90
f 226/6/91 227/8/90 228/6/91
f 231/8/92 230/6/93 229/8/92
f 232/6/93 229/8/92 230/6/93
f 235/6/94 234/8/95 233/8/95
f 234/8/95 235/6/94 236/6/94
f 239/8/96 238/8/96 237/6/97
f 240/6/97 237/6/97 238/8/96
s 0
f 243/8/53 242/8/53 241/8/53
f 241/8/53 242/8/53 244/8/53
f 243/8/53 245/8/53 242/8/53
f 246/8/53 244/8/53 242/8/53
f 245/8/53 243/8/53 247/8/53
f 246/8/53 248/8/53 244/8/53
f 247/8/53 248/8/53 246/8/53
f 248/8/53 247/8/53 243/8/53
o Object_4
v 0.024992 0.095718 0.063740
v 0.026651 0.097687 0.062675
v 0.023286 0.101157 0.063081
v 0.021509 0.100452 0.063891
v 0.019701 0.100412 0.064556
v 0.017438 0.101716 0.065071
v 0.015169 0.100791 0.066111
v 0.013362 0.101134 0.066686
v 0.011591 0.102136 0.067093
v 0.008207 0.099231 0.069003
v 0.009855 0.096985 0.068933
v 0.009849 0.094782 0.069454
v 0.009033 0.092647 0.070251
v 0.007877 0.089486 0.071414
v 0.007699 0.086244 0.072240
v 0.008772 0.083489 0.072499
v 0.011061 0.081607 0.072110
v 0.014183 0.080631 0.071207
v 0.015821 0.080094 0.070739
v 0.017376 0.078918 0.070451
v 0.018936 0.079833 0.069671
v 0.020576 0.080096 0.069014
v 0.023702 0.080549 0.067773
v 0.026001 0.082046 0.066587
v 0.027088 0.084620 0.065588
v 0.026928 0.087891 0.064877
v 0.025790 0.091244 0.064502
v 0.024986 0.093515 0.064260
v 0.026237 0.091239 0.063034
v 0.027413 0.087744 0.063428
v 0.027577 0.084128 0.064219
v 0.026305 0.081147 0.065381
v 0.023666 0.079408 0.066747
v 0.020375 0.078913 0.068057
v 0.018889 0.078688 0.068649
v 0.016973 0.077728 0.069570
v 0.015064 0.079008 0.069961
v 0.013580 0.079482 0.070389
v 0.010293 0.080528 0.071335
v 0.007665 0.082708 0.071776
v 0.006410 0.085901 0.071481
v 0.006594 0.089488 0.070572
v 0.007789 0.092783 0.069363
v 0.008562 0.094766 0.068617
v 0.008604 0.096487 0.068197
v 0.006908 0.099117 0.068194
v 0.011056 0.102809 0.065822
v 0.013205 0.101753 0.065290
v 0.014619 0.101463 0.064846
v 0.017041 0.102388 0.063749
v 0.019458 0.101057 0.063185
v 0.020872 0.101111 0.062660
v 0.023026 0.101807 0.061715
v 0.027152 0.097422 0.061249
v 0.025442 0.095077 0.062420
v 0.025474 0.093350 0.062814
v 0.007665 0.082708 0.071776
v 0.008291 0.083113 0.073500
v 0.007036 0.086306 0.073205
v 0.006410 0.085901 0.071481
v 0.015169 0.100791 0.066111
v 0.017438 0.101716 0.065071
v 0.017664 0.101862 0.065693
v 0.015395 0.100937 0.066733
v 0.006594 0.089488 0.070572
v 0.007219 0.089893 0.072296
v 0.027088 0.084620 0.065588
v 0.026001 0.082046 0.066587
v 0.026227 0.082192 0.067210
v 0.027314 0.084766 0.066210
v 0.008772 0.083489 0.072499
v 0.007699 0.086244 0.072240
v 0.007925 0.086390 0.072863
v 0.008997 0.083635 0.073121
v 0.007789 0.092783 0.069363
v 0.008414 0.093189 0.071087
v 0.008604 0.096487 0.068197
v 0.008562 0.094766 0.068617
v 0.009188 0.095171 0.070341
v 0.009230 0.096892 0.069921
v 0.026928 0.087891 0.064877
v 0.027154 0.088037 0.065499
v 0.007877 0.089486 0.071414
v 0.008103 0.089633 0.072036
v 0.006908 0.099117 0.068194
v 0.007534 0.099522 0.069918
v 0.015244 0.101868 0.066570
v 0.014619 0.101463 0.064846
v 0.013205 0.101753 0.065290
v 0.013830 0.102158 0.067014
v 0.025790 0.091244 0.064502
v 0.026016 0.091390 0.065124
v 0.024986 0.093515 0.064260
v 0.025212 0.093661 0.064882
v 0.009033 0.092647 0.070251
v 0.009259 0.092793 0.070874
v 0.010918 0.080933 0.073059
v 0.010293 0.080528 0.071335
v 0.013580 0.079482 0.070389
v 0.014205 0.079887 0.072113
v 0.009849 0.094782 0.069454
v 0.010075 0.094929 0.070076
v 0.018889 0.078688 0.068649
v 0.019514 0.079093 0.070373
v 0.017599 0.078134 0.071294
v 0.016973 0.077728 0.069570
v 0.023666 0.079408 0.066747
v 0.024292 0.079813 0.068471
v 0.021001 0.079318 0.069781
v 0.020375 0.078913 0.068057
v 0.019458 0.101057 0.063185
v 0.020083 0.101463 0.064909
v 0.021498 0.101516 0.064384
v 0.020872 0.101111 0.062660
v 0.027152 0.097422 0.061249
v 0.027777 0.097827 0.062973
v 0.026068 0.095482 0.064144
v 0.025442 0.095077 0.062420
v 0.026100 0.093755 0.064538
v 0.025474 0.093350 0.062814
v 0.026862 0.091644 0.064758
v 0.028038 0.088149 0.065152
v 0.027413 0.087744 0.063428
v 0.026237 0.091239 0.063034
v 0.028202 0.084533 0.065943
v 0.027577 0.084128 0.064219
v 0.026930 0.081552 0.067105
v 0.026305 0.081147 0.065381
v 0.026305 0.081147 0.065381
v 0.026930 0.081552 0.067105
v 0.023026 0.101807 0.061715
v 0.023651 0.102212 0.063439
v 0.027777 0.097827 0.062973
v 0.027152 0.097422 0.061249
v 0.017667 0.102793 0.065473
v 0.017041 0.102388 0.063749
v 0.015690 0.079414 0.071685
v 0.015064 0.079008 0.069961
v 0.008291 0.083113 0.073500
v 0.007665 0.082708 0.071776
v 0.006908 0.099117 0.068194
v 0.007534 0.099522 0.069918
v 0.011682 0.103214 0.067546
v 0.011056 0.102809 0.065822
v 0.019701 0.100412 0.064556
v 0.019927 0.100558 0.065179
v 0.024992 0.095718 0.063740
v 0.025218 0.095864 0.064362
v 0.009855 0.096985 0.068933
v 0.010081 0.097132 0.069556
v 0.026651 0.097687 0.062675
v 0.026877 0.097833 0.063298
v 0.008207 0.099231 0.069003
v 0.008433 0.099378 0.069626
v 0.026227 0.082192 0.067210
v 0.023927 0.080695 0.068396
v 0.024292 0.079813 0.068471
v 0.026930 0.081552 0.067105
v 0.011287 0.081753 0.072733
v 0.008997 0.083635 0.073121
v 0.008291 0.083113 0.073500
v 0.010918 0.080933 0.073059
v 0.015395 0.100937 0.066733
v 0.017664 0.101862 0.065693
v 0.017667 0.102793 0.065473
v 0.015244 0.101868 0.066570
v 0.027314 0.084766 0.066210
v 0.026227 0.082192 0.067210
v 0.026930 0.081552 0.067105
v 0.028202 0.084533 0.065943
v 0.008997 0.083635 0.073121
v 0.007925 0.086390 0.072863
v 0.007036 0.086306 0.073205
v 0.008291 0.083113 0.073500
v 0.027154 0.088037 0.065499
v 0.027314 0.084766 0.066210
v 0.028202 0.084533 0.065943
v 0.028038 0.088149 0.065152
v 0.007925 0.086390 0.072863
v 0.008103 0.089633 0.072036
v 0.007219 0.089893 0.072296
v 0.007036 0.086306 0.073205
v 0.026016 0.091390 0.065124
v 0.027154 0.088037 0.065499
v 0.028038 0.088149 0.065152
v 0.026862 0.091644 0.064758
v 0.025212 0.093661 0.064882
v 0.026016 0.091390 0.065124
v 0.026862 0.091644 0.064758
v 0.026100 0.093755 0.064538
v 0.008103 0.089633 0.072036
v 0.009259 0.092793 0.070874
v 0.008414 0.093189 0.071087
v 0.007219 0.089893 0.072296
v 0.009259 0.092793 0.070874
v 0.010075 0.094929 0.070076
v 0.009188 0.095171 0.070341
v 0.008414 0.093189 0.071087
v 0.017664 0.101862 0.065693
v 0.019927 0.100558 0.065179
v 0.020083 0.101463 0.064909
v 0.017667 0.102793 0.065473
v 0.025218 0.095864 0.064362
v 0.025212 0.093661 0.064882
v 0.026100 0.093755 0.064538
v 0.026068 0.095482 0.064144
v 0.010075 0.094929 0.070076
v 0.010081 0.097132 0.069556
v 0.009230 0.096892 0.069921
v 0.009188 0.095171 0.070341
v 0.026877 0.097833 0.063298
v 0.025218 0.095864 0.064362
v 0.026068 0.095482 0.064144
v 0.027777 0.097827 0.062973
v 0.010081 0.097132 0.069556
v 0.008433 0.099378 0.069626
v 0.007534 0.099522 0.069918
v 0.009230 0.096892 0.069921
v 0.008433 0.099378 0.069626
v 0.011816 0.102282 0.067716
v 0.011682 0.103214 0.067546
v 0.007534 0.099522 0.069918
v 0.023512 0.101303 0.063703
v 0.026877 0.097833 0.063298
v 0.027777 0.097827 0.062973
v 0.023651 0.102212 0.063439
v 0.016047 0.080240 0.071362
v 0.014409 0.080778 0.071829
v 0.014205 0.079887 0.072113
v 0.015690 0.079414 0.071685
v 0.020802 0.080242 0.069636
v 0.019162 0.079979 0.070293
v 0.019514 0.079093 0.070373
v 0.021001 0.079318 0.069781
v 0.011816 0.102282 0.067716
v 0.013588 0.101280 0.067309
v 0.013830 0.102158 0.067014
v 0.011682 0.103214 0.067546
v 0.021735 0.100598 0.064513
v 0.023512 0.101303 0.063703
v 0.023651 0.102212 0.063439
v 0.021498 0.101516 0.064384
v 0.017601 0.079065 0.071074
v 0.016047 0.080240 0.071362
v 0.015690 0.079414 0.071685
v 0.017599 0.078134 0.071294
v 0.019162 0.079979 0.070293
v 0.017601 0.079065 0.071074
v 0.017599 0.078134 0.071294
v 0.019514 0.079093 0.070373
v 0.014409 0.080778 0.071829
v 0.011287 0.081753 0.072733
v 0.010918 0.080933 0.073059
v 0.014205 0.079887 0.072113
v 0.023927 0.080695 0.068396
v 0.020802 0.080242 0.069636
v 0.021001 0.079318 0.069781
v 0.024292 0.079813 0.068471
v 0.013588 0.101280 0.067309
v 0.015395 0.100937 0.066733
v 0.015244 0.101868 0.066570
v 0.013830 0.102158 0.067014
v 0.019927 0.100558 0.065179
v 0.021735 0.100598 0.064513
v 0.021498 0.101516 0.064384
v 0.020083 0.101463 0.064909
v 0.011061 0.081607 0.072110
v 0.008772 0.083489 0.072499
v 0.008997 0.083635 0.073121
v 0.011287 0.081753 0.072733
v 0.026001 0.082046 0.066587
v 0.023702 0.080549 0.067773
v 0.023927 0.080695 0.068396
v 0.026227 0.082192 0.067210
v 0.008207 0.099231 0.069003
v 0.011591 0.102136 0.067093
v 0.011816 0.102282 0.067716
v 0.008433 0.099378 0.069626
v 0.023286 0.101157 0.063081
v 0.026651 0.097687 0.062675
v 0.026877 0.097833 0.063298
v 0.023512 0.101303 0.063703
v 0.015821 0.080094 0.070739
v 0.014183 0.080631 0.071207
v 0.014409 0.080778 0.071829
v 0.016047 0.080240 0.071362
v 0.020576 0.080096 0.069014
v 0.018936 0.079833 0.069671
v 0.019162 0.079979 0.070293
v 0.020802 0.080242 0.069636
v 0.013362 0.101134 0.066686
v 0.013588 0.101280 0.067309
v 0.021509 0.100452 0.063891
v 0.021735 0.100598 0.064513
v 0.017376 0.078918 0.070451
v 0.017601 0.079065 0.071074
vn -0.7777 -0.5540 -0.2970
vn -0.3440 -0.2731 0.8984
vn -0.4779 0.0736 0.8753
vn -0.9176 -0.2113 -0.3367
vn 0.3367 -0.5976 0.7276
vn 0.2050 -0.6280 0.7508
vn 0.2709 -0.3836 0.8829
vn 0.3367 -0.5977 0.7276
vn -0.9063 0.0524 -0.4193
vn -0.4565 0.3438 0.8206
vn -0.4776 0.3255 0.8161
vn -0.3419 0.6484 0.6802
vn -0.2074 0.5904 0.7800
vn -0.3492 0.3223 0.8799
vn 0.7776 0.5547 0.2960
vn 0.9180 0.2086 0.3372
vn 0.8566 0.2213 0.4662
vn 0.7253 0.5122 0.4600
vn -0.8608 0.1424 -0.4887
vn -0.3916 0.4464 0.8046
vn -0.9054 -0.2986 -0.3018
vn -0.9092 0.0534 -0.4129
vn -0.3642 0.3384 0.8677
vn -0.2979 0.0400 0.9538
vn -0.4567 0.0595 0.8876
vn -0.3729 0.0816 0.9243
vn 0.9058 -0.0546 0.4201
vn 0.8663 -0.0222 0.4991
vn -0.9555 0.0156 -0.2946
vn -0.5657 0.2681 0.7798
vn 0.1674 0.7850 0.5964
vn -0.3244 0.5982 -0.7328
vn -0.0555 0.5321 -0.8449
vn 0.4027 0.7837 0.4730
vn -0.3920 -0.0355 0.9193
vn -0.3882 -0.0340 0.9209
vn -0.4673 0.0715 0.8812
vn 0.8607 -0.1404 0.4894
vn 0.8590 -0.1384 0.4930
vn -0.0702 -0.4949 0.8661
vn -0.5130 -0.7818 -0.3545
vn -0.3851 -0.8113 -0.4400
vn 0.0859 -0.5060 0.8582
vn 0.9119 -0.0439 0.4080
vn 0.0244 -0.8357 -0.5487
vn 0.4740 -0.4681 0.7458
vn 0.2014 -0.6385 0.7428
vn -0.2056 -0.9022 -0.3791
vn 0.0665 -0.8303 -0.5534
vn 0.5094 -0.5434 0.6673
vn 0.3814 -0.5308 0.7568
vn -0.0896 -0.8360 -0.5414
vn -0.1056 0.5798 -0.8079
vn 0.3505 0.7697 0.5336
vn 0.0919 0.8097 0.5796
vn -0.3931 0.5604 -0.7290
vn 0.5662 -0.1118 -0.8167
vn 0.9559 0.1407 0.2577
vn 0.8197 -0.0536 0.5703
vn 0.4760 -0.4143 -0.7758
vn 0.8632 0.2357 0.4466
vn 0.4636 -0.0615 -0.8839
vn 0.8621 0.3414 0.3745
vn 0.9071 0.2296 0.3527
vn 0.4573 -0.0617 -0.8872
vn 0.3929 0.0374 -0.9188
vn 0.9169 -0.0432 0.3968
vn 0.4771 -0.3281 -0.8153
vn 0.7752 -0.3668 0.5144
vn 0.3415 -0.6478 -0.6810
vn 0.3414 -0.6478 -0.6810
vn 0.7752 -0.3668 0.5143
vn -0.0565 0.6194 -0.7830
vn 0.3457 0.8800 0.3257
vn 0.9559 0.1406 0.2577
vn 0.5662 -0.1119 -0.8167
vn 0.2102 0.8945 0.3945
vn -0.2061 0.6248 -0.7531
vn 0.0164 -0.4298 0.9028
vn -0.4782 -0.7936 -0.3762
vn -0.3441 -0.2730 0.8984
vn -0.9555 0.0155 -0.2945
vn -0.5657 0.2680 0.7798
vn 0.0607 0.9039 0.4235
vn -0.3416 0.6433 -0.6852
vn 0.0929 -0.5772 0.8113
vn -0.4701 0.4450 0.7622
vn 0.8971 0.3305 0.2931
vn -0.5724 0.1304 0.8096
vn -0.1162 0.1964 0.9736
vn 0.9588 0.0021 0.2842
vn 0.7137 0.1269 0.6889
vn 0.3330 0.2157 0.9179
vn 0.5097 0.7836 0.3553
vn 0.7776 0.5547 0.2961
vn 0.7252 0.5122 0.4600
vn 0.5044 0.7249 0.4691
vn -0.3420 0.6484 0.6802
vn -0.0631 0.8316 0.5518
vn 0.0016 0.7671 0.6416
vn -0.2074 0.5903 0.7800
vn 0.9588 0.0022 0.2842
vn 0.3125 -0.6488 0.6938
vn 0.3577 -0.3196 0.8775
vn 0.0835 -0.6296 0.7724
vn -0.5724 0.1304 0.8095
vn -0.1162 0.1963 0.9736
vn 0.2094 -0.3072 0.9283
vn 0.5004 0.7854 0.3644
vn 0.3860 0.8121 0.4377
vn 0.0876 0.8370 0.5401
vn -0.0501 0.8315 0.5533
vn 0.0359 -0.5347 0.8443
vn 0.4076 -0.5658 0.7168
vn 0.2028 0.9067 0.3698
vn 0.2852 0.6928 0.6624
vn -0.3330 -0.2157 -0.9179
vt 0.050842 0.634354
vt 0.050842 0.615281
vt 0.122954 0.615282
vt 0.122954 0.634354
vt 0.216849 0.630699
vt 0.271484 0.630699
vt 0.271484 0.615281
vt 0.216849 0.615281
vt 0.207092 0.634354
vt 0.207092 0.615281
vt 0.126664 0.630700
vt 0.064413 0.630699
vt 0.064413 0.615281
vt 0.126664 0.615282
vt 0.286406 0.634354
vt 0.286406 0.615281
vt 0.374502 0.634354
vt 0.334220 0.634354
vt 0.334220 0.615281
vt 0.374502 0.615282
vt 0.202747 0.630699
vt 0.202747 0.615281
vt 0.432615 0.634354
vt 0.432615 0.615281
vt 0.213142 0.615281
vt 0.213142 0.634354
vt 0.179043 0.634354
vt 0.179043 0.615281
vt 0.278830 0.630699
vt 0.278830 0.615281
vt 0.330297 0.630699
vt 0.330297 0.615281
vt 0.110243 0.615281
vt 0.110243 0.634354
vt 0.189555 0.634354
vt 0.189555 0.615281
vt 0.317594 0.634354
vt 0.317594 0.615281
vt 0.271484 0.634354
vt 0.432726 0.634354
vt 0.432726 0.615281
vt 0.353414 0.615281
vt 0.353414 0.634354
vt 0.329826 0.634354
vt 0.329826 0.615281
vt 0.363926 0.615281
vt 0.363926 0.634354
vt 0.496209 0.634354
vt 0.496209 0.615281
vt 0.415793 0.634354
vt 0.415793 0.615281
vt 0.515547 0.615281
vt 0.515547 0.634354
vt 0.225375 0.615281
vt 0.225375 0.634354
vt 0.046759 0.615281
vt 0.046759 0.634354
vt 0.027422 0.634354
vt 0.027422 0.615281
vt 0.127176 0.615281
vt 0.127176 0.634354
vt 0.326120 0.630699
vt 0.326120 0.615281
vt 0.381763 0.630700
vt 0.381763 0.615282
vt 0.430996 0.630699
vt 0.430996 0.615281
vt 0.546038 0.308802
vt 0.599935 0.270355
vt 0.591318 0.250995
vt 0.529477 0.295582
vt 0.896841 0.270355
vt 0.950737 0.308802
vt 0.967299 0.295582
vt 0.905458 0.250995
vt 0.801610 0.714653
vt 0.748388 0.740017
vt 0.748388 0.761208
vt 0.805221 0.735535
vt 0.520675 0.369443
vt 0.499794 0.365829
vt 0.976101 0.369443
vt 0.996981 0.365829
vt 0.524638 0.443558
vt 0.503874 0.447790
vt 0.972138 0.443558
vt 0.992902 0.447790
vt 0.551587 0.517672
vt 0.531722 0.525052
vt 0.570609 0.567808
vt 0.549765 0.571629
vt 0.945189 0.517672
vt 0.965054 0.525052
vt 0.926167 0.567808
vt 0.947010 0.571629
vt 0.695165 0.714653
vt 0.691555 0.735535
vt 0.570609 0.617943
vt 0.550633 0.610869
vt 0.926167 0.617943
vt 0.946142 0.610869
vt 0.531772 0.665902
vt 0.510639 0.667479
vt 0.965004 0.665902
vt 0.986136 0.667479
vt 0.885744 0.738431
vt 0.888963 0.759377
vt 0.611032 0.738431
vt 0.607813 0.759377
vt 0.784966 0.244991
vt 0.823466 0.254106
vt 0.828198 0.233450
vt 0.793305 0.225510
vt 0.673310 0.254106
vt 0.711810 0.244991
vt 0.703471 0.225510
vt 0.668578 0.233450
vt 0.844073 0.719013
vt 0.838437 0.739441
vt 0.652702 0.719013
vt 0.658338 0.739441
vt 0.748388 0.221213
vt 0.748388 0.200022
vt 0.119089 0.630699
vt 0.063761 0.630699
vt 0.063761 0.615281
vt 0.119089 0.615281
vt 0.479208 0.630699
vt 0.423880 0.630699
vt 0.423880 0.615281
vt 0.479208 0.615281
vt 0.049115 0.630699
vt 0.130480 0.630699
vt 0.130480 0.615281
vt 0.049115 0.615281
vt 0.412488 0.630699
vt 0.493853 0.630699
vt 0.493853 0.615281
vt 0.412488 0.615281
vt 0.233935 0.630699
vt 0.194413 0.630699
vt 0.194413 0.615281
vt 0.233935 0.615281
vt 0.348556 0.630699
vt 0.309034 0.630699
vt 0.309034 0.615281
vt 0.348556 0.615281
vt 0.173258 0.630699
vt 0.173258 0.615281
vt 0.369711 0.630699
vt 0.369711 0.615281
vt 0.495024 0.496410
vt 0.371526 0.550649
vt 0.414082 0.570480
vt 0.328162 0.546197
vt 0.219457 0.546197
vt 0.176092 0.550649
vt 0.052594 0.496410
vt 0.133537 0.570480
vt 0.455362 0.447433
vt 0.092256 0.447433
vt 0.455362 0.396234
vt 0.092256 0.396234
vt 0.474789 0.345034
vt 0.072830 0.345034
vt 0.502309 0.269346
vt 0.045309 0.269346
vt 0.506357 0.193657
vt 0.041262 0.193657
vt 0.480455 0.131729
vt 0.067164 0.131729
vt 0.425414 0.092465
vt 0.122205 0.092465
vt 0.350481 0.075872
vt 0.197137 0.075872
vt 0.311164 0.066564
vt 0.236455 0.066564
vt 0.273809 0.042281
vt 0.273809 0.572099
vt 0.555199 0.647346
vt 0.675061 0.705745
vt 0.634058 0.721924
vt 0.702018 0.702575
vt 0.794261 0.702575
vt 0.821218 0.705745
vt 0.941080 0.647346
vt 0.862221 0.721924
vt 0.587655 0.601405
vt 0.908623 0.601405
vt 0.586951 0.569561
vt 0.909328 0.569561
vt 0.572308 0.531762
vt 0.923971 0.531762
vt 0.549709 0.469061
vt 0.946570 0.469061
vt 0.546398 0.402547
vt 0.949881 0.402547
vt 0.570486 0.345540
vt 0.925793 0.345540
vt 0.620672 0.309356
vt 0.875607 0.309356
vt 0.683371 0.295118
vt 0.812908 0.295118
vt 0.711688 0.288674
vt 0.784591 0.288674
vt 0.748139 0.267990
vt 0.748139 0.723410
s 1
usemtl Police_Badge
f 305/11/98 306/12/99 307/13/100
f 305/11/98 307/13/100 308/14/101
f 309/15/102 310/16/103 311/17/104
f 309/15/102 311/17/104 312/18/105
f 313/19/106 308/14/101 307/13/100
f 313/19/106 307/13/100 314/20/107
f 315/21/108 316/22/109 317/23/110
f 315/21/108 317/23/110 318/24/111
f 319/22/112 320/21/113 321/24/114
f 319/22/112 321/24/114 322/23/115
f 323/25/116 313/19/106 314/20/107
f 323/25/116 314/20/107 324/26/117
f 325/27/118 326/28/119 327/29/120
f 325/27/118 327/29/120 328/30/121
f 329/31/122 315/21/108 318/24/111
f 329/31/122 318/24/111 330/32/123
f 320/21/113 331/31/124 332/32/125
f 320/21/113 332/32/125 321/24/114
f 333/33/126 325/27/118 328/30/121
f 333/33/126 328/30/121 334/34/127
f 335/35/128 336/36/129 337/37/130
f 335/35/128 337/37/130 338/38/131
f 339/39/132 329/31/122 330/32/123
f 339/39/132 330/32/123 340/40/133
f 341/41/134 339/39/132 340/40/133
f 341/41/134 340/40/133 342/42/134
f 331/31/124 343/39/135 344/40/136
f 331/31/124 344/40/136 332/32/125
f 345/43/137 346/44/138 347/45/139
f 345/43/137 347/45/139 348/46/140
f 343/39/135 349/41/141 350/42/141
f 343/39/135 350/42/141 344/40/136
f 351/47/142 352/48/143 353/17/144
f 351/47/142 353/17/144 354/49/145
f 355/50/146 356/51/147 357/52/148
f 355/50/146 357/52/148 358/53/149
f 359/54/150 360/55/151 361/56/152
f 359/54/150 361/56/152 362/57/153
f 363/33/154 364/34/155 365/30/156
f 363/33/154 365/30/156 366/27/157
f 366/27/157 365/30/156 367/29/158
f 366/27/157 367/29/158 368/28/159
f 369/26/160 370/20/161 371/19/162
f 369/26/160 371/19/162 372/25/163
f 371/19/162 370/20/161 373/13/164
f 371/19/162 373/13/164 374/14/165
f 374/14/165 373/13/164 375/12/166
f 374/14/165 375/12/166 376/11/167
f 377/58/168 378/59/169 356/51/147
f 377/58/168 356/51/147 355/50/146
f 379/60/170 380/61/171 381/62/172
f 379/60/170 381/62/172 382/63/173
f 358/53/149 357/52/148 352/48/143
f 358/53/149 352/48/143 351/47/142
f 362/57/153 361/56/152 380/61/171
f 362/57/153 380/61/171 379/60/170
f 367/29/158 369/26/160 372/25/163
f 367/29/158 372/25/163 368/28/159
f 335/35/128 383/17/174 384/49/175
f 335/35/128 384/49/175 336/36/129
f 385/64/176 386/65/177 354/49/145
f 385/64/176 354/49/145 353/17/144
f 345/43/137 387/66/178 388/67/98
f 345/43/137 388/67/98 346/44/138
f 389/68/179 390/69/180 391/70/181
f 389/68/179 391/70/181 392/71/182
f 385/64/176 348/46/140 347/45/139
f 385/64/176 347/45/139 386/65/177
f 392/71/182 391/70/181 338/38/131
f 392/71/182 338/38/131 337/37/130
f 323/25/116 324/26/117 327/29/120
f 323/25/116 327/29/120 326/28/119
f 310/16/103 393/72/183 394/73/183
f 310/16/103 394/73/183 311/17/104
f 395/74/184 341/41/134 342/42/134
f 395/74/184 342/42/134 396/75/184
f 349/41/141 397/74/185 398/75/185
f 349/41/141 398/75/185 350/42/141
f 399/76/186 395/74/184 396/75/184
f 399/76/186 396/75/184 400/77/187
f 397/74/185 401/76/188 402/77/189
f 397/74/185 402/77/189 398/75/185
s 0
f 403/78/190 404/79/190 405/80/190
f 403/78/190 405/80/190 406/81/190
f 407/82/190 408/83/190 409/84/190
f 407/82/190 409/84/190 410/85/190
f 411/86/190 412/87/190 413/88/190
f 411/86/190 413/88/190 414/89/190
f 415/90/190 416/78/190 417/81/190
f 415/90/190 417/81/190 418/91/190
f 419/83/190 420/92/190 421/93/190
f 419/83/190 421/93/190 422/84/190
f 423/94/190 424/90/190 425/91/190
f 423/94/190 425/91/190 426/95/190
f 427/92/190 428/96/190 429/97/190
f 427/92/190 429/97/190 430/93/190
f 431/98/190 432/94/190 433/95/190
f 431/98/190 433/95/190 434/99/190
f 435/100/190 436/98/190 437/99/190
f 435/100/190 437/99/190 438/101/190
f 439/96/190 440/102/190 441/103/190
f 439/96/190 441/103/190 442/97/190
f 443/102/190 444/104/190 445/105/190
f 443/102/190 445/105/190 446/103/190
f 447/87/190 448/106/190 449/107/190
f 447/87/190 449/107/190 450/88/190
f 451/108/190 452/100/190 453/101/190
f 451/108/190 453/101/190 454/109/190
f 455/104/190 456/110/190 457/111/190
f 455/104/190 457/111/190 458/105/190
f 459/112/190 460/108/190 461/109/190
f 459/112/190 461/109/190 462/113/190
f 463/110/190 464/114/190 465/115/190
f 463/110/190 465/115/190 466/111/190
f 467/114/190 468/116/190 469/117/190
f 467/114/190 469/117/190 470/115/190
f 471/118/190 472/112/190 473/113/190
f 471/118/190 473/113/190 474/119/190
f 475/120/190 476/121/190 477/122/190
f 475/120/190 477/122/190 478/123/190
f 479/124/190 480/125/190 481/126/190
f 479/124/190 481/126/190 482/127/190
f 483/116/190 484/128/190 485/129/190
f 483/116/190 485/129/190 486/117/190
f 487/130/190 488/118/190 489/119/190
f 487/130/190 489/119/190 490/131/190
f 491/132/190 492/120/190 493/123/190
f 491/132/190 493/123/190 494/133/190
f 495/125/190 496/132/190 497/133/190
f 495/125/190 497/133/190 498/126/190
f 499/121/190 500/82/190 501/85/190
f 499/121/190 501/85/190 502/122/190
f 503/79/190 504/124/190 505/127/190
f 503/79/190 505/127/190 506/80/190
f 507/128/190 508/86/190 509/89/190
f 507/128/190 509/89/190 510/129/190
f 511/106/190 512/130/190 513/131/190
f 511/106/190 513/131/190 514/107/190
s 1
f 515/134/191 516/135/192 517/136/193
f 515/134/191 517/136/193 518/137/194
f 519/138/195 520/139/196 521/140/197
f 519/138/195 521/140/197 522/141/198
f 523/142/199 524/143/200 525/144/201
f 523/142/199 525/144/201 526/145/189
f 527/146/202 528/147/203 529/148/204
f 527/146/202 529/148/204 530/149/205
f 531/150/206 532/151/207 533/152/207
f 531/150/206 533/152/207 534/153/206
f 535/154/208 536/155/209 537/156/209
f 535/154/208 537/156/209 538/157/208
f 524/143/200 539/158/210 540/159/210
f 524/143/200 540/159/210 525/144/201
f 541/160/211 527/146/202 530/149/205
f 541/160/211 530/149/205 542/161/211
f 543/16/212 531/150/206 534/153/206
f 543/16/212 534/153/206 544/17/213
f 536/155/209 543/16/212 544/17/213
f 536/155/209 544/17/213 537/156/209
f 532/151/207 515/134/191 518/137/194
f 532/151/207 518/137/194 533/152/207
f 520/139/196 535/154/208 538/157/208
f 520/139/196 538/157/208 521/140/197
f 539/158/210 309/15/102 312/18/105
f 539/158/210 312/18/105 540/159/210
f 393/72/183 541/160/211 542/161/211
f 393/72/183 542/161/211 394/73/183
f 383/17/174 360/55/151 359/54/150
f 383/17/174 359/54/150 384/49/175
s 0
f 258/162/190 256/163/190 257/164/190
f 256/163/190 258/162/190 255/165/190
f 255/165/190 258/162/190 253/166/190
f 252/167/190 250/168/190 251/169/190
f 250/168/190 252/167/190 253/166/190
f 250/168/190 253/166/190 258/162/190
f 250/168/190 258/162/190 259/170/190
f 250/168/190 259/170/190 249/171/190
f 249/171/190 259/170/190 260/172/190
f 249/171/190 260/172/190 276/173/190
f 276/173/190 260/172/190 261/174/190
f 276/173/190 261/174/190 275/175/190
f 275/175/190 261/174/190 262/176/190
f 275/175/190 262/176/190 274/177/190
f 274/177/190 262/176/190 263/178/190
f 274/177/190 263/178/190 273/179/190
f 273/179/190 263/178/190 264/180/190
f 273/179/190 264/180/190 272/181/190
f 272/181/190 264/180/190 265/182/190
f 272/181/190 265/182/190 271/183/190
f 271/183/190 265/182/190 266/184/190
f 271/183/190 266/184/190 270/185/190
f 270/185/190 266/184/190 267/186/190
f 270/185/190 267/186/190 269/187/190
f 269/187/190 267/186/190 268/188/190
f 253/166/190 254/189/190 255/165/190
f 302/190/214 300/191/214 301/192/214
f 300/191/214 302/190/214 299/193/214
f 299/193/214 302/190/214 297/194/214
f 296/195/214 294/196/214 295/197/214
f 294/196/214 296/195/214 297/194/214
f 294/196/214 297/194/214 302/190/214
f 294/196/214 302/190/214 303/198/214
f 294/196/214 303/198/214 293/199/214
f 293/199/214 303/198/214 304/200/214
f 293/199/214 304/200/214 292/201/214
f 292/201/214 304/200/214 277/202/214
f 292/201/214 277/202/214 291/203/214
f 291/203/214 277/202/214 278/204/214
f 291/203/214 278/204/214 290/205/214
f 290/205/214 278/204/214 279/206/214
f 290/205/214 279/206/214 289/207/214
f 289/207/214 279/206/214 280/208/214
f 289/207/214 280/208/214 288/209/214
f 288/209/214 280/208/214 281/210/214
f 288/209/214 281/210/214 287/211/214
f 287/211/214 281/210/214 282/212/214
f 287/211/214 282/212/214 286/213/214
f 286/213/214 282/212/214 283/214/214
f 286/213/214 283/214/214 285/215/214
f 285/215/214 283/214/214 284/216/214
f 297/194/214 298/217/214 299/193/214
o Object_6
v 0.010266 0.082056 0.072337
v 0.010558 0.083818 0.072010
v 0.008782 0.083495 0.072527
v 0.009531 0.082887 0.072414
v 0.010625 0.085442 0.071811
v 0.010689 0.087064 0.071601
v 0.009057 0.087128 0.071856
v 0.008148 0.085155 0.072399
v 0.010735 0.088674 0.071343
v 0.010755 0.090267 0.071011
v 0.008350 0.090593 0.071275
v 0.009090 0.088730 0.071561
v 0.007788 0.087203 0.072105
v 0.007779 0.085890 0.072360
v 0.008082 0.089893 0.071487
v 0.007794 0.088846 0.071773
v 0.013645 0.081994 0.071399
v 0.013748 0.083640 0.071296
v 0.012155 0.083730 0.071658
v 0.011947 0.081358 0.071943
v 0.016752 0.081762 0.070453
v 0.016873 0.083421 0.070401
v 0.015324 0.083539 0.070886
v 0.015208 0.081884 0.070951
v 0.013557 0.080874 0.071519
v 0.012612 0.081157 0.071771
v 0.016424 0.079677 0.070709
v 0.015065 0.080553 0.071077
v 0.013859 0.085292 0.071215
v 0.013959 0.086938 0.071105
v 0.012329 0.087004 0.071368
v 0.012246 0.085370 0.071524
v 0.014030 0.088564 0.070917
v 0.014059 0.090163 0.070611
v 0.012413 0.090219 0.070827
v 0.012389 0.088623 0.071146
v 0.017001 0.085084 0.070370
v 0.017118 0.086740 0.070306
v 0.015560 0.086853 0.070765
v 0.015448 0.085200 0.070841
v 0.017204 0.088376 0.070157
v 0.017240 0.089980 0.069870
v 0.015675 0.090088 0.070310
v 0.015641 0.088486 0.070604
v 0.010759 0.091850 0.070638
v 0.010748 0.093424 0.070222
v 0.009479 0.093540 0.070365
v 0.008918 0.092076 0.070831
v 0.010026 0.095021 0.069829
v 0.009811 0.094380 0.070066
v 0.010597 0.098066 0.068647
v 0.010550 0.099616 0.068133
v 0.008207 0.099231 0.069003
v 0.009182 0.097963 0.069046
v 0.010332 0.101055 0.067804
v 0.009708 0.100520 0.068157
v 0.014064 0.091747 0.070237
v 0.014043 0.093314 0.069796
v 0.012402 0.093372 0.070025
v 0.012417 0.091802 0.070454
v 0.013980 0.094853 0.069237
v 0.013889 0.096375 0.068600
v 0.012276 0.096452 0.068909
v 0.012351 0.094920 0.069500
v 0.017244 0.091563 0.069496
v 0.017217 0.093126 0.069036
v 0.015654 0.093235 0.069483
v 0.015679 0.091671 0.069936
v 0.017140 0.094656 0.068437
v 0.017032 0.096166 0.067754
v 0.015478 0.096282 0.068225
v 0.015582 0.094769 0.068896
v 0.013787 0.097889 0.067933
v 0.013693 0.099408 0.067288
v 0.012121 0.099512 0.067708
v 0.012194 0.097979 0.068295
v 0.016912 0.097669 0.067038
v 0.016800 0.099177 0.066343
v 0.015255 0.099298 0.066840
v 0.015363 0.097788 0.067522
v 0.013720 0.101026 0.066659
v 0.011591 0.102136 0.067093
v 0.016464 0.101324 0.065588
v 0.015210 0.100817 0.066223
v 0.009938 0.097039 0.069162
v 0.009752 0.097263 0.069129
v 0.019809 0.081498 0.069372
v 0.019925 0.083154 0.069307
v 0.018407 0.083292 0.069875
v 0.018286 0.081633 0.069927
v 0.022873 0.080443 0.068194
v 0.022891 0.082831 0.067974
v 0.021417 0.082998 0.068665
v 0.021314 0.081351 0.068767
v 0.019798 0.080157 0.069453
v 0.018386 0.079513 0.070035
v 0.022221 0.080352 0.068474
v 0.021289 0.080226 0.068866
v 0.020049 0.084814 0.069262
v 0.020161 0.086467 0.069186
v 0.018652 0.086612 0.069780
v 0.018535 0.084956 0.069843
v 0.020243 0.088101 0.069025
v 0.020276 0.089702 0.068731
v 0.018774 0.089851 0.069344
v 0.018738 0.088248 0.069631
v 0.022983 0.084471 0.067840
v 0.023066 0.086105 0.067684
v 0.021628 0.086295 0.068474
v 0.021528 0.084650 0.068584
v 0.023125 0.087724 0.067462
v 0.023150 0.089320 0.067143
v 0.021728 0.089521 0.067980
v 0.021699 0.087922 0.068286
v 0.025269 0.081569 0.067014
v 0.026011 0.082052 0.066615
v 0.024362 0.082662 0.067274
v 0.024526 0.080862 0.067445
v 0.026673 0.083603 0.066043
v 0.025929 0.085716 0.066067
v 0.024493 0.085908 0.066865
v 0.024430 0.084286 0.067075
v 0.025962 0.087317 0.065772
v 0.026640 0.089061 0.064999
v 0.024559 0.089111 0.066275
v 0.024540 0.087518 0.066607
v 0.027046 0.084276 0.065749
v 0.027079 0.085588 0.065486
v 0.027117 0.087228 0.065143
v 0.026873 0.088320 0.065039
v 0.020280 0.091286 0.068357
v 0.020256 0.092850 0.067904
v 0.018751 0.092997 0.068510
v 0.018778 0.091434 0.068970
v 0.020183 0.094383 0.067317
v 0.020080 0.095897 0.066647
v 0.018566 0.096038 0.067228
v 0.018674 0.094528 0.067911
v 0.023154 0.090903 0.066770
v 0.023138 0.092473 0.066341
v 0.021712 0.092672 0.067165
v 0.021733 0.091104 0.067606
v 0.023088 0.094021 0.065816
v 0.023013 0.095553 0.065225
v 0.021558 0.095732 0.065968
v 0.021649 0.094211 0.066606
v 0.019964 0.097402 0.065944
v 0.019857 0.098913 0.065262
v 0.018334 0.099048 0.065817
v 0.018446 0.097541 0.066512
v 0.022931 0.097080 0.064611
v 0.022857 0.098613 0.064024
v 0.021362 0.098766 0.064657
v 0.021456 0.097247 0.065302
v 0.019742 0.100438 0.064668
v 0.018454 0.101157 0.064905
v 0.023286 0.101157 0.063081
v 0.021198 0.100400 0.064093
v 0.026147 0.090634 0.064919
v 0.025645 0.092186 0.064818
v 0.024553 0.092268 0.065486
v 0.024564 0.090694 0.065901
v 0.025329 0.093081 0.064742
v 0.025113 0.093758 0.064652
v 0.025730 0.096577 0.063368
v 0.026651 0.097687 0.062675
v 0.024354 0.098460 0.063396
v 0.024401 0.096910 0.063911
v 0.025159 0.099226 0.062855
v 0.024538 0.099865 0.062930
v 0.025075 0.095772 0.063969
v 0.025233 0.095967 0.063817
v 0.017592 0.079046 0.070381
v 0.017384 0.078924 0.070474
v 0.017704 0.101577 0.065044
v 0.017447 0.101721 0.065093
vn 0.2489 0.1206 0.9610
vn 0.2314 0.1181 0.9657
vn 0.2385 0.1357 0.9616
vn 0.2537 0.1358 0.9577
vn 0.1942 0.1205 0.9735
vn 0.1578 0.1400 0.9775
vn 0.1825 0.1673 0.9689
vn 0.2128 0.1515 0.9653
vn 0.1330 0.1761 0.9753
vn 0.1248 0.2140 0.9688
vn 0.1446 0.2180 0.9652
vn 0.1591 0.1907 0.9687
vn 0.1982 0.1798 0.9635
vn 0.2095 0.1750 0.9620
vn 0.1794 0.2167 0.9596
vn 0.1834 0.1997 0.9625
vn 0.2693 0.0636 0.9610
vn 0.2420 0.0438 0.9693
vn 0.2264 0.0815 0.9706
vn 0.2554 0.0923 0.9624
vn 0.3162 0.0365 0.9480
vn 0.3117 0.0026 0.9502
vn 0.2764 0.0156 0.9609
vn 0.2905 0.0440 0.9559
vn 0.2823 0.0757 0.9563
vn 0.2771 0.0836 0.9572
vn 0.3210 0.0758 0.9440
vn 0.2974 0.0662 0.9525
vn 0.2115 0.0453 0.9763
vn 0.1882 0.0809 0.9788
vn 0.1555 0.1080 0.9819
vn 0.1856 0.0785 0.9795
vn 0.1717 0.1446 0.9745
vn 0.1636 0.2044 0.9651
vn 0.1262 0.2101 0.9695
vn 0.1354 0.1610 0.9776
vn 0.3080 0.0066 0.9514
vn 0.3064 0.0447 0.9509
vn 0.2489 0.0582 0.9668
vn 0.2612 0.0202 0.9651
vn 0.3063 0.1175 0.9447
vn 0.3059 0.1902 0.9329
vn 0.2351 0.1973 0.9518
vn 0.2401 0.1287 0.9622
vn 0.1242 0.2428 0.9621
vn 0.1311 0.2790 0.9513
vn 0.1345 0.2691 0.9537
vn 0.1327 0.2413 0.9613
vn 0.1505 0.3176 0.9362
vn 0.1395 0.2910 0.9465
vn 0.2364 0.3244 0.9159
vn 0.2747 0.2835 0.9188
vn 0.2823 0.2729 0.9197
vn 0.2610 0.2896 0.9209
vn 0.2853 0.2625 0.9218
vn 0.2999 0.2553 0.9192
vn 0.1637 0.2476 0.9549
vn 0.1722 0.3055 0.9365
vn 0.1365 0.2916 0.9467
vn 0.1263 0.2449 0.9613
vn 0.1890 0.3643 0.9119
vn 0.2126 0.3950 0.8937
vn 0.1869 0.3642 0.9124
vn 0.1579 0.3386 0.9276
vn 0.3061 0.2454 0.9198
vn 0.3070 0.3157 0.8978
vn 0.2406 0.3138 0.9185
vn 0.2351 0.2478 0.9399
vn 0.3074 0.3836 0.8708
vn 0.3091 0.4178 0.8543
vn 0.2624 0.4121 0.8725
vn 0.2499 0.3789 0.8911
vn 0.2404 0.3954 0.8865
vn 0.2783 0.3579 0.8913
vn 0.2695 0.3204 0.9082
vn 0.2243 0.3643 0.9039
vn 0.3129 0.4209 0.8514
vn 0.3173 0.3876 0.8655
vn 0.2931 0.3830 0.8760
vn 0.2775 0.4143 0.8668
vn 0.3014 0.3253 0.8963
vn 0.2927 0.2831 0.9133
vn 0.3212 0.3508 0.8796
vn 0.3011 0.3585 0.8836
vn 0.1995 0.3338 0.9213
vn 0.2334 0.3075 0.9225
vn 0.3637 0.0380 0.9308
vn 0.3735 0.0075 0.9276
vn 0.3374 0.0004 0.9413
vn 0.3378 0.0346 0.9406
vn 0.4022 0.0800 0.9121
vn 0.4281 0.0647 0.9014
vn 0.4095 0.0297 0.9118
vn 0.3862 0.0539 0.9208
vn 0.3596 0.0610 0.9311
vn 0.3379 0.0744 0.9382
vn 0.3808 0.0749 0.9216
vn 0.3750 0.0679 0.9245
vn 0.3885 0.0096 0.9214
vn 0.4048 0.0452 0.9133
vn 0.3482 0.0412 0.9365
vn 0.3417 0.0038 0.9398
vn 0.4194 0.1137 0.9007
vn 0.4271 0.1812 0.8859
vn 0.3594 0.1857 0.9145
vn 0.3554 0.1134 0.9278
vn 0.4649 0.0551 0.8837
vn 0.4942 0.0797 0.8657
vn 0.4628 0.0579 0.8846
vn 0.4378 0.0264 0.8987
vn 0.5151 0.1293 0.8473
vn 0.5246 0.1768 0.8328
vn 0.4920 0.1771 0.8524
vn 0.4824 0.1186 0.8679
vn 0.4071 0.1228 0.9051
vn 0.4214 0.1204 0.8989
vn 0.4266 0.1018 0.8987
vn 0.4105 0.1070 0.9056
vn 0.4459 0.1320 0.8853
vn 0.4740 0.1429 0.8688
vn 0.4944 0.1119 0.8620
vn 0.4607 0.0982 0.8821
vn 0.4956 0.1625 0.8532
vn 0.5088 0.1875 0.8402
vn 0.5261 0.1805 0.8311
vn 0.5178 0.1439 0.8433
vn 0.4499 0.1549 0.8795
vn 0.4604 0.1578 0.8736
vn 0.4743 0.1753 0.8627
vn 0.4781 0.1917 0.8571
vn 0.4273 0.2319 0.8739
vn 0.4199 0.2988 0.8570
vn 0.3559 0.3116 0.8810
vn 0.3595 0.2409 0.9015
vn 0.4057 0.3658 0.8376
vn 0.3896 0.4015 0.8289
vn 0.3429 0.4150 0.8427
vn 0.3493 0.3801 0.8565
vn 0.5247 0.2115 0.8246
vn 0.5148 0.2600 0.8169
vn 0.4828 0.2794 0.8299
vn 0.4921 0.2203 0.8422
vn 0.4935 0.3104 0.8125
vn 0.4654 0.3409 0.8168
vn 0.4388 0.3759 0.8162
vn 0.4636 0.3413 0.8177
vn 0.3747 0.4062 0.8334
vn 0.3634 0.3771 0.8519
vn 0.3388 0.3858 0.8581
vn 0.3387 0.4188 0.8426
vn 0.4311 0.3470 0.8329
vn 0.3921 0.3101 0.8661
vn 0.3806 0.3493 0.8563
vn 0.4126 0.3810 0.8274
vn 0.3582 0.3537 0.8641
vn 0.3392 0.3494 0.8734
vn 0.3716 0.2765 0.8862
vn 0.3607 0.3203 0.8759
vn 0.5193 0.2089 0.8287
vn 0.5174 0.2374 0.8221
vn 0.5200 0.2464 0.8179
vn 0.5265 0.2092 0.8240
vn 0.5123 0.2598 0.8186
vn 0.5014 0.2883 0.8158
vn 0.4018 0.2778 0.8726
vn 0.3821 0.2646 0.8854
vn 0.3890 0.2740 0.8796
vn 0.4232 0.3087 0.8518
vn 0.3654 0.2496 0.8967
vn 0.3795 0.2545 0.8895
vn 0.4565 0.3123 0.8331
vn 0.4270 0.2913 0.8561
vn 0.3324 0.1303 0.9341
vn 0.3326 0.2947 0.8959
vn 0.3328 0.2950 0.8957
vt 0.444835 0.101110
vt 0.439377 0.141622
vt 0.480455 0.131729
vt 0.462570 0.118971
vt 0.439377 0.178415
vt 0.439377 0.215208
vt 0.476170 0.215208
vt 0.495995 0.168882
vt 0.439377 0.252000
vt 0.439377 0.288793
vt 0.493182 0.294448
vt 0.476170 0.252000
vt 0.505189 0.215491
vt 0.504901 0.185245
vt 0.499187 0.277933
vt 0.505565 0.253375
vt 0.365792 0.104829
vt 0.365792 0.141622
vt 0.402584 0.141622
vt 0.404856 0.087913
vt 0.292206 0.104829
vt 0.292206 0.141622
vt 0.328999 0.141622
vt 0.328999 0.104829
vt 0.366544 0.079552
vt 0.389066 0.084417
vt 0.297347 0.057582
vt 0.330574 0.074872
vt 0.365792 0.178415
vt 0.365792 0.215207
vt 0.402584 0.215207
vt 0.402584 0.178415
vt 0.365792 0.252000
vt 0.365792 0.288793
vt 0.402584 0.288793
vt 0.402584 0.252000
vt 0.292206 0.178415
vt 0.292206 0.215207
vt 0.328999 0.215207
vt 0.328999 0.178415
vt 0.292206 0.252000
vt 0.292206 0.288793
vt 0.328999 0.288793
vt 0.328999 0.252000
vt 0.439377 0.325586
vt 0.439377 0.362379
vt 0.467696 0.364128
vt 0.480454 0.329454
vt 0.454755 0.399547
vt 0.459932 0.384192
vt 0.439377 0.472758
vt 0.439377 0.509551
vt 0.495025 0.496410
vt 0.472287 0.468332
vt 0.444204 0.542915
vt 0.459126 0.529260
vt 0.365792 0.325586
vt 0.365792 0.362379
vt 0.402584 0.362379
vt 0.402584 0.325586
vt 0.365792 0.399172
vt 0.365792 0.435965
vt 0.402584 0.435965
vt 0.402584 0.399172
vt 0.292206 0.325586
vt 0.292206 0.362379
vt 0.328999 0.362379
vt 0.328999 0.325586
vt 0.292206 0.399172
vt 0.292206 0.435965
vt 0.328999 0.435965
vt 0.328999 0.399172
vt 0.365791 0.472758
vt 0.365791 0.509551
vt 0.402584 0.509551
vt 0.402584 0.472758
vt 0.292206 0.472758
vt 0.292206 0.509551
vt 0.328999 0.509551
vt 0.328999 0.472758
vt 0.363507 0.548436
vt 0.414082 0.570479
vt 0.297683 0.560721
vt 0.328162 0.546196
vt 0.455362 0.447433
vt 0.459484 0.452523
vt 0.218620 0.104829
vt 0.218620 0.141622
vt 0.255413 0.141622
vt 0.255413 0.104829
vt 0.142762 0.087913
vt 0.145034 0.141622
vt 0.181827 0.141622
vt 0.181827 0.104829
vt 0.217045 0.074872
vt 0.250271 0.057582
vt 0.158552 0.084417
vt 0.181075 0.079552
vt 0.218620 0.178415
vt 0.218620 0.215207
vt 0.255413 0.215207
vt 0.255413 0.178415
vt 0.218620 0.252000
vt 0.218620 0.288793
vt 0.255413 0.288793
vt 0.255413 0.252000
vt 0.145034 0.178415
vt 0.145034 0.215207
vt 0.181827 0.215207
vt 0.181827 0.178415
vt 0.145034 0.252000
vt 0.145034 0.288793
vt 0.181827 0.288793
vt 0.181827 0.252000
vt 0.085049 0.118971
vt 0.067164 0.131729
vt 0.108241 0.141622
vt 0.102784 0.101110
vt 0.051625 0.168882
vt 0.071448 0.215207
vt 0.108241 0.215207
vt 0.108241 0.178415
vt 0.071448 0.252000
vt 0.054437 0.294448
vt 0.108241 0.288793
vt 0.108241 0.252000
vt 0.042718 0.185246
vt 0.042430 0.215491
vt 0.042054 0.253375
vt 0.048432 0.277932
vt 0.218620 0.325586
vt 0.218620 0.362379
vt 0.255413 0.362379
vt 0.255413 0.325586
vt 0.218620 0.399172
vt 0.218620 0.435965
vt 0.255413 0.435965
vt 0.255413 0.399172
vt 0.145034 0.325586
vt 0.145034 0.362379
vt 0.181827 0.362379
vt 0.181827 0.325586
vt 0.145034 0.399172
vt 0.145034 0.435965
vt 0.181827 0.435965
vt 0.181827 0.399172
vt 0.218620 0.472758
vt 0.218620 0.509551
vt 0.255413 0.509551
vt 0.255413 0.472758
vt 0.145034 0.472758
vt 0.145034 0.509551
vt 0.181827 0.509551
vt 0.181827 0.472758
vt 0.219457 0.546197
vt 0.249936 0.560721
vt 0.133537 0.570479
vt 0.184112 0.548436
vt 0.067165 0.329454
vt 0.079924 0.364128
vt 0.108241 0.362379
vt 0.108241 0.325586
vt 0.087687 0.384191
vt 0.092864 0.399546
vt 0.075332 0.468333
vt 0.052594 0.496410
vt 0.108241 0.509551
vt 0.108241 0.472758
vt 0.088492 0.529260
vt 0.103414 0.542914
vt 0.092257 0.447433
vt 0.088134 0.452523
vt 0.268915 0.045462
vt 0.273809 0.042280
vt 0.267710 0.569192
vt 0.273809 0.572098
s 1
usemtl Police_Badge
f 545/218/215 546/219/216 547/220/217
f 545/218/215 547/220/217 548/221/218
f 549/222/219 550/223/220 551/224/221
f 549/222/219 551/224/221 552/225/222
f 553/226/223 554/227/224 555/228/225
f 553/226/223 555/228/225 556/229/226
f 552/225/222 551/224/221 557/230/227
f 552/225/222 557/230/227 558/231/228
f 556/229/226 555/228/225 559/232/229
f 556/229/226 559/232/229 560/233/230
f 550/223/220 553/226/223 556/229/226
f 550/223/220 556/229/226 551/224/221
f 551/224/221 556/229/226 560/233/230
f 551/224/221 560/233/230 557/230/227
f 561/234/231 562/235/232 563/236/233
f 561/234/231 563/236/233 564/237/234
f 565/238/235 566/239/236 567/240/237
f 565/238/235 567/240/237 568/241/238
f 568/241/238 567/240/237 562/235/232
f 568/241/238 562/235/232 561/234/231
f 569/242/239 561/234/231 564/237/234
f 569/242/239 564/237/234 570/243/240
f 571/244/241 565/238/235 568/241/238
f 571/244/241 568/241/238 572/245/242
f 572/245/242 568/241/238 561/234/231
f 572/245/242 561/234/231 569/242/239
f 573/246/243 574/247/244 575/248/245
f 573/246/243 575/248/245 576/249/246
f 577/250/247 578/251/248 579/252/249
f 577/250/247 579/252/249 580/253/250
f 581/254/251 582/255/252 583/256/253
f 581/254/251 583/256/253 584/257/254
f 585/258/255 586/259/256 587/260/257
f 585/258/255 587/260/257 588/261/258
f 584/257/254 583/256/253 574/247/244
f 584/257/254 574/247/244 573/246/243
f 588/261/258 587/260/257 578/251/248
f 588/261/258 578/251/248 577/250/247
f 574/247/244 577/250/247 580/253/250
f 574/247/244 580/253/250 575/248/245
f 582/255/252 585/258/255 588/261/258
f 582/255/252 588/261/258 583/256/253
f 583/256/253 588/261/258 577/250/247
f 583/256/253 577/250/247 574/247/244
f 564/237/234 563/236/233 546/219/216
f 564/237/234 546/219/216 545/218/215
f 576/249/246 575/248/245 550/223/220
f 576/249/246 550/223/220 549/222/219
f 580/253/250 579/252/249 554/227/224
f 580/253/250 554/227/224 553/226/223
f 575/248/245 580/253/250 553/226/223
f 575/248/245 553/226/223 550/223/220
f 546/219/216 549/222/219 552/225/222
f 546/219/216 552/225/222 547/220/217
f 562/235/232 573/246/243 576/249/246
f 562/235/232 576/249/246 563/236/233
f 566/239/236 581/254/251 584/257/254
f 566/239/236 584/257/254 567/240/237
f 567/240/237 584/257/254 573/246/243
f 567/240/237 573/246/243 562/235/232
f 563/236/233 576/249/246 549/222/219
f 563/236/233 549/222/219 546/219/216
f 589/262/259 590/263/260 591/264/261
f 589/262/259 591/264/261 592/265/262
f 590/263/260 593/266/263 594/267/264
f 590/263/260 594/267/264 591/264/261
f 595/268/265 596/269/266 597/270/267
f 595/268/265 597/270/267 598/271/268
f 596/269/266 599/272/269 600/273/270
f 596/269/266 600/273/270 597/270/267
f 601/274/271 602/275/272 603/276/273
f 601/274/271 603/276/273 604/277/274
f 605/278/275 606/279/276 607/280/277
f 605/278/275 607/280/277 608/281/278
f 609/282/279 610/283/280 611/284/281
f 609/282/279 611/284/281 612/285/282
f 613/286/283 614/287/284 615/288/285
f 613/286/283 615/288/285 616/289/286
f 612/285/282 611/284/281 602/275/272
f 612/285/282 602/275/272 601/274/271
f 616/289/286 615/288/285 606/279/276
f 616/289/286 606/279/276 605/278/275
f 602/275/272 605/278/275 608/281/278
f 602/275/272 608/281/278 603/276/273
f 610/283/280 613/286/283 616/289/286
f 610/283/280 616/289/286 611/284/281
f 611/284/281 616/289/286 605/278/275
f 611/284/281 605/278/275 602/275/272
f 617/290/287 618/291/288 619/292/289
f 617/290/287 619/292/289 620/293/290
f 621/294/291 622/295/292 623/296/293
f 621/294/291 623/296/293 624/297/294
f 624/297/294 623/296/293 618/291/288
f 624/297/294 618/291/288 617/290/287
f 618/291/288 625/298/295 626/299/296
f 618/291/288 626/299/296 619/292/289
f 622/295/292 627/300/297 628/301/298
f 622/295/292 628/301/298 623/296/293
f 623/296/293 628/301/298 625/298/295
f 623/296/293 625/298/295 618/291/288
f 604/277/274 603/276/273 590/263/260
f 604/277/274 590/263/260 589/262/259
f 608/281/278 607/280/277 629/302/299
f 608/281/278 629/302/299 593/266/263
f 603/276/273 608/281/278 593/266/263
f 603/276/273 593/266/263 590/263/260
f 620/293/290 619/292/289 596/269/266
f 620/293/290 596/269/266 595/268/265
f 619/292/289 626/299/296 599/272/269
f 619/292/289 599/272/269 596/269/266
f 629/302/299 595/268/265 598/271/268
f 629/302/299 598/271/268 630/303/300
f 606/279/276 617/290/287 620/293/290
f 606/279/276 620/293/290 607/280/277
f 614/287/284 621/294/291 624/297/294
f 614/287/284 624/297/294 615/288/285
f 615/288/285 624/297/294 617/290/287
f 615/288/285 617/290/287 606/279/276
f 607/280/277 620/293/290 595/268/265
f 607/280/277 595/268/265 629/302/299
f 631/304/301 632/305/302 633/306/303
f 631/304/301 633/306/303 634/307/304
f 635/308/305 636/309/306 637/310/307
f 635/308/305 637/310/307 638/311/308
f 638/311/308 637/310/307 632/305/302
f 638/311/308 632/305/302 631/304/301
f 639/312/309 631/304/301 634/307/304
f 639/312/309 634/307/304 640/313/310
f 641/314/311 635/308/305 638/311/308
f 641/314/311 638/311/308 642/315/312
f 642/315/312 638/311/308 631/304/301
f 642/315/312 631/304/301 639/312/309
f 643/316/313 644/317/314 645/318/315
f 643/316/313 645/318/315 646/319/316
f 647/320/317 648/321/318 649/322/319
f 647/320/317 649/322/319 650/323/320
f 651/324/321 652/325/322 653/326/323
f 651/324/321 653/326/323 654/327/324
f 655/328/325 656/329/326 657/330/327
f 655/328/325 657/330/327 658/331/328
f 654/327/324 653/326/323 644/317/314
f 654/327/324 644/317/314 643/316/313
f 658/331/328 657/330/327 648/321/318
f 658/331/328 648/321/318 647/320/317
f 644/317/314 647/320/317 650/323/320
f 644/317/314 650/323/320 645/318/315
f 652/325/322 655/328/325 658/331/328
f 652/325/322 658/331/328 653/326/323
f 653/326/323 658/331/328 647/320/317
f 653/326/323 647/320/317 644/317/314
f 659/332/329 660/333/330 661/334/331
f 659/332/329 661/334/331 662/335/332
f 663/336/333 664/337/334 665/338/335
f 663/336/333 665/338/335 666/339/336
f 667/340/337 668/341/338 669/342/339
f 667/340/337 669/342/339 670/343/340
f 671/344/341 672/345/342 664/337/334
f 671/344/341 664/337/334 663/336/333
f 673/346/343 674/347/344 668/341/338
f 673/346/343 668/341/338 667/340/337
f 664/337/334 667/340/337 670/343/340
f 664/337/334 670/343/340 665/338/335
f 672/345/342 673/346/343 667/340/337
f 672/345/342 667/340/337 664/337/334
f 662/335/332 661/334/331 636/309/306
f 662/335/332 636/309/306 635/308/305
f 666/339/336 665/338/335 652/325/322
f 666/339/336 652/325/322 651/324/321
f 670/343/340 669/342/339 656/329/326
f 670/343/340 656/329/326 655/328/325
f 665/338/335 670/343/340 655/328/325
f 665/338/335 655/328/325 652/325/322
f 632/305/302 643/316/313 646/319/316
f 632/305/302 646/319/316 633/306/303
f 636/309/306 651/324/321 654/327/324
f 636/309/306 654/327/324 637/310/307
f 637/310/307 654/327/324 643/316/313
f 637/310/307 643/316/313 632/305/302
f 660/333/330 663/336/333 666/339/336
f 660/333/330 666/339/336 661/334/331
f 661/334/331 666/339/336 651/324/321
f 661/334/331 651/324/321 636/309/306
f 675/348/345 676/349/346 677/350/347
f 675/348/345 677/350/347 678/351/348
f 679/352/349 680/353/350 681/354/351
f 679/352/349 681/354/351 682/355/352
f 683/356/353 684/357/354 685/358/355
f 683/356/353 685/358/355 686/359/356
f 687/360/357 688/361/358 689/362/359
f 687/360/357 689/362/359 690/363/360
f 686/359/356 685/358/355 676/349/346
f 686/359/356 676/349/346 675/348/345
f 690/363/360 689/362/359 680/353/350
f 690/363/360 680/353/350 679/352/349
f 676/349/346 679/352/349 682/355/352
f 676/349/346 682/355/352 677/350/347
f 684/357/354 687/360/357 690/363/360
f 684/357/354 690/363/360 685/358/355
f 685/358/355 690/363/360 679/352/349
f 685/358/355 679/352/349 676/349/346
f 691/364/361 692/365/362 693/366/363
f 691/364/361 693/366/363 694/367/364
f 695/368/365 696/369/366 697/370/367
f 695/368/365 697/370/367 698/371/368
f 698/371/368 697/370/367 692/365/362
f 698/371/368 692/365/362 691/364/361
f 692/365/362 699/372/369 700/373/370
f 692/365/362 700/373/370 693/366/363
f 696/369/366 701/374/371 702/375/372
f 696/369/366 702/375/372 697/370/367
f 697/370/367 702/375/372 699/372/369
f 697/370/367 699/372/369 692/365/362
f 703/376/373 704/377/374 705/378/375
f 703/376/373 705/378/375 706/379/376
f 704/377/374 707/380/377 708/381/378
f 704/377/374 708/381/378 705/378/375
f 709/382/379 710/383/380 711/384/381
f 709/382/379 711/384/381 712/385/382
f 710/383/380 713/386/383 714/387/384
f 710/383/380 714/387/384 711/384/381
f 706/379/376 705/378/375 684/357/354
f 706/379/376 684/357/354 683/356/353
f 708/381/378 715/388/385 688/361/358
f 708/381/378 688/361/358 687/360/357
f 705/378/375 708/381/378 687/360/357
f 705/378/375 687/360/357 684/357/354
f 712/385/382 711/384/381 696/369/366
f 712/385/382 696/369/366 695/368/365
f 711/384/381 714/387/384 701/374/371
f 711/384/381 701/374/371 696/369/366
f 680/353/350 691/364/361 694/367/364
f 680/353/350 694/367/364 681/354/351
f 688/361/358 695/368/365 698/371/368
f 688/361/358 698/371/368 689/362/359
f 689/362/359 698/371/368 691/364/361
f 689/362/359 691/364/361 680/353/350
f 716/389/386 709/382/379 712/385/382
f 716/389/386 712/385/382 715/388/385
f 715/388/385 712/385/382 695/368/365
f 715/388/385 695/368/365 688/361/358
f 717/390/387 640/313/310 571/244/241
f 717/390/387 571/244/241 718/391/387
f 634/307/304 633/306/303 566/239/236
f 634/307/304 566/239/236 565/238/235
f 640/313/310 634/307/304 565/238/235
f 640/313/310 565/238/235 571/244/241
f 646/319/316 645/318/315 582/255/252
f 646/319/316 582/255/252 581/254/251
f 650/323/320 649/322/319 586/259/256
f 650/323/320 586/259/256 585/258/255
f 645/318/315 650/323/320 585/258/255
f 645/318/315 585/258/255 582/255/252
f 633/306/303 646/319/316 581/254/251
f 633/306/303 581/254/251 566/239/236
f 678/351/348 677/350/347 610/283/280
f 678/351/348 610/283/280 609/282/279
f 682/355/352 681/354/351 614/287/284
f 682/355/352 614/287/284 613/286/283
f 677/350/347 682/355/352 613/286/283
f 677/350/347 613/286/283 610/283/280
f 694/367/364 693/366/363 622/295/292
f 694/367/364 622/295/292 621/294/291
f 700/373/370 719/392/388 720/393/389
f 700/373/370 720/393/389 627/300/297
f 693/366/363 700/373/370 627/300/297
f 693/366/363 627/300/297 622/295/292
f 681/354/351 694/367/364 621/294/291
f 681/354/351 621/294/291 614/287/284
f 554/227/224 589/262/259 592/265/262
f 554/227/224 592/265/262 555/228/225
f 578/251/248 601/274/271 604/277/274
f 578/251/248 604/277/274 579/252/249
f 586/259/256 609/282/279 612/285/282
f 586/259/256 612/285/282 587/260/257
f 587/260/257 612/285/282 601/274/271
f 587/260/257 601/274/271 578/251/248
f 579/252/249 604/277/274 589/262/259
f 579/252/249 589/262/259 554/227/224
f 648/321/318 675/348/345 678/351/348
f 648/321/318 678/351/348 649/322/319
f 656/329/326 683/356/353 686/359/356
f 656/329/326 686/359/356 657/330/327
f 657/330/327 686/359/356 675/348/345
f 657/330/327 675/348/345 648/321/318
f 668/341/338 703/376/373 706/379/376
f 668/341/338 706/379/376 669/342/339
f 669/342/339 706/379/376 683/356/353
f 669/342/339 683/356/353 656/329/326
f 649/322/319 678/351/348 609/282/279
f 649/322/319 609/282/279 586/259/256
o Object_8
v 0.018309 0.090426 0.070364
v 0.019640 0.092467 0.068455
v 0.017893 0.095924 0.067808
v 0.018012 0.087365 0.070244
v 0.020967 0.085086 0.069240
v 0.018309 0.090426 0.070364
v 0.020683 0.089164 0.068853
v 0.023203 0.091480 0.066926
v 0.018309 0.090426 0.070364
v 0.018309 0.090426 0.070364
v 0.023203 0.091480 0.066926
v 0.019640 0.092467 0.068455
v 0.018309 0.090426 0.070364
v 0.020967 0.085086 0.069240
v 0.020683 0.089164 0.068853
v 0.023203 0.091480 0.066926
v 0.020683 0.089164 0.068853
v 0.020325 0.088932 0.067866
v 0.022988 0.091347 0.066332
v 0.020967 0.085086 0.069240
v 0.018012 0.087365 0.070244
v 0.017654 0.087134 0.069258
v 0.020752 0.084953 0.068647
v 0.019640 0.092467 0.068455
v 0.023203 0.091480 0.066926
v 0.022988 0.091347 0.066332
v 0.019282 0.092235 0.067468
v 0.017893 0.095924 0.067808
v 0.019640 0.092467 0.068455
v 0.019282 0.092235 0.067468
v 0.017678 0.095790 0.067215
v 0.020683 0.089164 0.068853
v 0.020967 0.085086 0.069240
v 0.020752 0.084953 0.068647
v 0.020325 0.088932 0.067866
v 0.018309 0.090426 0.070364
v 0.017893 0.095924 0.067808
v 0.016413 0.092737 0.069562
v 0.018012 0.087365 0.070244
v 0.018309 0.090426 0.070364
v 0.014760 0.085606 0.071370
v 0.015352 0.089610 0.070682
v 0.018309 0.090426 0.070364
v 0.012560 0.092371 0.070578
v 0.018309 0.090426 0.070364
v 0.016413 0.092737 0.069562
v 0.012560 0.092371 0.070578
v 0.018309 0.090426 0.070364
v 0.015352 0.089610 0.070682
v 0.014760 0.085606 0.071370
v 0.012560 0.092371 0.070578
v 0.012345 0.092238 0.069984
v 0.014994 0.089379 0.069695
v 0.015352 0.089610 0.070682
v 0.014760 0.085606 0.071370
v 0.014545 0.085472 0.070776
v 0.017654 0.087134 0.069258
v 0.018012 0.087365 0.070244
v 0.016413 0.092737 0.069562
v 0.016055 0.092505 0.068575
v 0.012345 0.092238 0.069984
v 0.012560 0.092371 0.070578
v 0.017893 0.095924 0.067808
v 0.017678 0.095790 0.067215
v 0.016055 0.092505 0.068575
v 0.016413 0.092737 0.069562
v 0.015352 0.089610 0.070682
v 0.014994 0.089379 0.069695
v 0.014545 0.085472 0.070776
v 0.014760 0.085606 0.071370
vn 0.4985 0.3962 0.7711
vn 0.2763 -0.0643 0.9589
vn 0.5628 0.0726 0.8234
vn 0.4540 0.4325 0.7790
vn 0.5768 0.1170 0.8085
vn 0.1415 0.4261 0.8936
vn 0.3604 -0.0713 0.9301
vn 0.0752 0.1134 0.9907
vn 0.1864 0.4549 0.8708
vn 0.0618 0.1601 0.9852
vn 0.6504 -0.7571 -0.0608
vn 0.6504 -0.7571 -0.0607
vn -0.4889 -0.7942 0.3607
vn -0.4889 -0.7942 0.3608
vn 0.1455 0.9511 -0.2726
vn 0.1455 0.9511 -0.2725
vn 0.8493 0.3558 -0.3900
vn 0.8493 0.3558 -0.3901
vn 0.9371 0.0323 -0.3475
vn 0.9373 0.0323 -0.3471
vn 0.9374 0.0323 -0.3467
vn -0.6560 -0.6478 0.3874
vn -0.6560 -0.6477 0.3875
vn 0.4823 -0.8756 0.0275
vn 0.4824 -0.8755 0.0275
vn -0.1379 0.9748 -0.1753
vn -0.8459 0.4977 0.1916
vn -0.9365 0.1892 0.2954
vn -0.9363 0.1892 0.2957
vn -0.9362 0.1892 0.2962
vn -0.9363 0.1892 0.2958
vt 0.616211 0.130602
vt 0.647853 0.085882
vt 0.616211 0.020910
vt 0.616211 0.185363
vt 0.677079 0.221856
vt 0.668495 0.146955
vt 0.720585 0.096865
vt 0.584569 0.085882
vt 0.555343 0.221856
vt 0.563927 0.146955
vt 0.511836 0.096865
vt 0.363876 0.614421
vt 0.317766 0.614421
vt 0.317766 0.623374
vt 0.363876 0.623374
vt 0.325364 0.614421
vt 0.271484 0.614421
vt 0.271484 0.623374
vt 0.325364 0.623374
vt 0.299493 0.614421
vt 0.299493 0.623374
vt 0.332126 0.614421
vt 0.274614 0.614421
vt 0.274614 0.623374
vt 0.332126 0.623374
vt 0.220552 0.614421
vt 0.154251 0.614421
vt 0.154251 0.623374
vt 0.220552 0.623374
vt 0.179093 0.614421
vt 0.179093 0.623374
vt 0.225203 0.623374
vt 0.225203 0.614421
vt 0.217604 0.614421
vt 0.217604 0.623374
vt 0.243475 0.614421
vt 0.243475 0.623374
s 0
usemtl Police_Badge
f 721/394/390 722/395/390 723/396/390
f 724/397/391 725/398/391 726/394/391
f 727/399/392 728/400/392 729/394/392
f 730/394/393 731/400/393 732/395/393
f 733/394/394 734/398/394 735/399/394
f 756/394/395 757/396/395 758/401/395
f 759/397/396 760/394/396 761/402/396
f 762/403/397 763/394/397 764/404/397
f 765/394/398 766/401/398 767/404/398
f 768/394/399 769/403/399 770/402/399
s 1
f 736/405/400 737/406/401 738/407/400
f 736/405/400 738/407/400 739/408/400
f 740/409/402 741/410/403 742/411/403
f 740/409/402 742/411/403 743/412/402
f 744/413/404 745/405/405 746/408/405
f 744/413/404 746/408/405 747/414/405
f 748/415/406 749/416/406 750/417/407
f 748/415/406 750/417/407 751/418/406
f 752/419/408 753/420/409 754/421/410
f 752/419/408 754/421/410 755/422/409
f 771/423/411 772/424/412 773/425/411
f 771/423/411 773/425/411 774/426/412
f 775/427/413 776/428/413 777/411/413
f 775/427/413 777/411/413 778/410/414
f 779/429/415 780/430/415 781/424/415
f 779/429/415 781/424/415 782/423/415
f 783/415/416 784/418/416 785/417/416
f 783/415/416 785/417/416 786/416/416
f 787/419/417 788/422/418 789/421/419
f 787/419/417 789/421/419 790/420/420
o Object_10
v 0.023789 0.096740 0.064569
v 0.023504 0.096410 0.063819
v 0.023435 0.097652 0.063316
v 0.023720 0.097983 0.064067
v 0.018295 0.098835 0.066405
v 0.018008 0.098504 0.065655
v 0.019116 0.098232 0.065288
v 0.019400 0.098563 0.066038
v 0.017759 0.099143 0.066632
v 0.018333 0.099059 0.066489
v 0.018252 0.100298 0.065973
v 0.017685 0.100381 0.066114
v 0.020511 0.098051 0.065720
v 0.020230 0.097719 0.064970
v 0.021326 0.097123 0.064658
v 0.021610 0.097454 0.065408
v 0.021610 0.097454 0.065408
v 0.021326 0.097123 0.064658
v 0.022425 0.096586 0.064307
v 0.022710 0.096917 0.065059
v 0.022624 0.098477 0.064428
v 0.022338 0.098146 0.063676
v 0.021238 0.098675 0.064012
v 0.021523 0.099006 0.064763
v 0.021333 0.097190 0.064416
v 0.021150 0.098468 0.063947
v 0.022264 0.097931 0.063605
v 0.022408 0.096666 0.064076
v 0.017943 0.098596 0.065441
v 0.017862 0.099836 0.064927
v 0.018947 0.099568 0.064566
v 0.019092 0.098314 0.065057
v 0.019092 0.098314 0.065057
v 0.018947 0.099568 0.064566
v 0.020044 0.099063 0.064252
v 0.020216 0.097796 0.064733
v 0.020216 0.097796 0.064733
v 0.020044 0.099063 0.064252
v 0.021150 0.098468 0.063947
v 0.021333 0.097190 0.064416
v 0.023063 0.097508 0.064313
v 0.022844 0.097255 0.063737
v 0.022752 0.096146 0.064247
v 0.022971 0.096400 0.064823
v 0.017361 0.098681 0.065587
v 0.017288 0.099919 0.065070
v 0.017943 0.098596 0.065441
v 0.017712 0.098920 0.066550
v 0.017427 0.098589 0.065799
v 0.018008 0.098504 0.065655
v 0.018295 0.098835 0.066405
v 0.021523 0.099006 0.064763
v 0.021238 0.098675 0.064012
v 0.020128 0.099273 0.064318
v 0.020411 0.099604 0.065068
v 0.022785 0.097132 0.065130
v 0.023683 0.096869 0.064782
v 0.023615 0.098111 0.064281
v 0.022640 0.098397 0.064659
v 0.020411 0.099604 0.065068
v 0.020128 0.099273 0.064318
v 0.019019 0.099784 0.064638
v 0.019303 0.100115 0.065387
v 0.019472 0.098778 0.066109
v 0.019326 0.100032 0.065617
v 0.018252 0.100298 0.065973
v 0.023546 0.098207 0.064070
v 0.023261 0.097876 0.063320
v 0.022338 0.098146 0.063676
v 0.017901 0.100059 0.065010
v 0.018187 0.100390 0.065761
v 0.020230 0.097719 0.064970
v 0.018187 0.100390 0.065761
v 0.017901 0.100059 0.065010
v 0.017334 0.100142 0.065151
v 0.017620 0.100473 0.065902
v 0.019472 0.098778 0.066109
v 0.020591 0.098262 0.065787
v 0.020417 0.099530 0.065306
v 0.019326 0.100032 0.065617
v 0.020591 0.098262 0.065787
v 0.021699 0.097661 0.065473
v 0.021516 0.098939 0.065004
v 0.020417 0.099530 0.065306
v 0.021699 0.097661 0.065473
v 0.022785 0.097132 0.065130
v 0.022640 0.098397 0.064659
v 0.021516 0.098939 0.065004
v 0.023112 0.096197 0.064830
v 0.022893 0.095943 0.064254
v 0.024434 0.095507 0.063687
v 0.024653 0.095761 0.064262
v 0.022747 0.083449 0.068452
v 0.023696 0.083530 0.068005
v 0.023413 0.083506 0.067185
v 0.022465 0.083425 0.067635
v 0.022948 0.097159 0.063515
v 0.024405 0.096877 0.062919
v 0.023650 0.096403 0.063479
v 0.024158 0.095661 0.063553
v 0.022855 0.096030 0.064035
v 0.024696 0.095833 0.064204
v 0.024478 0.095579 0.063628
v 0.024011 0.096263 0.063561
v 0.024230 0.096517 0.064137
v 0.023265 0.097548 0.064390
v 0.023172 0.096419 0.064910
v 0.024474 0.096049 0.064428
v 0.023967 0.096791 0.064354
v 0.024722 0.097265 0.063794
v 0.024991 0.097294 0.063450
v 0.024772 0.097040 0.062875
v 0.023015 0.097380 0.063592
v 0.023234 0.097634 0.064168
v 0.024256 0.096735 0.064031
v 0.024037 0.096481 0.063455
v 0.024795 0.096958 0.062889
v 0.025014 0.097211 0.063465
v 0.022408 0.096666 0.064076
v 0.022264 0.097931 0.063605
v 0.023235 0.097647 0.063229
v 0.023303 0.096405 0.063730
v 0.023827 0.083385 0.067939
v 0.023744 0.082048 0.068024
v 0.023461 0.082024 0.067204
v 0.023543 0.083361 0.067119
v 0.018309 0.082351 0.070491
v 0.019423 0.082426 0.070043
v 0.019139 0.082401 0.069220
v 0.018027 0.082327 0.069669
v 0.020538 0.082737 0.069537
v 0.020258 0.082714 0.068714
v 0.021642 0.083128 0.068998
v 0.021360 0.083104 0.068179
v 0.020258 0.082714 0.068714
v 0.022747 0.083449 0.068452
v 0.022465 0.083425 0.067635
v 0.022643 0.081771 0.068559
v 0.021538 0.081451 0.069089
v 0.021255 0.081427 0.068269
v 0.022360 0.081747 0.067741
v 0.021366 0.082939 0.067990
v 0.022446 0.083253 0.067459
v 0.022287 0.081911 0.067582
v 0.021169 0.081587 0.068121
v 0.017962 0.082150 0.069516
v 0.019115 0.082228 0.069049
v 0.018955 0.080886 0.069149
v 0.017869 0.080813 0.069588
v 0.019115 0.082228 0.069049
v 0.020244 0.082542 0.068535
v 0.020057 0.081194 0.068650
v 0.018955 0.080886 0.069149
v 0.020244 0.082542 0.068535
v 0.021366 0.082939 0.067990
v 0.021169 0.081587 0.068121
v 0.020057 0.081194 0.068650
v 0.023092 0.082589 0.068039
v 0.023013 0.083811 0.068018
v 0.022796 0.083792 0.067389
v 0.022874 0.082571 0.067409
v 0.017382 0.082144 0.069682
v 0.017962 0.082150 0.069516
v 0.017293 0.080806 0.069752
v 0.017756 0.082358 0.070720
v 0.018027 0.082327 0.069669
v 0.017448 0.082320 0.069834
v 0.020420 0.081056 0.069622
v 0.020138 0.081033 0.068800
v 0.022820 0.083285 0.068611
v 0.022661 0.081943 0.068735
v 0.023638 0.082026 0.068272
v 0.023720 0.083362 0.068187
v 0.020420 0.081056 0.069622
v 0.019308 0.080746 0.070129
v 0.019025 0.080722 0.069306
v 0.020138 0.081033 0.068800
v 0.017797 0.082196 0.070881
v 0.017691 0.080840 0.070900
v 0.018264 0.080848 0.070730
v 0.018387 0.082187 0.070646
v 0.023568 0.081850 0.068124
v 0.022643 0.081771 0.068559
v 0.023284 0.081826 0.067304
v 0.018205 0.080672 0.070574
v 0.017905 0.080647 0.069760
v 0.018387 0.082187 0.070646
v 0.019332 0.080920 0.070299
v 0.019492 0.082261 0.070199
v 0.018205 0.080672 0.070574
v 0.017621 0.080664 0.070740
v 0.017338 0.080640 0.069921
v 0.017905 0.080647 0.069760
v 0.019492 0.082261 0.070199
v 0.019332 0.080920 0.070299
v 0.020427 0.081226 0.069804
v 0.020616 0.082575 0.069688
v 0.020616 0.082575 0.069688
v 0.020427 0.081226 0.069804
v 0.021532 0.081616 0.069278
v 0.021729 0.082969 0.069147
v 0.021729 0.082969 0.069147
v 0.021532 0.081616 0.069278
v 0.022661 0.081943 0.068735
v 0.022820 0.083285 0.068611
v 0.023156 0.083995 0.067937
v 0.024700 0.084126 0.067240
v 0.024483 0.084108 0.066611
v 0.022939 0.083977 0.067307
v 0.012613 0.097762 0.068521
v 0.011612 0.097648 0.068824
v 0.011327 0.097318 0.068074
v 0.012329 0.097432 0.067773
v 0.022979 0.082560 0.067168
v 0.022899 0.083803 0.067148
v 0.024204 0.083914 0.066557
v 0.023689 0.083219 0.066810
v 0.024437 0.082540 0.066512
v 0.024743 0.084035 0.067219
v 0.024269 0.083394 0.067453
v 0.024051 0.083376 0.066824
v 0.024525 0.084017 0.066589
v 0.023294 0.082585 0.068126
v 0.024752 0.082566 0.067470
v 0.024004 0.083244 0.067767
v 0.024519 0.083940 0.067514
v 0.023214 0.083829 0.068105
v 0.025020 0.082389 0.067173
v 0.023262 0.082412 0.067963
v 0.023044 0.082393 0.067334
v 0.024803 0.082370 0.066544
v 0.024292 0.083152 0.067452
v 0.025044 0.082469 0.067151
v 0.024827 0.082451 0.066521
v 0.024075 0.083133 0.066823
v 0.022446 0.083253 0.067459
v 0.023342 0.083329 0.067037
v 0.023260 0.081994 0.067122
v 0.022287 0.081911 0.067582
v 0.011450 0.097774 0.068803
v 0.011381 0.099016 0.068300
v 0.011096 0.098686 0.067550
v 0.011165 0.097443 0.068052
v 0.017158 0.098930 0.066796
v 0.016033 0.098845 0.067195
v 0.015746 0.098514 0.066442
v 0.016873 0.098599 0.066044
v 0.016033 0.098845 0.067195
v 0.014898 0.098521 0.067646
v 0.014609 0.098189 0.066897
v 0.015746 0.098514 0.066442
v 0.013763 0.098111 0.068100
v 0.013478 0.097781 0.067351
v 0.014609 0.098189 0.066897
v 0.013478 0.097781 0.067351
v 0.012528 0.099322 0.067890
v 0.013668 0.099663 0.067457
v 0.013383 0.099333 0.066708
v 0.012243 0.098992 0.067142
v 0.013334 0.097860 0.067161
v 0.012212 0.097520 0.067575
v 0.012226 0.098772 0.067049
v 0.013381 0.099119 0.066614
v 0.016807 0.098693 0.065831
v 0.015636 0.098603 0.066242
v 0.015637 0.099846 0.065702
v 0.016741 0.099929 0.065311
v 0.015636 0.098603 0.066242
v 0.014487 0.098276 0.066699
v 0.014516 0.099526 0.066148
v 0.015637 0.099846 0.065702
v 0.014487 0.098276 0.066699
v 0.013334 0.097860 0.067161
v 0.013381 0.099119 0.066614
v 0.014516 0.099526 0.066148
v 0.011973 0.098437 0.068118
v 0.012190 0.097303 0.068522
v 0.011971 0.097049 0.067946
v 0.011754 0.098183 0.067542
v 0.016807 0.098693 0.065831
v 0.016741 0.099929 0.065311
v 0.017288 0.099919 0.065070
v 0.017158 0.098930 0.066796
v 0.016873 0.098599 0.066044
v 0.014809 0.100073 0.066991
v 0.014522 0.099742 0.066240
v 0.012631 0.097982 0.068613
v 0.012645 0.099234 0.068088
v 0.011613 0.099116 0.068399
v 0.011681 0.097874 0.068900
v 0.014809 0.100073 0.066991
v 0.015943 0.100397 0.066542
v 0.015656 0.100065 0.065790
v 0.014522 0.099742 0.066240
v 0.017145 0.100389 0.066354
v 0.017211 0.099153 0.066874
v 0.011552 0.099211 0.068185
v 0.012528 0.099322 0.067890
v 0.011267 0.098881 0.067435
v 0.015943 0.100397 0.066542
v 0.017079 0.100483 0.066141
v 0.016795 0.100152 0.065389
v 0.015656 0.100065 0.065790
v 0.017211 0.099153 0.066874
v 0.017145 0.100389 0.066354
v 0.016052 0.100306 0.066741
v 0.016052 0.099064 0.067282
v 0.017079 0.100483 0.066141
v 0.016795 0.100152 0.065389
v 0.016052 0.099064 0.067282
v 0.016052 0.100306 0.066741
v 0.014939 0.099989 0.067185
v 0.014908 0.098738 0.067737
v 0.014908 0.098738 0.067737
v 0.014939 0.099989 0.067185
v 0.013811 0.099584 0.067647
v 0.013764 0.098325 0.068195
v 0.013764 0.098325 0.068195
v 0.013811 0.099584 0.067647
v 0.012645 0.099234 0.068088
v 0.012631 0.097982 0.068613
v 0.012055 0.097123 0.068624
v 0.010444 0.096950 0.069137
v 0.010226 0.096697 0.068562
v 0.011836 0.096869 0.068048
v 0.012651 0.084295 0.071918
v 0.012367 0.084270 0.071097
v 0.011368 0.084515 0.071318
v 0.011651 0.084539 0.072138
v 0.011523 0.098116 0.067435
v 0.011745 0.096961 0.067847
v 0.010382 0.096814 0.068280
v 0.010842 0.097475 0.067874
v 0.009984 0.098085 0.067867
v 0.010385 0.097031 0.069114
v 0.010810 0.097641 0.068741
v 0.010591 0.097387 0.068165
v 0.010167 0.096777 0.068538
v 0.011868 0.098502 0.068300
v 0.010329 0.098471 0.068732
v 0.011187 0.097861 0.068739
v 0.010728 0.097200 0.069145
v 0.012090 0.097347 0.068712
v 0.009914 0.098557 0.068623
v 0.011770 0.098594 0.068102
v 0.011551 0.098340 0.067526
v 0.009695 0.098303 0.068048
v 0.010757 0.097865 0.068662
v 0.009893 0.098478 0.068653
v 0.009674 0.098224 0.068078
v 0.010538 0.097611 0.068086
v 0.012212 0.097520 0.067575
v 0.011266 0.097413 0.067860
v 0.011198 0.098654 0.067359
v 0.012226 0.098772 0.067049
v 0.011488 0.084418 0.072172
v 0.011204 0.084394 0.071352
v 0.011122 0.083057 0.071438
v 0.011405 0.083081 0.072258
v 0.017184 0.082444 0.070878
v 0.016899 0.082421 0.070056
v 0.015771 0.082684 0.070378
v 0.016055 0.082707 0.071197
v 0.017797 0.082196 0.070881
v 0.017194 0.082287 0.071055
v 0.017143 0.080942 0.071118
v 0.017691 0.080840 0.070900
v 0.014925 0.083207 0.071462
v 0.014638 0.083185 0.070644
v 0.013512 0.083762 0.070872
v 0.013796 0.083785 0.071692
v 0.012547 0.082616 0.072025
v 0.012264 0.082592 0.071203
v 0.013399 0.082085 0.070964
v 0.013683 0.082109 0.071785
v 0.013367 0.083609 0.070734
v 0.013399 0.082237 0.070786
v 0.012249 0.082751 0.071026
v 0.012250 0.084107 0.070957
v 0.016830 0.082247 0.069905
v 0.016747 0.080907 0.069973
v 0.015645 0.081164 0.070285
v 0.015659 0.082517 0.070234
v 0.015659 0.082517 0.070234
v 0.015645 0.081164 0.070285
v 0.014529 0.081657 0.070547
v 0.014514 0.083022 0.070501
v 0.014514 0.083022 0.070501
v 0.014529 0.081657 0.070547
v 0.013399 0.082237 0.070786
v 0.013367 0.083609 0.070734
v 0.012002 0.083518 0.071844
v 0.011784 0.083500 0.071214
v 0.012015 0.084695 0.071088
v 0.012232 0.084713 0.071717
v 0.016747 0.080907 0.069973
v 0.016830 0.082247 0.069905
v 0.017756 0.082358 0.070720
v 0.017448 0.082320 0.069834
v 0.016899 0.082421 0.070056
v 0.017184 0.082444 0.070878
v 0.014533 0.081502 0.070724
v 0.014818 0.081525 0.071543
v 0.012667 0.084135 0.072095
v 0.011718 0.084367 0.072305
v 0.011635 0.083031 0.072390
v 0.012666 0.082780 0.072164
v 0.014818 0.081525 0.071543
v 0.015663 0.081004 0.070462
v 0.015946 0.081027 0.071280
v 0.017194 0.082287 0.071055
v 0.016072 0.082548 0.071372
v 0.016058 0.081194 0.071422
v 0.017143 0.080942 0.071118
v 0.011573 0.082854 0.072239
v 0.011290 0.082830 0.071419
v 0.012264 0.082592 0.071203
v 0.016799 0.080740 0.070139
v 0.017066 0.080768 0.070965
v 0.014638 0.083185 0.070644
v 0.014925 0.083207 0.071462
v 0.017066 0.080768 0.070965
v 0.016799 0.080740 0.070139
v 0.016072 0.082548 0.071372
v 0.014933 0.083051 0.071638
v 0.014949 0.081684 0.071683
v 0.016058 0.081194 0.071422
v 0.014933 0.083051 0.071638
v 0.013795 0.083633 0.071870
v 0.013827 0.082261 0.071922
v 0.014949 0.081684 0.071683
v 0.013795 0.083633 0.071870
v 0.012667 0.084135 0.072095
v 0.012666 0.082780 0.072164
v 0.013827 0.082261 0.071922
v 0.012099 0.084921 0.071731
v 0.011881 0.084903 0.071101
v 0.010274 0.085297 0.071486
v 0.010492 0.085316 0.072115
v 0.011554 0.083516 0.071088
v 0.010016 0.083748 0.071460
v 0.010881 0.084291 0.071204
v 0.010429 0.085068 0.071283
v 0.011789 0.084734 0.070960
v 0.010432 0.085234 0.072129
v 0.010214 0.085215 0.071500
v 0.010631 0.084500 0.071429
v 0.010849 0.084518 0.072058
v 0.011897 0.083540 0.072036
v 0.012132 0.084757 0.071907
v 0.010772 0.085091 0.072231
v 0.011224 0.084315 0.072152
v 0.010359 0.083771 0.072408
v 0.009943 0.083651 0.072346
v 0.009726 0.083633 0.071717
v 0.011580 0.083353 0.071267
v 0.011797 0.083372 0.071897
v 0.010794 0.084282 0.072084
v 0.010576 0.084264 0.071455
v 0.009705 0.083717 0.071710
v 0.009923 0.083736 0.072339
v 0.012250 0.084107 0.070957
v 0.012249 0.082751 0.071026
v 0.011223 0.083001 0.071252
v 0.011306 0.084337 0.071166
v 0.023657 0.096640 0.064691
v 0.023789 0.096740 0.064569
v 0.023683 0.096869 0.064782
v 0.023720 0.097983 0.064067
v 0.023546 0.098207 0.064070
v 0.023615 0.098111 0.064281
v 0.023372 0.096309 0.063941
v 0.023303 0.096405 0.063730
v 0.023504 0.096410 0.063819
v 0.023435 0.097652 0.063316
v 0.023235 0.097647 0.063229
v 0.023261 0.097876 0.063320
v 0.022971 0.096400 0.064823
v 0.023112 0.096197 0.064830
v 0.023172 0.096419 0.064910
v 0.023063 0.097508 0.064313
v 0.023265 0.097548 0.064390
v 0.023234 0.097634 0.064168
v 0.024653 0.095761 0.064262
v 0.024696 0.095833 0.064204
v 0.024474 0.096049 0.064428
v 0.025014 0.097211 0.063465
v 0.024991 0.097294 0.063450
v 0.024722 0.097265 0.063794
v 0.024256 0.096735 0.064031
v 0.023967 0.096791 0.064354
v 0.024230 0.096517 0.064137
v 0.022752 0.096146 0.064247
v 0.022855 0.096030 0.064035
v 0.022893 0.095943 0.064254
v 0.022844 0.097255 0.063737
v 0.023015 0.097380 0.063592
v 0.022948 0.097159 0.063515
v 0.024434 0.095507 0.063687
v 0.024158 0.095661 0.063553
v 0.024478 0.095579 0.063628
v 0.024795 0.096958 0.062889
v 0.024405 0.096877 0.062919
v 0.024772 0.097040 0.062875
v 0.024037 0.096481 0.063455
v 0.024011 0.096263 0.063561
v 0.023650 0.096403 0.063479
v 0.023696 0.083530 0.068005
v 0.023720 0.083362 0.068187
v 0.023827 0.083385 0.067939
v 0.023744 0.082048 0.068024
v 0.023638 0.082026 0.068272
v 0.023568 0.081850 0.068124
v 0.023413 0.083506 0.067185
v 0.023543 0.083361 0.067119
v 0.023342 0.083329 0.067037
v 0.023461 0.082024 0.067204
v 0.023284 0.081826 0.067304
v 0.023260 0.081994 0.067122
v 0.023013 0.083811 0.068018
v 0.023214 0.083829 0.068105
v 0.023156 0.083995 0.067937
v 0.023092 0.082589 0.068039
v 0.023262 0.082412 0.067963
v 0.023294 0.082585 0.068126
v 0.024700 0.084126 0.067240
v 0.024519 0.083940 0.067514
v 0.024743 0.084035 0.067219
v 0.025044 0.082469 0.067151
v 0.024752 0.082566 0.067470
v 0.025020 0.082389 0.067173
v 0.024292 0.083152 0.067452
v 0.024269 0.083394 0.067453
v 0.024004 0.083244 0.067767
v 0.022796 0.083792 0.067389
v 0.022939 0.083977 0.067307
v 0.022899 0.083803 0.067148
v 0.022874 0.082571 0.067409
v 0.022979 0.082560 0.067168
v 0.023044 0.082393 0.067334
v 0.024483 0.084108 0.066611
v 0.024525 0.084017 0.066589
v 0.024204 0.083914 0.066557
v 0.024827 0.082451 0.066521
v 0.024803 0.082370 0.066544
v 0.024437 0.082540 0.066512
v 0.024075 0.083133 0.066823
v 0.023689 0.083219 0.066810
v 0.024051 0.083376 0.066824
v 0.011612 0.097648 0.068824
v 0.011681 0.097874 0.068900
v 0.011450 0.097774 0.068803
v 0.011381 0.099016 0.068300
v 0.011613 0.099116 0.068399
v 0.011552 0.099211 0.068185
v 0.011327 0.097318 0.068074
v 0.011165 0.097443 0.068052
v 0.011266 0.097413 0.067860
v 0.011096 0.098686 0.067550
v 0.011267 0.098881 0.067435
v 0.011198 0.098654 0.067359
v 0.012190 0.097303 0.068522
v 0.012090 0.097347 0.068712
v 0.012055 0.097123 0.068624
v 0.011973 0.098437 0.068118
v 0.011770 0.098594 0.068102
v 0.011868 0.098502 0.068300
v 0.010444 0.096950 0.069137
v 0.010728 0.097200 0.069145
v 0.010385 0.097031 0.069114
v 0.009893 0.098478 0.068653
v 0.010329 0.098471 0.068732
v 0.009914 0.098557 0.068623
v 0.010757 0.097865 0.068662
v 0.010810 0.097641 0.068741
v 0.011187 0.097861 0.068739
v 0.011971 0.097049 0.067946
v 0.011836 0.096869 0.068048
v 0.011745 0.096961 0.067847
v 0.011754 0.098183 0.067542
v 0.011523 0.098116 0.067435
v 0.011551 0.098340 0.067526
v 0.010226 0.096697 0.068562
v 0.010167 0.096777 0.068538
v 0.010382 0.096814 0.068280
v 0.009674 0.098224 0.068078
v 0.009695 0.098303 0.068048
v 0.009984 0.098085 0.067867
v 0.010538 0.097611 0.068086
v 0.010842 0.097475 0.067874
v 0.010591 0.097387 0.068165
v 0.011651 0.084539 0.072138
v 0.011488 0.084418 0.072172
v 0.011718 0.084367 0.072305
v 0.011405 0.083081 0.072258
v 0.011573 0.082854 0.072239
v 0.011635 0.083031 0.072390
v 0.011368 0.084515 0.071318
v 0.011306 0.084337 0.071166
v 0.011204 0.084394 0.071352
v 0.011122 0.083057 0.071438
v 0.011223 0.083001 0.071252
v 0.011290 0.082830 0.071419
v 0.012232 0.084713 0.071717
v 0.012099 0.084921 0.071731
v 0.012132 0.084757 0.071907
v 0.012002 0.083518 0.071844
v 0.011897 0.083540 0.072036
v 0.011797 0.083372 0.071897
v 0.010492 0.085316 0.072115
v 0.010432 0.085234 0.072129
v 0.010772 0.085091 0.072231
v 0.009923 0.083736 0.072339
v 0.009943 0.083651 0.072346
v 0.010359 0.083771 0.072408
v 0.010794 0.084282 0.072084
v 0.011224 0.084315 0.072152
v 0.010849 0.084518 0.072058
v 0.012015 0.084695 0.071088
v 0.011789 0.084734 0.070960
v 0.011881 0.084903 0.071101
v 0.011784 0.083500 0.071214
v 0.011580 0.083353 0.071267
v 0.011554 0.083516 0.071088
v 0.010274 0.085297 0.071486
v 0.010429 0.085068 0.071283
v 0.010214 0.085215 0.071500
v 0.009705 0.083717 0.071710
v 0.010016 0.083748 0.071460
v 0.009726 0.083633 0.071717
v 0.010576 0.084264 0.071455
v 0.010631 0.084500 0.071429
v 0.010881 0.084291 0.071204
v 0.022710 0.096917 0.065059
v 0.023657 0.096640 0.064691
v 0.023683 0.096869 0.064782
v 0.022785 0.097132 0.065130
v 0.023789 0.096740 0.064569
v 0.023720 0.097983 0.064067
v 0.023615 0.098111 0.064281
v 0.023683 0.096869 0.064782
v 0.017712 0.098920 0.066550
v 0.018295 0.098835 0.066405
v 0.018333 0.099059 0.066489
v 0.017759 0.099143 0.066632
v 0.018295 0.098835 0.066405
v 0.019400 0.098563 0.066038
v 0.019472 0.098778 0.066109
v 0.020511 0.098051 0.065720
v 0.020591 0.098262 0.065787
v 0.019472 0.098778 0.066109
v 0.021610 0.097454 0.065408
v 0.021699 0.097661 0.065473
v 0.020591 0.098262 0.065787
v 0.021610 0.097454 0.065408
v 0.022710 0.096917 0.065059
v 0.022785 0.097132 0.065130
v 0.021699 0.097661 0.065473
v 0.023546 0.098207 0.064070
v 0.022624 0.098477 0.064428
v 0.022640 0.098397 0.064659
v 0.023615 0.098111 0.064281
v 0.021523 0.099006 0.064763
v 0.021516 0.098939 0.065004
v 0.022640 0.098397 0.064659
v 0.021523 0.099006 0.064763
v 0.020411 0.099604 0.065068
v 0.020417 0.099530 0.065306
v 0.021516 0.098939 0.065004
v 0.020411 0.099604 0.065068
v 0.019303 0.100115 0.065387
v 0.019326 0.100032 0.065617
v 0.020417 0.099530 0.065306
v 0.018187 0.100390 0.065761
v 0.018252 0.100298 0.065973
v 0.019326 0.100032 0.065617
v 0.022408 0.096666 0.064076
v 0.023303 0.096405 0.063730
v 0.023372 0.096309 0.063941
v 0.022425 0.096586 0.064307
v 0.023303 0.096405 0.063730
v 0.023235 0.097647 0.063229
v 0.023435 0.097652 0.063316
v 0.023504 0.096410 0.063819
v 0.017361 0.098681 0.065587
v 0.017943 0.098596 0.065441
v 0.018008 0.098504 0.065655
v 0.017427 0.098589 0.065799
v 0.017943 0.098596 0.065441
v 0.019092 0.098314 0.065057
v 0.019116 0.098232 0.065288
v 0.018008 0.098504 0.065655
v 0.019092 0.098314 0.065057
v 0.020216 0.097796 0.064733
v 0.020230 0.097719 0.064970
v 0.020216 0.097796 0.064733
v 0.021333 0.097190 0.064416
v 0.021326 0.097123 0.064658
v 0.020230 0.097719 0.064970
v 0.021333 0.097190 0.064416
v 0.022408 0.096666 0.064076
v 0.022425 0.096586 0.064307
v 0.021326 0.097123 0.064658
v 0.023235 0.097647 0.063229
v 0.022264 0.097931 0.063605
v 0.022338 0.098146 0.063676
v 0.023261 0.097876 0.063320
v 0.022264 0.097931 0.063605
v 0.021150 0.098468 0.063947
v 0.021238 0.098675 0.064012
v 0.022338 0.098146 0.063676
v 0.021150 0.098468 0.063947
v 0.020044 0.099063 0.064252
v 0.020128 0.099273 0.064318
v 0.021238 0.098675 0.064012
v 0.020044 0.099063 0.064252
v 0.018947 0.099568 0.064566
v 0.019019 0.099784 0.064638
v 0.020128 0.099273 0.064318
v 0.018947 0.099568 0.064566
v 0.017862 0.099836 0.064927
v 0.017901 0.100059 0.065010
v 0.023261 0.097876 0.063320
v 0.023546 0.098207 0.064070
v 0.023720 0.097983 0.064067
v 0.023435 0.097652 0.063316
v 0.023657 0.096640 0.064691
v 0.023372 0.096309 0.063941
v 0.023504 0.096410 0.063819
v 0.023789 0.096740 0.064569
v 0.023172 0.096419 0.064910
v 0.023265 0.097548 0.064390
v 0.023063 0.097508 0.064313
v 0.022971 0.096400 0.064823
v 0.024256 0.096735 0.064031
v 0.025014 0.097211 0.063465
v 0.024722 0.097265 0.063794
v 0.023967 0.096791 0.064354
v 0.024991 0.097294 0.063450
v 0.023234 0.097634 0.064168
v 0.023265 0.097548 0.064390
v 0.024722 0.097265 0.063794
v 0.023112 0.096197 0.064830
v 0.024653 0.095761 0.064262
v 0.024474 0.096049 0.064428
v 0.023172 0.096419 0.064910
v 0.024696 0.095833 0.064204
v 0.024230 0.096517 0.064137
v 0.023967 0.096791 0.064354
v 0.024474 0.096049 0.064428
v 0.022752 0.096146 0.064247
v 0.022844 0.097255 0.063737
v 0.022948 0.097159 0.063515
v 0.022855 0.096030 0.064035
v 0.023650 0.096403 0.063479
v 0.024405 0.096877 0.062919
v 0.024795 0.096958 0.062889
v 0.024037 0.096481 0.063455
v 0.024405 0.096877 0.062919
v 0.022948 0.097159 0.063515
v 0.023015 0.097380 0.063592
v 0.024772 0.097040 0.062875
v 0.022855 0.096030 0.064035
v 0.024158 0.095661 0.063553
v 0.024434 0.095507 0.063687
v 0.022893 0.095943 0.064254
v 0.024158 0.095661 0.063553
v 0.023650 0.096403 0.063479
v 0.024011 0.096263 0.063561
v 0.024478 0.095579 0.063628
v 0.025014 0.097211 0.063465
v 0.024795 0.096958 0.062889
v 0.024772 0.097040 0.062875
v 0.024991 0.097294 0.063450
v 0.024037 0.096481 0.063455
v 0.024256 0.096735 0.064031
v 0.024230 0.096517 0.064137
v 0.024011 0.096263 0.063561
v 0.023234 0.097634 0.064168
v 0.023015 0.097380 0.063592
v 0.022844 0.097255 0.063737
v 0.023063 0.097508 0.064313
v 0.022971 0.096400 0.064823
v 0.022752 0.096146 0.064247
v 0.022893 0.095943 0.064254
v 0.023112 0.096197 0.064830
v 0.024653 0.095761 0.064262
v 0.024434 0.095507 0.063687
v 0.024478 0.095579 0.063628
v 0.024696 0.095833 0.064204
v 0.018187 0.100390 0.065761
v 0.017620 0.100473 0.065902
v 0.017685 0.100381 0.066114
v 0.018252 0.100298 0.065973
v 0.017288 0.099919 0.065070
v 0.017334 0.100142 0.065151
v 0.017901 0.100059 0.065010
v 0.022820 0.083285 0.068611
v 0.023720 0.083362 0.068187
v 0.023696 0.083530 0.068005
v 0.022747 0.083449 0.068452
v 0.023720 0.083362 0.068187
v 0.023638 0.082026 0.068272
v 0.023744 0.082048 0.068024
v 0.023827 0.083385 0.067939
v 0.017797 0.082196 0.070881
v 0.018387 0.082187 0.070646
v 0.018309 0.082351 0.070491
v 0.017756 0.082358 0.070720
v 0.018387 0.082187 0.070646
v 0.019492 0.082261 0.070199
v 0.019423 0.082426 0.070043
v 0.019492 0.082261 0.070199
v 0.020616 0.082575 0.069688
v 0.020538 0.082737 0.069537
v 0.020616 0.082575 0.069688
v 0.021729 0.082969 0.069147
v 0.021642 0.083128 0.068998
v 0.021729 0.082969 0.069147
v 0.022820 0.083285 0.068611
v 0.022747 0.083449 0.068452
v 0.023638 0.082026 0.068272
v 0.022661 0.081943 0.068735
v 0.022643 0.081771 0.068559
v 0.023568 0.081850 0.068124
v 0.022661 0.081943 0.068735
v 0.021532 0.081616 0.069278
v 0.021538 0.081451 0.069089
v 0.022643 0.081771 0.068559
v 0.021532 0.081616 0.069278
v 0.020427 0.081226 0.069804
v 0.020420 0.081056 0.069622
v 0.020427 0.081226 0.069804
v 0.019332 0.080920 0.070299
v 0.019308 0.080746 0.070129
v 0.020420 0.081056 0.069622
v 0.019332 0.080920 0.070299
v 0.018264 0.080848 0.070730
v 0.018205 0.080672 0.070574
v 0.022465 0.083425 0.067635
v 0.023413 0.083506 0.067185
v 0.023342 0.083329 0.067037
v 0.022446 0.083253 0.067459
v 0.023543 0.083361 0.067119
v 0.023461 0.082024 0.067204
v 0.023260 0.081994 0.067122
v 0.023342 0.083329 0.067037
v 0.017448 0.082320 0.069834
v 0.018027 0.082327 0.069669
v 0.017962 0.082150 0.069516
v 0.017382 0.082144 0.069682
v 0.018027 0.082327 0.069669
v 0.019139 0.082401 0.069220
v 0.019115 0.082228 0.069049
v 0.017962 0.082150 0.069516
v 0.020258 0.082714 0.068714
v 0.020244 0.082542 0.068535
v 0.019115 0.082228 0.069049
v 0.020258 0.082714 0.068714
v 0.021360 0.083104 0.068179
v 0.021366 0.082939 0.067990
v 0.020244 0.082542 0.068535
v 0.022465 0.083425 0.067635
v 0.022446 0.083253 0.067459
v 0.021366 0.082939 0.067990
v 0.023284 0.081826 0.067304
v 0.022360 0.081747 0.067741
v 0.022287 0.081911 0.067582
v 0.023260 0.081994 0.067122
v 0.021255 0.081427 0.068269
v 0.021169 0.081587 0.068121
v 0.022287 0.081911 0.067582
v 0.020138 0.081033 0.068800
v 0.020057 0.081194 0.068650
v 0.021169 0.081587 0.068121
v 0.020138 0.081033 0.068800
v 0.019025 0.080722 0.069306
v 0.018955 0.080886 0.069149
v 0.020057 0.081194 0.068650
v 0.017905 0.080647 0.069760
v 0.017869 0.080813 0.069588
v 0.018955 0.080886 0.069149
v 0.023461 0.082024 0.067204
v 0.023744 0.082048 0.068024
v 0.023568 0.081850 0.068124
v 0.023284 0.081826 0.067304
v 0.023827 0.083385 0.067939
v 0.023543 0.083361 0.067119
v 0.023413 0.083506 0.067185
v 0.023696 0.083530 0.068005
v 0.023013 0.083811 0.068018
v 0.023092 0.082589 0.068039
v 0.023294 0.082585 0.068126
v 0.023214 0.083829 0.068105
v 0.024004 0.083244 0.067767
v 0.024752 0.082566 0.067470
v 0.025044 0.082469 0.067151
v 0.024292 0.083152 0.067452
v 0.024752 0.082566 0.067470
v 0.023294 0.082585 0.068126
v 0.023262 0.082412 0.067963
v 0.025020 0.082389 0.067173
v 0.023214 0.083829 0.068105
v 0.024519 0.083940 0.067514
v 0.024700 0.084126 0.067240
v 0.023156 0.083995 0.067937
v 0.024519 0.083940 0.067514
v 0.024004 0.083244 0.067767
v 0.024269 0.083394 0.067453
v 0.024743 0.084035 0.067219
v 0.022899 0.083803 0.067148
v 0.022979 0.082560 0.067168
v 0.022874 0.082571 0.067409
v 0.022796 0.083792 0.067389
v 0.024075 0.083133 0.066823
v 0.024827 0.082451 0.066521
v 0.024437 0.082540 0.066512
v 0.023689 0.083219 0.066810
v 0.024803 0.082370 0.066544
v 0.023044 0.082393 0.067334
v 0.022979 0.082560 0.067168
v 0.024437 0.082540 0.066512
v 0.022939 0.083977 0.067307
v 0.024483 0.084108 0.066611
v 0.024204 0.083914 0.066557
v 0.022899 0.083803 0.067148
v 0.024525 0.084017 0.066589
v 0.024051 0.083376 0.066824
v 0.023689 0.083219 0.066810
v 0.024204 0.083914 0.066557
v 0.025020 0.082389 0.067173
v 0.024803 0.082370 0.066544
v 0.024827 0.082451 0.066521
v 0.025044 0.082469 0.067151
v 0.024051 0.083376 0.066824
v 0.024269 0.083394 0.067453
v 0.024292 0.083152 0.067452
v 0.024075 0.083133 0.066823
v 0.023092 0.082589 0.068039
v 0.022874 0.082571 0.067409
v 0.023044 0.082393 0.067334
v 0.023262 0.082412 0.067963
v 0.023156 0.083995 0.067937
v 0.022939 0.083977 0.067307
v 0.022796 0.083792 0.067389
v 0.023013 0.083811 0.068018
v 0.024743 0.084035 0.067219
v 0.024525 0.084017 0.066589
v 0.024483 0.084108 0.066611
v 0.024700 0.084126 0.067240
v 0.017691 0.080840 0.070900
v 0.017621 0.080664 0.070740
v 0.018205 0.080672 0.070574
v 0.017905 0.080647 0.069760
v 0.017338 0.080640 0.069921
v 0.017293 0.080806 0.069752
v 0.012631 0.097982 0.068613
v 0.011681 0.097874 0.068900
v 0.011612 0.097648 0.068824
v 0.012613 0.097762 0.068521
v 0.011681 0.097874 0.068900
v 0.011613 0.099116 0.068399
v 0.011381 0.099016 0.068300
v 0.011450 0.097774 0.068803
v 0.017211 0.099153 0.066874
v 0.017158 0.098930 0.066796
v 0.017211 0.099153 0.066874
v 0.016052 0.099064 0.067282
v 0.016033 0.098845 0.067195
v 0.017158 0.098930 0.066796
v 0.016052 0.099064 0.067282
v 0.014908 0.098738 0.067737
v 0.014898 0.098521 0.067646
v 0.016033 0.098845 0.067195
v 0.014908 0.098738 0.067737
v 0.013764 0.098325 0.068195
v 0.013763 0.098111 0.068100
v 0.013764 0.098325 0.068195
v 0.012631 0.097982 0.068613
v 0.011613 0.099116 0.068399
v 0.012645 0.099234 0.068088
v 0.012528 0.099322 0.067890
v 0.011552 0.099211 0.068185
v 0.012645 0.099234 0.068088
v 0.013811 0.099584 0.067647
v 0.013668 0.099663 0.067457
v 0.012528 0.099322 0.067890
v 0.013811 0.099584 0.067647
v 0.014939 0.099989 0.067185
v 0.014809 0.100073 0.066991
v 0.014939 0.099989 0.067185
v 0.016052 0.100306 0.066741
v 0.015943 0.100397 0.066542
v 0.014809 0.100073 0.066991
v 0.016052 0.100306 0.066741
v 0.017145 0.100389 0.066354
v 0.017079 0.100483 0.066141
v 0.015943 0.100397 0.066542
v 0.012329 0.097432 0.067773
v 0.011327 0.097318 0.068074
v 0.011266 0.097413 0.067860
v 0.012212 0.097520 0.067575
v 0.011165 0.097443 0.068052
v 0.011096 0.098686 0.067550
v 0.011198 0.098654 0.067359
v 0.011266 0.097413 0.067860
v 0.016873 0.098599 0.066044
v 0.016807 0.098693 0.065831
v 0.016873 0.098599 0.066044
v 0.015746 0.098514 0.066442
v 0.015636 0.098603 0.066242
v 0.016807 0.098693 0.065831
v 0.015746 0.098514 0.066442
v 0.014609 0.098189 0.066897
v 0.014487 0.098276 0.066699
v 0.015636 0.098603 0.066242
v 0.014609 0.098189 0.066897
v 0.013478 0.097781 0.067351
v 0.013334 0.097860 0.067161
v 0.014487 0.098276 0.066699
v 0.013478 0.097781 0.067351
v 0.012212 0.097520 0.067575
v 0.013334 0.097860 0.067161
v 0.011267 0.098881 0.067435
v 0.012243 0.098992 0.067142
v 0.012226 0.098772 0.067049
v 0.011198 0.098654 0.067359
v 0.013383 0.099333 0.066708
v 0.013381 0.099119 0.066614
v 0.012226 0.098772 0.067049
v 0.014522 0.099742 0.066240
v 0.014516 0.099526 0.066148
v 0.013381 0.099119 0.066614
v 0.014522 0.099742 0.066240
v 0.015656 0.100065 0.065790
v 0.015637 0.099846 0.065702
v 0.014516 0.099526 0.066148
v 0.015656 0.100065 0.065790
v 0.016795 0.100152 0.065389
v 0.016741 0.099929 0.065311
v 0.015637 0.099846 0.065702
v 0.011096 0.098686 0.067550
v 0.011381 0.099016 0.068300
v 0.011552 0.099211 0.068185
v 0.011267 0.098881 0.067435
v 0.011450 0.097774 0.068803
v 0.011165 0.097443 0.068052
v 0.011327 0.097318 0.068074
v 0.011612 0.097648 0.068824
v 0.012190 0.097303 0.068522
v 0.011973 0.098437 0.068118
v 0.011868 0.098502 0.068300
v 0.012090 0.097347 0.068712
v 0.011187 0.097861 0.068739
v 0.010329 0.098471 0.068732
v 0.009893 0.098478 0.068653
v 0.010757 0.097865 0.068662
v 0.010329 0.098471 0.068732
v 0.011868 0.098502 0.068300
v 0.011770 0.098594 0.068102
v 0.009914 0.098557 0.068623
v 0.012090 0.097347 0.068712
v 0.010728 0.097200 0.069145
v 0.010444 0.096950 0.069137
v 0.012055 0.097123 0.068624
v 0.010728 0.097200 0.069145
v 0.011187 0.097861 0.068739
v 0.010810 0.097641 0.068741
v 0.010385 0.097031 0.069114
v 0.011745 0.096961 0.067847
v 0.011523 0.098116 0.067435
v 0.011754 0.098183 0.067542
v 0.011971 0.097049 0.067946
v 0.010538 0.097611 0.068086
v 0.009674 0.098224 0.068078
v 0.009984 0.098085 0.067867
v 0.010842 0.097475 0.067874
v 0.009695 0.098303 0.068048
v 0.011551 0.098340 0.067526
v 0.011523 0.098116 0.067435
v 0.009984 0.098085 0.067867
v 0.011836 0.096869 0.068048
v 0.010226 0.096697 0.068562
v 0.010382 0.096814 0.068280
v 0.011745 0.096961 0.067847
v 0.010167 0.096777 0.068538
v 0.010591 0.097387 0.068165
v 0.010842 0.097475 0.067874
v 0.010382 0.096814 0.068280
v 0.009914 0.098557 0.068623
v 0.009695 0.098303 0.068048
v 0.009674 0.098224 0.068078
v 0.009893 0.098478 0.068653
v 0.010591 0.097387 0.068165
v 0.010810 0.097641 0.068741
v 0.010757 0.097865 0.068662
v 0.010538 0.097611 0.068086
v 0.011973 0.098437 0.068118
v 0.011754 0.098183 0.067542
v 0.011551 0.098340 0.067526
v 0.011770 0.098594 0.068102
v 0.012055 0.097123 0.068624
v 0.011836 0.096869 0.068048
v 0.011971 0.097049 0.067946
v 0.012190 0.097303 0.068522
v 0.010385 0.097031 0.069114
v 0.010167 0.096777 0.068538
v 0.010226 0.096697 0.068562
v 0.010444 0.096950 0.069137
v 0.017145 0.100389 0.066354
v 0.017079 0.100483 0.066141
v 0.016795 0.100152 0.065389
v 0.017288 0.099919 0.065070
v 0.016741 0.099929 0.065311
v 0.012651 0.084295 0.071918
v 0.011651 0.084539 0.072138
v 0.011718 0.084367 0.072305
v 0.012667 0.084135 0.072095
v 0.011488 0.084418 0.072172
v 0.011405 0.083081 0.072258
v 0.011635 0.083031 0.072390
v 0.011718 0.084367 0.072305
v 0.017756 0.082358 0.070720
v 0.017184 0.082444 0.070878
v 0.017194 0.082287 0.071055
v 0.017797 0.082196 0.070881
v 0.017184 0.082444 0.070878
v 0.016055 0.082707 0.071197
v 0.016072 0.082548 0.071372
v 0.017194 0.082287 0.071055
v 0.014925 0.083207 0.071462
v 0.014933 0.083051 0.071638
v 0.016072 0.082548 0.071372
v 0.014925 0.083207 0.071462
v 0.013796 0.083785 0.071692
v 0.013795 0.083633 0.071870
v 0.014933 0.083051 0.071638
v 0.012667 0.084135 0.072095
v 0.013795 0.083633 0.071870
v 0.011573 0.082854 0.072239
v 0.012547 0.082616 0.072025
v 0.012666 0.082780 0.072164
v 0.011635 0.083031 0.072390
v 0.013683 0.082109 0.071785
v 0.013827 0.082261 0.071922
v 0.012666 0.082780 0.072164
v 0.014818 0.081525 0.071543
v 0.014949 0.081684 0.071683
v 0.013827 0.082261 0.071922
v 0.014818 0.081525 0.071543
v 0.015946 0.081027 0.071280
v 0.016058 0.081194 0.071422
v 0.014949 0.081684 0.071683
v 0.017066 0.080768 0.070965
v 0.017143 0.080942 0.071118
v 0.016058 0.081194 0.071422
v 0.012250 0.084107 0.070957
v 0.011306 0.084337 0.071166
v 0.011368 0.084515 0.071318
v 0.012367 0.084270 0.071097
v 0.011306 0.084337 0.071166
v 0.011223 0.083001 0.071252
v 0.011122 0.083057 0.071438
v 0.011204 0.084394 0.071352
v 0.016830 0.082247 0.069905
v 0.016899 0.082421 0.070056
v 0.017448 0.082320 0.069834
v 0.016830 0.082247 0.069905
v 0.015659 0.082517 0.070234
v 0.015771 0.082684 0.070378
v 0.016899 0.082421 0.070056
v 0.015659 0.082517 0.070234
v 0.014514 0.083022 0.070501
v 0.014638 0.083185 0.070644
v 0.014514 0.083022 0.070501
v 0.013367 0.083609 0.070734
v 0.013512 0.083762 0.070872
v 0.014638 0.083185 0.070644
v 0.013367 0.083609 0.070734
v 0.012250 0.084107 0.070957
v 0.011223 0.083001 0.071252
v 0.012249 0.082751 0.071026
v 0.012264 0.082592 0.071203
v 0.011290 0.082830 0.071419
v 0.012249 0.082751 0.071026
v 0.013399 0.082237 0.070786
v 0.013399 0.082085 0.070964
v 0.012264 0.082592 0.071203
v 0.013399 0.082237 0.070786
v 0.014529 0.081657 0.070547
v 0.014533 0.081502 0.070724
v 0.014529 0.081657 0.070547
v 0.015645 0.081164 0.070285
v 0.015663 0.081004 0.070462
v 0.015645 0.081164 0.070285
v 0.016747 0.080907 0.069973
v 0.016799 0.080740 0.070139
v 0.011290 0.082830 0.071419
v 0.011573 0.082854 0.072239
v 0.011405 0.083081 0.072258
v 0.011122 0.083057 0.071438
v 0.011651 0.084539 0.072138
v 0.011368 0.084515 0.071318
v 0.011204 0.084394 0.071352
v 0.011488 0.084418 0.072172
v 0.012132 0.084757 0.071907
v 0.011897 0.083540 0.072036
v 0.012002 0.083518 0.071844
v 0.012232 0.084713 0.071717
v 0.010794 0.084282 0.072084
v 0.009923 0.083736 0.072339
v 0.010359 0.083771 0.072408
v 0.011224 0.084315 0.072152
v 0.009943 0.083651 0.072346
v 0.011797 0.083372 0.071897
v 0.011897 0.083540 0.072036
v 0.010359 0.083771 0.072408
v 0.012099 0.084921 0.071731
v 0.010492 0.085316 0.072115
v 0.010772 0.085091 0.072231
v 0.012132 0.084757 0.071907
v 0.010432 0.085234 0.072129
v 0.010849 0.084518 0.072058
v 0.011224 0.084315 0.072152
v 0.010772 0.085091 0.072231
v 0.012015 0.084695 0.071088
v 0.011784 0.083500 0.071214
v 0.011554 0.083516 0.071088
v 0.011789 0.084734 0.070960
v 0.010881 0.084291 0.071204
v 0.010016 0.083748 0.071460
v 0.009705 0.083717 0.071710
v 0.010576 0.084264 0.071455
v 0.010016 0.083748 0.071460
v 0.011554 0.083516 0.071088
v 0.011580 0.083353 0.071267
v 0.009726 0.083633 0.071717
v 0.011789 0.084734 0.070960
v 0.010429 0.085068 0.071283
v 0.010274 0.085297 0.071486
v 0.011881 0.084903 0.071101
v 0.010429 0.085068 0.071283
v 0.010881 0.084291 0.071204
v 0.010631 0.084500 0.071429
v 0.010214 0.085215 0.071500
v 0.009923 0.083736 0.072339
v 0.009705 0.083717 0.071710
v 0.009726 0.083633 0.071717
v 0.009943 0.083651 0.072346
v 0.010576 0.084264 0.071455
v 0.010794 0.084282 0.072084
v 0.010849 0.084518 0.072058
v 0.010631 0.084500 0.071429
v 0.011797 0.083372 0.071897
v 0.011580 0.083353 0.071267
v 0.011784 0.083500 0.071214
v 0.012002 0.083518 0.071844
v 0.012232 0.084713 0.071717
v 0.012015 0.084695 0.071088
v 0.011881 0.084903 0.071101
v 0.012099 0.084921 0.071731
v 0.010492 0.085316 0.072115
v 0.010274 0.085297 0.071486
v 0.010214 0.085215 0.071500
v 0.010432 0.085234 0.072129
v 0.017066 0.080768 0.070965
v 0.017691 0.080840 0.070900
v 0.017143 0.080942 0.071118
v 0.016747 0.080907 0.069973
v 0.016799 0.080740 0.070139
v 0.022710 0.096917 0.065059
v 0.022425 0.096586 0.064307
v 0.023372 0.096309 0.063941
v 0.023657 0.096640 0.064691
vn 0.7632 -0.3118 0.5660
vn 0.7891 0.6139 0.0204
vn 0.2246 -0.8571 -0.4636
vn 0.3733 0.3033 -0.8767
vn -0.3689 -0.2259 0.9016
vn -0.3139 0.8695 0.3813
vn 0.7460 0.0811 0.6610
vn 0.7349 0.3102 0.6031
vn 0.7460 0.2165 0.6297
vn -0.8172 -0.5700 -0.0848
vn -0.7439 0.4114 -0.5267
vn 0.0173 -0.6366 -0.7710
vn -0.0366 -0.1802 -0.9830
vn 0.0337 -0.4400 -0.8974
vn 0.7678 0.5182 0.3769
vn 0.7826 -0.5528 0.2862
vn 0.2325 0.5692 -0.7886
vn 0.3680 -0.6571 -0.6579
vn -0.3643 0.5981 0.7139
vn -0.3222 -0.6151 0.7196
vn 0.7467 0.2054 0.6326
vn 0.7330 -0.0260 0.6797
vn 0.7452 0.0698 0.6631
vn -0.8114 0.4856 -0.3253
vn -0.7494 -0.5911 -0.2982
vn 0.0222 0.2395 -0.9706
vn -0.0371 -0.2631 -0.9641
vn 0.0362 0.0074 -0.9993
vn -0.2950 -0.2232 0.9291
vn -0.5103 0.7227 0.4662
vn -0.5853 -0.7893 -0.1857
vn -0.7803 0.3999 -0.4809
vn 0.8035 -0.3241 0.4994
vn 0.6064 0.7924 0.0656
vn -0.1652 0.1574 0.9736
vn -0.1577 0.3849 0.9094
vn -0.1641 0.2927 0.9420
vn 0.4994 -0.6803 -0.5365
vn 0.3188 0.3224 -0.8913
vn -0.5787 -0.5867 -0.5665
vn -0.5981 -0.1331 -0.7903
vn -0.6393 -0.3836 -0.6665
vn -0.2904 0.6068 0.7399
vn -0.5167 -0.4440 0.7320
vn -0.5773 0.6370 -0.5108
vn -0.7856 -0.5605 -0.2621
vn 0.8081 0.4999 0.3116
vn 0.5982 -0.6922 0.4038
vn -0.1645 0.2817 0.9453
vn -0.1596 0.0487 0.9860
vn -0.1649 0.1461 0.9754
vn 0.5052 0.3754 -0.7771
vn 0.3132 -0.6801 -0.6628
vn -0.5738 0.2894 -0.7661
vn -0.5985 -0.2161 -0.7714
vn -0.6368 0.0638 -0.7684
vn 0.9429 -0.0790 -0.3235
vn -0.0554 -0.9057 0.4203
vn -0.0552 -0.9058 0.4202
vn -0.1718 -0.8756 0.4514
vn -0.1642 -0.8779 0.4497
vn 0.3285 0.3809 0.8643
vn 0.3293 0.3807 0.8641
vn 0.3215 0.3814 0.8667
vn 0.3284 0.3809 0.8643
vn -0.2807 -0.8343 0.4746
vn -0.2842 -0.8327 0.4752
vn -0.2841 -0.8328 0.4750
vn -0.2875 -0.8313 0.4757
vn -0.1734 -0.8752 0.4515
vn -0.1852 -0.8714 0.4543
vn 0.1848 0.8715 -0.4543
vn 0.1738 0.8751 -0.4517
vn 0.2841 0.8328 -0.4751
vn 0.2872 0.8314 -0.4756
vn -0.4312 -0.3632 -0.8259
vn -0.4304 -0.3651 -0.8255
vn -0.4297 -0.3597 -0.8282
vn -0.4286 -0.3592 -0.8290
vn -0.3298 -0.3803 -0.8641
vn -0.3222 -0.3809 -0.8667
vn -0.3895 -0.3745 -0.8414
vn -0.3961 -0.3739 -0.8386
vn -0.4173 -0.3708 -0.8297
vn -0.4226 -0.3694 -0.8276
vn -0.4227 -0.3694 -0.8276
vn -0.4174 -0.3708 -0.8297
vn -0.4304 -0.3652 -0.8255
vn -0.4312 -0.3631 -0.8260
vn -0.9418 0.2017 0.2690
vn -0.3284 -0.3806 -0.8645
vn -0.3285 -0.3806 -0.8645
vn -0.3221 -0.3809 -0.8667
vn 0.0550 -0.9213 0.3850
vn 0.0550 -0.9213 0.3851
vn -0.0552 -0.9057 0.4202
vn -0.0554 -0.9057 0.4202
vn 0.2873 0.8314 -0.4756
vn 0.2838 0.8329 -0.4751
vn 0.2805 0.8344 -0.4745
vn 0.4289 0.3594 0.8288
vn 0.4264 0.3584 0.8305
vn 0.4265 0.3583 0.8305
vn 0.4302 0.3599 0.8279
vn 0.1714 0.8757 -0.4514
vn 0.1637 0.8782 -0.4495
vn 0.3956 0.3744 0.8386
vn 0.3890 0.3751 0.8414
vn 0.0954 0.8970 -0.4315
vn 0.1737 0.8751 -0.4517
vn 0.0546 0.9059 -0.4201
vn 0.0547 0.9058 -0.4201
vn -0.2841 -0.8327 0.4752
vn -0.0550 0.9213 -0.3851
vn 0.3957 0.3744 0.8386
vn 0.4220 0.3697 0.8278
vn 0.4168 0.3711 0.8298
vn 0.4313 0.3634 0.8258
vn 0.4301 0.3654 0.8255
vn 0.4168 0.3712 0.8298
vn -0.0950 -0.8971 0.4314
vn -0.1748 0.9841 0.0315
vn -0.0849 0.9964 0.0001
vn -0.1630 0.9862 0.0274
vn 0.7437 0.4598 -0.4852
vn 0.0107 0.9135 -0.4066
vn 0.5931 -0.7953 0.1251
vn -0.4285 -0.3592 -0.8290
vn -0.4298 -0.3597 -0.8282
vn -0.4263 -0.3581 -0.8307
vn -0.4261 -0.3583 -0.8307
vn -0.0391 0.9991 -0.0191
vn -0.1538 0.9878 0.0243
vn -0.1617 0.9865 0.0267
vn -0.0401 0.9990 -0.0186
vn -0.2709 0.9604 0.0653
vn -0.2743 0.9593 0.0665
vn -0.2777 0.9583 0.0677
vn 0.1746 -0.9841 -0.0314
vn 0.2774 -0.9584 -0.0676
vn 0.2743 -0.9593 -0.0665
vn 0.1634 -0.9862 -0.0275
vn -0.4294 -0.0259 -0.9027
vn -0.4271 -0.0307 -0.9037
vn -0.4283 -0.0298 -0.9031
vn -0.4283 -0.0240 -0.9033
vn -0.3278 -0.0281 -0.9443
vn -0.3942 -0.0222 -0.9188
vn -0.3876 -0.0229 -0.9216
vn -0.3202 -0.0287 -0.9469
vn -0.3942 -0.0221 -0.9188
vn -0.4203 -0.0213 -0.9071
vn -0.4152 -0.0210 -0.9095
vn -0.4203 -0.0213 -0.9072
vn -0.4151 -0.0210 -0.9095
vn -0.9432 -0.0552 0.3276
vn -0.3269 -0.0279 -0.9447
vn -0.3201 -0.0287 -0.9469
vn -0.3265 -0.0277 -0.9448
vn 0.0630 0.9964 -0.0575
vn 0.0629 0.9964 -0.0575
vn 0.2707 -0.9605 -0.0651
vn 0.2740 -0.9595 -0.0662
vn 0.4268 0.0308 0.9038
vn 0.4279 0.0300 0.9033
vn 0.4246 0.0325 0.9048
vn 0.4244 0.0324 0.9049
vn 0.1536 -0.9878 -0.0239
vn 0.1612 -0.9866 -0.0264
vn 0.3266 0.0090 0.9451
vn 0.3490 0.0154 0.9370
vn 0.3529 0.0168 0.9355
vn 0.0849 -0.9964 -0.0001
vn 0.1745 -0.9842 -0.0314
vn 0.1634 -0.9862 -0.0274
vn 0.0448 -0.9989 0.0140
vn 0.0441 -0.9989 0.0142
vn 0.3530 0.0168 0.9355
vn 0.3491 0.0154 0.9370
vn 0.3873 0.0226 0.9217
vn 0.3938 0.0218 0.9189
vn -0.0655 -0.9965 0.0523
vn -0.0655 -0.9965 0.0522
vn 0.3939 0.0218 0.9189
vn 0.3873 0.0225 0.9217
vn 0.4151 0.0205 0.9095
vn 0.4205 0.0209 0.9071
vn 0.4284 0.0237 0.9033
vn 0.4293 0.0258 0.9028
vn 0.4284 0.0238 0.9033
vn 0.4279 0.0299 0.9033
vn -0.0845 0.9964 -0.0001
vn 0.2915 -0.9113 0.2909
vn 0.2040 -0.9221 0.3288
vn 0.2040 -0.9221 0.3289
vn 0.2801 -0.9132 0.2961
vn 0.7377 -0.6324 -0.2363
vn -0.0000 -0.9996 0.0293
vn 0.6018 0.7647 -0.2304
vn -0.4247 -0.0323 -0.9048
vn -0.4283 -0.0298 -0.9032
vn -0.9429 0.0790 0.3235
vn 0.1646 -0.9242 0.3446
vn 0.2714 -0.9146 0.2997
vn 0.2786 -0.9135 0.2965
vn 0.1644 -0.9242 0.3447
vn 0.3837 -0.8900 0.2463
vn 0.3870 -0.8891 0.2446
vn 0.3902 -0.8881 0.2430
vn 0.3869 -0.8891 0.2447
vn 0.3901 -0.8881 0.2430
vn -0.2912 0.9114 -0.2909
vn -0.3898 0.8882 -0.2431
vn -0.3869 0.8891 -0.2446
vn -0.2804 0.9132 -0.2958
vn -0.2223 -0.3807 -0.8976
vn -0.2254 -0.3764 -0.8986
vn -0.2240 -0.3771 -0.8987
vn -0.2233 -0.3825 -0.8966
vn -0.3272 -0.3805 -0.8650
vn -0.2591 -0.3854 -0.8856
vn -0.2660 -0.3849 -0.8838
vn -0.3348 -0.3799 -0.8623
vn -0.2315 -0.3853 -0.8933
vn -0.2369 -0.3858 -0.8916
vn -0.2224 -0.3806 -0.8976
vn -0.2233 -0.3824 -0.8966
vn 0.9271 0.0452 -0.3722
vn -0.3285 -0.3806 -0.8644
vn 0.1645 -0.9242 0.3446
vn -0.3834 0.8902 -0.2462
vn -0.3865 0.8892 -0.2447
vn 0.2257 0.3763 0.8986
vn 0.2244 0.3770 0.8986
vn 0.2283 0.3748 0.8986
vn 0.2284 0.3749 0.8985
vn -0.2708 0.9147 -0.2999
vn -0.2782 0.9136 -0.2966
vn 0.3354 0.3802 0.8619
vn 0.3277 0.3809 0.8646
vn -0.2040 0.9221 -0.3288
vn -0.2911 0.9114 -0.2909
vn -0.2707 0.9147 -0.2999
vn -0.1640 0.9242 -0.3449
vn -0.1638 0.9242 -0.3449
vn 0.2665 0.3853 0.8835
vn 0.2595 0.3858 0.8853
vn 0.2369 0.3862 0.8915
vn 0.2313 0.3857 0.8932
vn 0.2231 0.3827 0.8965
vn 0.2224 0.3809 0.8975
vn 0.2225 0.3808 0.8975
vn 0.2232 0.3827 0.8965
vn 0.2036 -0.9221 0.3290
vn 0.3019 0.9441 -0.1321
vn 0.2905 0.9482 -0.1283
vn 0.2145 0.9713 -0.1027
vn 0.2144 0.9713 -0.1026
vn -0.8064 0.5896 0.0466
vn -0.1203 0.9245 -0.3617
vn -0.5037 -0.7035 0.5014
vn -0.2283 -0.3751 -0.8985
vn -0.2281 -0.3750 -0.8985
vn 0.1673 0.9818 -0.0895
vn 0.1684 0.9816 -0.0897
vn 0.2894 0.9487 -0.1273
vn 0.2822 0.9512 -0.1250
vn 0.2993 0.0226 0.9539
vn 0.3034 0.0205 0.9526
vn 0.3937 0.9048 -0.1623
vn 0.3970 0.9031 -0.1635
vn 0.3969 0.9032 -0.1635
vn 0.4001 0.9016 -0.1646
vn -0.3015 -0.9443 0.1319
vn -0.2908 -0.9481 0.1283
vn -0.3969 -0.9032 0.1636
vn -0.3999 -0.9017 0.1645
vn -0.2205 -0.0434 -0.9744
vn -0.2212 -0.0414 -0.9744
vn -0.2226 -0.0473 -0.9738
vn -0.2240 -0.0479 -0.9734
vn -0.3253 -0.0281 -0.9452
vn -0.3330 -0.0274 -0.9425
vn -0.2639 -0.0331 -0.9640
vn -0.2570 -0.0335 -0.9658
vn -0.2347 -0.0360 -0.9714
vn -0.2291 -0.0372 -0.9727
vn -0.2211 -0.0413 -0.9744
vn 0.9256 -0.2117 -0.3137
vn -0.3254 -0.0281 -0.9452
vn 0.1683 0.9816 -0.0897
vn -0.3967 -0.9033 0.1634
vn -0.3935 -0.9049 0.1624
vn 0.2236 0.0476 0.9735
vn 0.2265 0.0488 0.9728
vn 0.2263 0.0489 0.9728
vn 0.2221 0.0470 0.9739
vn -0.3935 -0.9049 0.1623
vn -0.3966 -0.9033 0.1634
vn -0.2888 -0.9489 0.1272
vn -0.2813 -0.9515 0.1247
vn 0.2569 0.0338 0.9658
vn 0.2636 0.0336 0.9640
vn 0.3033 0.0205 0.9527
vn -0.2145 -0.9713 0.1026
vn -0.1744 -0.9806 0.0890
vn -0.1751 -0.9805 0.0892
vn 0.3970 0.9032 -0.1634
vn 0.2298 0.0369 0.9725
vn 0.2352 0.0356 0.9713
vn 0.2204 0.0432 0.9744
vn 0.2215 0.0411 0.9743
vn 0.2204 0.0432 0.9745
vn 0.2235 0.0476 0.9735
vn 0.2220 0.0470 0.9739
vn 0.2141 0.9714 -0.1025
vn -0.8124 -0.5026 0.2955
vn -0.1310 -0.9886 0.0743
vn -0.4950 0.8565 0.1459
vn -0.2227 -0.0473 -0.9737
vn -0.2266 -0.0492 -0.9727
vn -0.2268 -0.0491 -0.9727
vn 0.1857 -0.3650 0.9123
vn 0.2359 -0.3790 0.8948
vn 0.1767 -0.3624 0.9151
vn 0.9212 0.1882 0.3405
vn 0.9210 0.1883 0.3412
vn 0.2716 -0.3802 0.8841
vn 0.1928 -0.3704 0.9086
vn 0.1901 -0.3704 0.9092
vn 0.2716 -0.3803 0.8841
vn 0.1579 -0.3551 0.9214
vn 0.1641 -0.3570 0.9196
vn 0.1578 -0.3551 0.9214
vn 0.0978 -0.3349 0.9372
vn 0.1003 -0.3360 0.9365
vn 0.1080 -0.3394 0.9344
vn 0.1047 -0.3380 0.9353
vn 0.1004 -0.3360 0.9365
vn 0.3686 0.8860 0.2812
vn 0.4216 0.8662 0.2683
vn 0.4304 0.8625 0.2660
vn 0.3686 0.8861 0.2811
vn 0.4217 0.8662 0.2683
vn 0.4944 0.8332 0.2478
vn 0.4971 0.8318 0.2469
vn 0.4305 0.8625 0.2660
vn 0.4945 0.8331 0.2478
vn 0.4884 0.8366 0.2481
vn 0.4859 0.8379 0.2487
vn 0.4972 0.8318 0.2469
vn 0.3965 0.8765 0.2729
vn 0.3900 0.8789 0.2746
vn 0.2660 0.9116 0.3133
vn 0.2714 0.9108 0.3112
vn -0.4240 -0.8654 -0.2670
vn -0.3676 -0.8865 -0.2810
vn -0.4333 -0.8615 -0.2646
vn 0.3858 -0.3273 -0.8626
vn 0.3860 -0.3272 -0.8625
vn -0.1943 -0.9200 -0.3402
vn -0.2653 -0.9124 -0.3116
vn -0.2706 -0.9116 -0.3094
vn -0.1943 -0.9201 -0.3402
vn -0.3955 -0.8780 -0.2698
vn -0.3890 -0.8803 -0.2715
vn -0.3956 -0.8778 -0.2701
vn -0.4904 -0.8364 -0.2449
vn -0.4886 -0.8373 -0.2453
vn -0.4904 -0.8364 -0.2448
vn -0.5000 -0.8306 -0.2450
vn -0.5027 -0.8293 -0.2440
vn -0.4241 -0.8654 -0.2670
vn -0.4334 -0.8615 -0.2646
vn -0.2353 0.3789 -0.8950
vn -0.1824 0.3637 -0.9135
vn -0.1734 0.3610 -0.9163
vn -0.1024 0.3372 -0.9358
vn -0.0994 0.3359 -0.9366
vn -0.1025 0.3372 -0.9358
vn -0.0950 0.3352 -0.9374
vn -0.0976 0.3365 -0.9366
vn -0.0993 0.3359 -0.9366
vn -0.1569 0.3573 -0.9207
vn -0.1632 0.3591 -0.9189
vn -0.1570 0.3573 -0.9207
vn -0.1924 0.3718 -0.9082
vn -0.1897 0.3717 -0.9088
vn 0.6821 0.5374 -0.4960
vn 0.6534 -0.7524 0.0833
vn -0.3935 0.4112 0.8222
vn -0.3937 0.4112 0.8222
vn 0.6845 -0.3047 0.6623
vn 0.3015 0.9015 0.3106
vn 0.3015 0.9014 0.3106
vn 0.2232 -0.3808 0.8973
vn 0.2232 -0.3807 0.8973
vn 0.7898 0.5636 0.2420
vn 0.7898 0.5636 0.2421
vn -0.9161 -0.1030 -0.3875
vn -0.9162 -0.1028 -0.3873
vn -0.9164 -0.1026 -0.3870
vn -0.9162 -0.1027 -0.3872
vn 0.1359 -0.8394 -0.5263
vn 0.1359 -0.8393 -0.5264
vn -0.2809 0.3953 -0.8746
vn -0.2809 0.3952 -0.8746
vn -0.3579 -0.8883 -0.2880
vn -0.3579 -0.8883 -0.2879
vn 0.2454 0.0715 -0.9668
vn 0.2455 0.0715 -0.9668
vn 0.8924 0.1747 -0.4161
vn 0.9384 -0.2355 -0.2528
vn -0.6381 0.7642 -0.0943
vn -0.7243 -0.4858 0.4893
vn 0.8272 -0.5577 -0.0686
vn 0.2659 0.9116 0.3134
vn 0.1938 0.9198 0.3411
vn 0.1937 0.9199 0.3410
vn -0.2713 0.3808 -0.8840
vn 0.1815 0.7227 0.6669
vn 0.2405 0.7283 0.6417
vn 0.2405 0.7282 0.6417
vn 0.1904 0.7238 0.6632
vn 0.9200 -0.0317 0.3907
vn 0.9197 -0.0317 0.3913
vn 0.2786 0.7195 0.6362
vn 0.2423 0.7215 0.6486
vn 0.2436 0.7215 0.6482
vn 0.1708 0.7168 0.6760
vn 0.1646 0.7160 0.6785
vn 0.1072 0.7066 0.6994
vn 0.1047 0.7061 0.7003
vn 0.1105 0.7093 0.6962
vn 0.1137 0.7104 0.6946
vn 0.1105 0.7093 0.6961
vn 0.3586 -0.6827 0.6366
vn 0.4212 -0.6689 0.6125
vn 0.4123 -0.6711 0.6161
vn 0.4892 -0.6482 0.5835
vn 0.4863 -0.6494 0.5846
vn 0.4784 -0.6501 0.5904
vn 0.4809 -0.6494 0.5892
vn 0.4783 -0.6501 0.5904
vn 0.3819 -0.6739 0.6324
vn 0.3885 -0.6726 0.6299
vn 0.4808 -0.6494 0.5892
vn 0.3819 -0.6739 0.6325
vn 0.2624 -0.6908 0.6737
vn 0.2594 -0.6910 0.6747
vn 0.3884 -0.6726 0.6299
vn -0.4246 0.6681 -0.6110
vn -0.3592 0.6826 -0.6364
vn -0.4154 0.6704 -0.6149
vn 0.3871 -0.0827 -0.9183
vn 0.3873 -0.0828 -0.9182
vn -0.1855 0.6822 -0.7072
vn -0.2624 0.6862 -0.6785
vn -0.2576 0.6860 -0.6805
vn -0.2625 0.6862 -0.6784
vn -0.3815 0.6754 -0.6311
vn -0.3880 0.6741 -0.6285
vn -0.4804 0.6508 -0.5879
vn -0.4822 0.6503 -0.5871
vn -0.3881 0.6741 -0.6285
vn -0.4805 0.6507 -0.5880
vn -0.4941 0.6471 -0.5807
vn -0.4913 0.6481 -0.5818
vn -0.4247 0.6681 -0.6110
vn -0.4154 0.6704 -0.6148
vn -0.2411 -0.7289 -0.6408
vn -0.1785 -0.7225 -0.6679
vn -0.1877 -0.7231 -0.6647
vn -0.2411 -0.7286 -0.6411
vn -0.1784 -0.7225 -0.6680
vn -0.1043 -0.7080 -0.6985
vn -0.1073 -0.7090 -0.6970
vn -0.1875 -0.7236 -0.6643
vn -0.1042 -0.7081 -0.6983
vn -0.1038 -0.7066 -0.7000
vn -0.1012 -0.7059 -0.7011
vn -0.1074 -0.7090 -0.6970
vn -0.1703 -0.7183 -0.6746
vn -0.1640 -0.7174 -0.6771
vn -0.1965 -0.7258 -0.6593
vn -0.1992 -0.7255 -0.6588
vn 0.6752 -0.7064 -0.2126
vn 0.6615 0.7073 -0.2493
vn -0.3962 -0.0103 0.9181
vn -0.3959 -0.0102 0.9182
vn -0.3956 -0.0102 0.9184
vn -0.3957 -0.0102 0.9183
vn 0.6892 0.5543 0.4666
vn 0.6893 0.5543 0.4665
vn 0.2927 -0.6811 0.6711
vn 0.2927 -0.6810 0.6712
vn 0.2927 -0.6810 0.6713
vn 0.2927 -0.6811 0.6712
vn 0.2294 0.7295 0.6443
vn 0.2294 0.7296 0.6443
vn 0.7844 -0.4114 0.4642
vn 0.7843 -0.4114 0.4643
vn -0.9162 -0.0654 -0.3954
vn -0.9160 -0.0655 -0.3958
vn 0.1434 0.5270 -0.8377
vn 0.1435 0.5270 -0.8377
vn 0.1434 0.5269 -0.8377
vn -0.2872 -0.7321 -0.6177
vn -0.2871 -0.7322 -0.6176
vn -0.3492 0.6795 -0.6452
vn 0.2424 -0.4859 -0.8397
vn 0.2423 -0.4859 -0.8398
vn 0.2424 -0.4859 -0.8398
vn 0.8895 -0.3471 -0.2972
vn 0.9402 0.0928 -0.3276
vn 0.9402 0.0929 -0.3276
vn -0.6463 -0.7228 0.2446
vn -0.7179 0.6575 0.2288
vn 0.8329 0.4641 -0.3014
vn 0.1819 -0.6935 0.6971
vn 0.1820 -0.6936 0.6970
vn 0.2593 -0.6910 0.6747
vn -0.2776 -0.7234 -0.6322
vn -0.2776 -0.7233 -0.6323
vn 0.3672 -0.3804 0.8488
vn 0.3067 -0.3870 0.8696
vn 0.3068 -0.3873 0.8694
vn 0.3582 -0.3815 0.8521
vn -0.4808 0.3056 0.8219
vn -0.4805 0.3058 0.8220
vn 0.3520 -0.3828 0.8542
vn 0.3496 -0.3822 0.8554
vn 0.3803 -0.3730 0.8463
vn 0.3865 -0.3721 0.8439
vn 0.4427 -0.3635 0.8197
vn 0.4452 -0.3631 0.8185
vn 0.4428 -0.3635 0.8197
vn 0.4385 -0.3668 0.8205
vn 0.4352 -0.3679 0.8217
vn 0.0164 0.9167 0.3992
vn -0.0451 0.9035 0.4262
vn -0.0363 0.9057 0.4224
vn -0.1129 0.8829 0.4557
vn -0.1102 0.8840 0.4543
vn -0.1006 0.8858 0.4531
vn -0.1032 0.8850 0.4541
vn -0.0028 0.9100 0.4146
vn -0.0093 0.9087 0.4173
vn -0.1032 0.8850 0.4540
vn -0.0027 0.9100 0.4145
vn 0.1158 0.9222 0.3689
vn 0.1213 0.9223 0.3670
vn 0.0487 -0.9026 -0.4276
vn -0.0159 -0.9166 -0.3995
vn 0.0394 -0.9049 -0.4237
vn -0.8752 -0.2218 -0.4299
vn -0.8755 -0.2215 -0.4294
vn -0.1155 -0.9230 -0.3669
vn -0.1210 -0.9230 -0.3653
vn -0.1154 -0.9231 -0.3670
vn 0.0040 -0.9112 -0.4119
vn 0.0105 -0.9099 -0.4146
vn 0.0039 -0.9110 -0.4124
vn 0.1038 -0.8858 -0.4524
vn 0.1056 -0.8852 -0.4531
vn 0.1037 -0.8857 -0.4525
vn 0.1184 -0.8815 -0.4572
vn 0.1157 -0.8825 -0.4559
vn 0.0395 -0.9049 -0.4237
vn -0.3059 0.3874 -0.8697
vn -0.3702 0.3802 -0.8476
vn -0.3611 0.3807 -0.8513
vn -0.4446 0.3655 -0.8178
vn -0.4415 0.3666 -0.8190
vn -0.3611 0.3814 -0.8510
vn -0.4446 0.3658 -0.8176
vn -0.4457 0.3638 -0.8180
vn -0.4483 0.3631 -0.8168
vn -0.3800 0.3749 -0.8456
vn -0.3863 0.3741 -0.8431
vn -0.4483 0.3630 -0.8168
vn -0.3513 0.3841 -0.8539
vn -0.3489 0.3836 -0.8551
vn -0.7534 0.6576 -0.0035
vn -0.5697 -0.6500 0.5029
vn 0.8692 0.3055 0.3888
vn 0.8691 0.3055 0.3890
vn -0.1739 -0.2328 0.9568
vn -0.1739 -0.2329 0.9568
vn 0.0891 0.9193 0.3834
vn 0.0891 0.9192 0.3835
vn 0.0891 0.9193 0.3835
vn 0.3171 -0.3887 0.8651
vn 0.3170 -0.3886 0.8651
vn -0.3831 0.6618 0.6444
vn -0.3829 0.6618 0.6445
vn -0.3830 0.6618 0.6444
vn 0.4618 -0.2181 -0.8597
vn 0.4613 -0.2181 -0.8600
vn -0.5519 -0.7817 -0.2903
vn -0.5518 -0.7817 -0.2904
vn -0.5519 -0.7817 -0.2904
vn -0.2561 0.3932 -0.8831
vn -0.0295 -0.9158 -0.4006
vn -0.0295 -0.9158 -0.4007
vn -0.7702 0.1566 -0.6183
vn -0.9223 0.3267 0.2065
vn -0.9196 -0.0800 0.3847
vn 0.5528 0.6645 -0.5029
vn 0.7898 -0.6126 -0.0302
vn -0.7686 -0.4240 0.4789
vn 0.1214 0.9223 0.3670
vn -0.3513 0.3840 -0.8539
vn -0.2714 0.3808 -0.8839
vn 0.3638 0.7078 0.6055
vn 0.3121 0.7209 0.6188
vn 0.3729 0.7052 0.6030
vn -0.4820 0.0857 0.8720
vn -0.4817 0.0857 0.8721
vn 0.3131 0.7160 0.6240
vn 0.3143 0.7158 0.6235
vn 0.3924 0.6981 0.5989
vn 0.3861 0.7002 0.6006
vn 0.3144 0.7158 0.6235
vn 0.4515 0.6776 0.5805
vn 0.4491 0.6787 0.5811
vn 0.3862 0.7000 0.6007
vn 0.4516 0.6776 0.5804
vn 0.4414 0.6821 0.5831
vn 0.4447 0.6807 0.5822
vn 0.4413 0.6821 0.5831
vn 0.4446 0.6807 0.5822
vn 0.0080 -0.6511 0.7589
vn -0.0440 -0.6306 0.7749
vn -0.0528 -0.6269 0.7773
vn 0.0080 -0.6512 0.7589
vn -0.1178 -0.5982 0.7927
vn -0.1206 -0.5969 0.7932
vn -0.1124 -0.6021 0.7905
vn -0.1099 -0.6033 0.7899
vn -0.0211 -0.6427 0.7658
vn -0.0147 -0.6452 0.7638
vn -0.0210 -0.6427 0.7658
vn 0.1051 -0.6826 0.7232
vn 0.1021 -0.6819 0.7243
vn -0.0146 -0.6452 0.7638
vn 0.0467 0.6300 -0.7752
vn -0.0087 0.6518 -0.7584
vn -0.0088 0.6517 -0.7584
vn 0.0560 0.6261 -0.7777
vn -0.8739 0.0228 -0.4857
vn -0.8742 0.0229 -0.4851
vn -0.1115 0.6765 -0.7280
vn -0.1064 0.6759 -0.7292
vn 0.0210 0.6438 -0.7649
vn 0.0145 0.6462 -0.7630
vn 0.0212 0.6440 -0.7647
vn 0.1159 0.6028 -0.7894
vn 0.1142 0.6037 -0.7890
vn 0.1160 0.6029 -0.7894
vn 0.1241 0.5961 -0.7932
vn 0.1271 0.5949 -0.7937
vn 0.1241 0.5962 -0.7932
vn 0.0468 0.6300 -0.7752
vn 0.1270 0.5949 -0.7937
vn -0.3126 -0.7208 -0.6187
vn -0.3673 -0.7066 -0.6048
vn -0.3763 -0.7040 -0.6023
vn -0.3127 -0.7208 -0.6186
vn -0.4468 -0.6799 -0.5814
vn -0.4499 -0.6786 -0.5806
vn -0.3764 -0.7040 -0.6023
vn -0.4539 -0.6776 -0.5787
vn -0.4512 -0.6788 -0.5793
vn -0.4538 -0.6776 -0.5787
vn -0.3924 -0.7000 -0.5967
vn -0.3862 -0.7018 -0.5986
vn -0.3551 -0.7133 -0.6042
vn -0.3576 -0.7131 -0.6030
vn -0.7603 -0.5862 0.2799
vn -0.5616 0.8097 0.1703
vn 0.8668 -0.1160 0.4850
vn 0.8668 -0.1160 0.4849
vn -0.1692 0.6262 0.7611
vn 0.0803 -0.6633 0.7440
vn 0.0803 -0.6632 0.7441
vn 0.0803 -0.6633 0.7441
vn 0.3232 0.7217 0.6121
vn -0.3884 -0.3132 0.8666
vn -0.3884 -0.3132 0.8667
vn -0.3884 -0.3133 0.8666
vn 0.4616 -0.1808 -0.8685
vn -0.5443 0.5845 -0.6017
vn -0.5443 0.5845 -0.6018
vn -0.2624 -0.7342 -0.6262
vn -0.2624 -0.7342 -0.6261
vn -0.0207 0.6521 -0.7579
vn -0.0208 0.6520 -0.7579
vn -0.0208 0.6521 -0.7579
vn -0.7733 -0.4008 -0.4913
vn -0.7733 -0.4008 -0.4912
vn -0.9252 -0.1952 0.3254
vn -0.9178 0.2484 0.3099
vn 0.5446 -0.8225 -0.1640
vn 0.5445 -0.8225 -0.1640
vn 0.7962 0.5307 -0.2907
vn -0.7630 0.5978 0.2461
vn 0.1820 -0.6935 0.6971
vn 0.1021 -0.6819 0.7242
vn -0.3552 -0.7133 -0.6042
vn -0.0954 -0.8971 0.4315
vn -0.0954 -0.8970 0.4315
vn -0.4149 -0.3524 -0.8388
vn 0.4151 0.3523 0.8388
vn -0.4131 -0.0414 -0.9097
vn -0.4132 -0.0414 -0.9097
vn 0.4134 0.0415 0.9096
vn -0.2414 -0.3669 -0.8984
vn -0.2414 -0.3670 -0.8984
vn 0.2412 0.3669 0.8985
vn -0.2396 -0.0559 -0.9693
vn -0.2397 -0.0559 -0.9692
vn -0.2396 -0.0560 -0.9693
vn 0.2395 0.0560 0.9693
vn 0.2394 0.0560 0.9693
vn 0.2395 0.0561 0.9693
vt 0.409472 0.151896
vt 0.412790 0.149334
vt 0.408987 0.148447
vt 0.412790 0.122891
vt 0.408896 0.118605
vt 0.408987 0.122025
vt 0.409472 0.151841
vt 0.409368 0.148419
vt 0.412790 0.149279
vt 0.412790 0.122836
vt 0.409368 0.121997
vt 0.408896 0.118550
vt 0.401346 0.163763
vt 0.404630 0.168189
vt 0.404919 0.164432
vt 0.405018 0.136905
vt 0.408659 0.137076
vt 0.409465 0.133379
vt 0.442051 0.174650
vt 0.443272 0.172750
vt 0.436567 0.169901
vt 0.452893 0.138793
vt 0.452368 0.136942
vt 0.444242 0.140035
vt 0.433623 0.152187
vt 0.425094 0.153336
vt 0.432689 0.157496
vt 0.401346 0.163694
vt 0.405261 0.164411
vt 0.404630 0.168120
vt 0.405018 0.136836
vt 0.409465 0.133310
vt 0.409001 0.137055
vt 0.442051 0.174581
vt 0.436908 0.169879
vt 0.443272 0.172680
vt 0.452893 0.138724
vt 0.444583 0.140013
vt 0.452368 0.136873
vt 0.433623 0.152118
vt 0.432689 0.157427
vt 0.425435 0.153315
vt 0.409968 0.466210
vt 0.409481 0.469692
vt 0.413299 0.468803
vt 0.413299 0.495707
vt 0.409482 0.496575
vt 0.409390 0.500085
vt 0.409968 0.466416
vt 0.413299 0.469010
vt 0.409864 0.469928
vt 0.413299 0.495914
vt 0.409390 0.500291
vt 0.409864 0.496811
vt 0.401346 0.455953
vt 0.404919 0.455335
vt 0.404630 0.451543
vt 0.405018 0.482603
vt 0.409465 0.486083
vt 0.408659 0.482478
vt 0.442051 0.444982
vt 0.436567 0.449781
vt 0.443272 0.446861
vt 0.452894 0.480531
vt 0.444242 0.479398
vt 0.452368 0.482373
vt 0.433623 0.467306
vt 0.432689 0.462040
vt 0.425094 0.466268
vt 0.401346 0.455774
vt 0.404630 0.451364
vt 0.405261 0.454980
vt 0.405018 0.482423
vt 0.409001 0.482123
vt 0.409465 0.485903
vt 0.442051 0.444803
vt 0.443272 0.446682
vt 0.436908 0.449427
vt 0.452894 0.480352
vt 0.452368 0.482195
vt 0.444583 0.479044
vt 0.433623 0.467127
vt 0.425435 0.465914
vt 0.432689 0.461861
vt 0.137145 0.151896
vt 0.137630 0.148447
vt 0.133827 0.149334
vt 0.133827 0.122891
vt 0.137630 0.122025
vt 0.137721 0.118605
vt 0.137145 0.151841
vt 0.133827 0.149279
vt 0.137249 0.148419
vt 0.133827 0.122836
vt 0.137721 0.118550
vt 0.137249 0.121997
vt 0.145272 0.163763
vt 0.141698 0.164432
vt 0.141987 0.168189
vt 0.141600 0.136905
vt 0.137152 0.133379
vt 0.137958 0.137076
vt 0.104566 0.174651
vt 0.110050 0.169901
vt 0.103345 0.172750
vt 0.093724 0.138793
vt 0.102376 0.140035
vt 0.094250 0.136942
vt 0.112994 0.152187
vt 0.113928 0.157496
vt 0.121523 0.153336
vt 0.145272 0.163694
vt 0.141987 0.168120
vt 0.141357 0.164411
vt 0.141600 0.136836
vt 0.137617 0.137055
vt 0.137152 0.133310
vt 0.104566 0.174581
vt 0.103345 0.172681
vt 0.109709 0.169879
vt 0.093724 0.138724
vt 0.094250 0.136873
vt 0.102035 0.140013
vt 0.112994 0.152118
vt 0.121182 0.153315
vt 0.113928 0.157426
vt 0.136649 0.466210
vt 0.133319 0.468803
vt 0.137136 0.469692
vt 0.133319 0.495707
vt 0.137227 0.500085
vt 0.137136 0.496575
vt 0.136649 0.466416
vt 0.136754 0.469928
vt 0.133319 0.469010
vt 0.133319 0.495914
vt 0.136753 0.496811
vt 0.137227 0.500291
vt 0.145272 0.455953
vt 0.141987 0.451543
vt 0.141698 0.455335
vt 0.141600 0.482603
vt 0.137958 0.482478
vt 0.137152 0.486083
vt 0.104566 0.444982
vt 0.103345 0.446861
vt 0.110050 0.449781
vt 0.093724 0.480531
vt 0.094250 0.482373
vt 0.102376 0.479398
vt 0.112994 0.467306
vt 0.121523 0.466268
vt 0.113928 0.462040
vt 0.145272 0.455774
vt 0.141357 0.454980
vt 0.141987 0.451364
vt 0.141600 0.482423
vt 0.137152 0.485903
vt 0.137617 0.482123
vt 0.104566 0.444803
vt 0.109709 0.449427
vt 0.103345 0.446682
vt 0.093724 0.480352
vt 0.102035 0.479044
vt 0.094250 0.482195
vt 0.112994 0.467127
vt 0.113928 0.461861
vt 0.121182 0.465913
vt 0.291594 0.118309
vt 0.291972 0.118306
vt 0.311349 0.121018
vt 0.311349 0.121073
vt 0.273309 0.113224
vt 0.285989 0.114175
vt 0.285823 0.087736
vt 0.273309 0.086797
vt 0.336709 0.129458
vt 0.342623 0.131762
vt 0.362070 0.139514
vt 0.362070 0.139569
vt 0.362070 0.139569
vt 0.362070 0.139514
vt 0.387430 0.148220
vt 0.387430 0.148275
vt 0.387430 0.115075
vt 0.387430 0.115019
vt 0.362070 0.106353
vt 0.362070 0.106408
vt 0.363722 0.136478
vt 0.361128 0.109512
vt 0.386776 0.118281
vt 0.388564 0.145002
vt 0.286154 0.114130
vt 0.285989 0.087689
vt 0.310731 0.091156
vt 0.312372 0.117767
vt 0.312370 0.117773
vt 0.310733 0.091153
vt 0.335789 0.099441
vt 0.338071 0.126262
vt 0.338068 0.126266
vt 0.335791 0.099438
vt 0.361128 0.109512
vt 0.363723 0.136477
vt 0.273309 0.113164
vt 0.273309 0.086737
vt 0.286153 0.114128
vt 0.273309 0.116572
vt 0.273309 0.116517
vt 0.280522 0.117059
vt 0.280830 0.117137
vt 0.362070 0.106408
vt 0.362070 0.106352
vt 0.336709 0.096274
vt 0.341964 0.098419
vt 0.388081 0.145012
vt 0.386291 0.118292
vt 0.330726 0.094349
vt 0.336709 0.096274
vt 0.311349 0.087889
vt 0.311349 0.087944
vt 0.311967 0.117806
vt 0.310325 0.091195
vt 0.285824 0.087734
vt 0.387430 0.115019
vt 0.292104 0.085197
vt 0.291717 0.085198
vt 0.331273 0.127604
vt 0.280886 0.084014
vt 0.280596 0.083936
vt 0.273309 0.083389
vt 0.273309 0.083444
vt 0.311966 0.117810
vt 0.337557 0.126262
vt 0.335231 0.099431
vt 0.310328 0.091189
vt 0.337555 0.126265
vt 0.363010 0.136409
vt 0.360409 0.109443
vt 0.335234 0.099427
vt 0.363009 0.136410
vt 0.388081 0.145013
vt 0.386291 0.118291
vt 0.360410 0.109442
vt 0.387846 0.469994
vt 0.387846 0.470200
vt 0.388565 0.145001
vt 0.386776 0.118282
vt 0.286035 0.501676
vt 0.311488 0.498012
vt 0.311488 0.498219
vt 0.292074 0.501011
vt 0.336940 0.489388
vt 0.331513 0.491438
vt 0.362393 0.478980
vt 0.362393 0.479186
vt 0.342848 0.487173
vt 0.387846 0.469994
vt 0.387846 0.470200
vt 0.387846 0.503776
vt 0.362393 0.512711
vt 0.362393 0.512918
vt 0.387846 0.503982
vt 0.364053 0.482295
vt 0.388984 0.473498
vt 0.387189 0.500696
vt 0.361450 0.509738
vt 0.292721 0.505188
vt 0.312517 0.501560
vt 0.310868 0.528620
vt 0.286035 0.532195
vt 0.312515 0.501552
vt 0.338313 0.492825
vt 0.336018 0.520099
vt 0.310870 0.528624
vt 0.338309 0.492819
vt 0.364054 0.482297
vt 0.361450 0.509737
vt 0.336020 0.520102
vt 0.273309 0.506269
vt 0.280848 0.505367
vt 0.273309 0.533131
vt 0.273309 0.502610
vt 0.280554 0.502284
vt 0.273309 0.502822
vt 0.342187 0.520934
vt 0.336940 0.523283
vt 0.388499 0.473282
vt 0.386702 0.500477
vt 0.330963 0.525107
vt 0.311488 0.531699
vt 0.311488 0.531907
vt 0.336940 0.523283
vt 0.273309 0.505899
vt 0.273309 0.532847
vt 0.286035 0.531881
vt 0.286835 0.504938
vt 0.387846 0.503776
vt 0.286228 0.535335
vt 0.292167 0.534683
vt 0.286835 0.504936
vt 0.310458 0.528359
vt 0.312107 0.501299
vt 0.286229 0.535349
vt 0.273309 0.536300
vt 0.273309 0.536506
vt 0.280627 0.535966
vt 0.312105 0.501294
vt 0.310462 0.528367
vt 0.335454 0.519892
vt 0.337788 0.492597
vt 0.337786 0.492594
vt 0.335457 0.519897
vt 0.360725 0.509602
vt 0.363334 0.482160
vt 0.363334 0.482160
vt 0.360726 0.509603
vt 0.386703 0.500478
vt 0.388499 0.473281
vt 0.159187 0.148275
vt 0.159187 0.148220
vt 0.388985 0.473500
vt 0.387189 0.500695
vt 0.255030 0.118308
vt 0.235268 0.121073
vt 0.235268 0.121018
vt 0.254650 0.118305
vt 0.235268 0.121073
vt 0.209908 0.129458
vt 0.215316 0.127613
vt 0.235268 0.121018
vt 0.184548 0.139569
vt 0.184548 0.139514
vt 0.204022 0.131751
vt 0.184548 0.139514
vt 0.159187 0.115074
vt 0.184548 0.106408
vt 0.184548 0.106353
vt 0.159187 0.115019
vt 0.182894 0.136479
vt 0.158053 0.145003
vt 0.159841 0.118281
vt 0.185488 0.109512
vt 0.260458 0.114098
vt 0.234243 0.117759
vt 0.235886 0.091152
vt 0.260628 0.087688
vt 0.234245 0.117765
vt 0.208541 0.126250
vt 0.210827 0.099437
vt 0.235884 0.091148
vt 0.208544 0.126254
vt 0.182893 0.136478
vt 0.185488 0.109513
vt 0.210825 0.099435
vt 0.260459 0.114095
vt 0.260628 0.087688
vt 0.273309 0.086737
vt 0.265783 0.117137
vt 0.266091 0.117060
vt 0.204680 0.098408
vt 0.209908 0.096274
vt 0.158536 0.145011
vt 0.160327 0.118292
vt 0.215864 0.094359
vt 0.235268 0.087945
vt 0.235268 0.087889
vt 0.209908 0.096274
vt 0.260798 0.087768
vt 0.260628 0.114175
vt 0.159187 0.115074
vt 0.235268 0.087945
vt 0.254906 0.085197
vt 0.254519 0.085196
vt 0.235268 0.087889
vt 0.260628 0.114175
vt 0.260797 0.087766
vt 0.236294 0.091203
vt 0.234652 0.117810
vt 0.265727 0.084014
vt 0.266017 0.083936
vt 0.234653 0.117814
vt 0.236290 0.091197
vt 0.211389 0.099437
vt 0.209064 0.126269
vt 0.209066 0.126272
vt 0.211386 0.099433
vt 0.186209 0.109443
vt 0.183610 0.136409
vt 0.183610 0.136409
vt 0.186208 0.109442
vt 0.160326 0.118291
vt 0.158537 0.145012
vt 0.158771 0.469994
vt 0.158771 0.470201
vt 0.158052 0.145001
vt 0.159842 0.118282
vt 0.260582 0.501675
vt 0.254540 0.501010
vt 0.235130 0.498219
vt 0.235130 0.498012
vt 0.273309 0.505899
vt 0.259782 0.504939
vt 0.260582 0.531880
vt 0.273309 0.532847
vt 0.209677 0.489388
vt 0.203741 0.487161
vt 0.184224 0.479186
vt 0.184224 0.478979
vt 0.158771 0.503776
vt 0.158771 0.503983
vt 0.184224 0.512918
vt 0.184224 0.512711
vt 0.182566 0.482296
vt 0.185169 0.509738
vt 0.159428 0.500696
vt 0.157633 0.473499
vt 0.253932 0.505166
vt 0.260582 0.532194
vt 0.235750 0.528615
vt 0.234103 0.501552
vt 0.234105 0.501544
vt 0.235748 0.528620
vt 0.210601 0.520095
vt 0.208310 0.492813
vt 0.208313 0.492807
vt 0.210599 0.520099
vt 0.185170 0.509737
vt 0.182565 0.482298
vt 0.265741 0.505341
vt 0.273309 0.502822
vt 0.266065 0.502284
vt 0.260582 0.501675
vt 0.209677 0.523283
vt 0.204403 0.520923
vt 0.158118 0.473282
vt 0.159915 0.500477
vt 0.215682 0.525116
vt 0.235130 0.531906
vt 0.235130 0.531700
vt 0.259783 0.504937
vt 0.234509 0.501303
vt 0.236158 0.528366
vt 0.260582 0.531881
vt 0.254445 0.534682
vt 0.260389 0.535335
vt 0.215133 0.491448
vt 0.209677 0.489388
vt 0.260388 0.535349
vt 0.265995 0.535966
vt 0.234510 0.501299
vt 0.208826 0.492605
vt 0.211161 0.519898
vt 0.236154 0.528374
vt 0.208828 0.492602
vt 0.183280 0.482160
vt 0.185890 0.509601
vt 0.211158 0.519903
vt 0.183281 0.482159
vt 0.158119 0.473281
vt 0.159914 0.500478
vt 0.185890 0.509602
vt 0.157632 0.473501
vt 0.159428 0.500695
vt 0.387430 0.148275
vt 0.387430 0.148219
s 0
usemtl Police_Badge
f 1256/431/421 1257/432/421 1258/433/421
f 1259/434/422 1260/435/422 1261/436/422
f 1262/437/423 1263/438/423 1264/439/423
f 1265/440/424 1266/441/424 1267/442/424
f 1268/443/425 1269/444/425 1270/445/425
f 1271/446/426 1272/447/426 1273/448/426
f 1274/449/427 1275/450/427 1276/451/427
f 1277/452/428 1278/453/428 1279/454/428
f 1280/455/429 1281/456/429 1282/457/429
f 1283/458/430 1284/459/430 1285/460/430
s 1
f 1286/461/431 1287/462/431 1288/463/431
s 0
f 1289/464/432 1290/465/432 1291/466/432
f 1292/467/433 1293/468/433 1294/469/433
f 1295/470/434 1296/471/434 1297/472/434
f 1298/473/435 1299/474/435 1300/475/435
f 1301/476/436 1302/477/436 1303/478/436
f 1304/479/437 1305/480/437 1306/481/437
f 1307/482/438 1308/483/438 1309/484/438
f 1310/485/439 1311/486/439 1312/487/439
f 1313/488/440 1314/489/440 1315/490/440
f 1316/491/441 1317/492/441 1318/493/441
f 1319/494/442 1320/495/442 1321/496/442
f 1322/497/443 1323/498/443 1324/499/443
f 1325/500/444 1326/501/444 1327/502/444
f 1328/503/445 1329/504/445 1330/505/445
f 1331/506/446 1332/507/446 1333/508/446
f 1334/509/447 1335/510/447 1336/511/447
f 1337/512/448 1338/513/448 1339/514/448
f 1340/515/449 1341/516/449 1342/517/449
f 1343/518/450 1344/519/450 1345/520/450
f 1346/521/451 1347/522/451 1348/523/451
f 1349/524/452 1350/525/452 1351/526/452
f 1352/527/453 1353/528/453 1354/529/453
f 1355/530/454 1356/531/454 1357/532/454
f 1358/533/455 1359/534/455 1360/535/455
f 1361/536/456 1362/537/456 1363/538/456
f 1364/539/457 1365/540/457 1366/541/457
f 1367/542/458 1368/543/458 1369/544/458
f 1370/545/459 1371/546/459 1372/547/459
f 1373/548/460 1374/549/460 1375/550/460
f 1376/551/461 1377/552/461 1378/553/461
f 1379/554/462 1380/555/462 1381/556/462
f 1382/557/463 1383/558/463 1384/559/463
f 1385/560/464 1386/561/464 1387/562/464
f 1388/563/465 1389/564/465 1390/565/465
f 1391/566/466 1392/567/466 1393/568/466
f 1394/569/467 1395/570/467 1396/571/467
f 1397/572/468 1398/573/468 1399/574/468
f 1400/575/469 1401/576/469 1402/577/469
f 1403/578/470 1404/579/470 1405/580/470
f 1406/581/471 1407/582/471 1408/583/471
f 1409/584/472 1410/585/472 1411/586/472
f 1412/587/473 1413/588/473 1414/589/473
f 1415/590/474 1416/591/474 1417/592/474
f 1418/593/475 1419/594/475 1420/595/475
f 1421/596/476 1422/597/476 1423/598/476
f 791/432/477 792/439/477 793/440/477
f 791/432/477 793/440/477 794/434/477
s 1
f 795/599/478 796/600/479 797/601/480
f 795/599/478 797/601/480 798/602/481
f 799/603/482 800/604/483 801/605/484
f 799/603/482 801/605/484 802/606/485
f 803/607/486 804/608/487 805/609/488
f 803/607/486 805/609/488 806/610/489
f 807/611/489 808/612/488 809/613/490
f 807/611/489 809/613/490 810/614/491
f 811/615/492 812/616/493 813/617/494
f 811/615/492 813/617/494 814/618/495
f 815/619/496 816/620/497 817/621/498
f 815/619/496 817/621/498 818/622/499
f 819/623/500 820/624/501 821/625/502
f 819/623/500 821/625/502 822/626/503
f 823/627/503 824/628/502 825/629/504
f 823/627/503 825/629/504 826/630/505
f 827/631/506 828/632/507 829/633/508
f 827/631/506 829/633/508 830/634/509
s 0
f 831/446/510 832/461/510 833/458/510
f 831/446/510 833/458/510 834/443/510
s 1
f 835/635/511 836/636/512 820/624/513
f 835/635/511 820/624/513 837/637/500
f 838/638/514 839/639/515 840/640/516
f 838/638/514 840/640/516 841/641/517
f 842/642/518 843/643/494 844/644/519
f 842/642/518 844/644/519 845/645/520
f 846/646/521 847/433/522 848/436/523
f 846/646/521 848/436/523 849/647/524
f 850/648/520 851/649/519 852/650/525
f 850/648/520 852/650/525 853/651/526
f 800/604/483 854/652/527 855/653/528
f 800/604/483 855/653/528 856/654/484
f 857/435/529 858/442/529 859/655/530
f 857/435/529 859/655/530 811/615/492
f 853/651/526 852/650/525 860/656/531
f 853/651/526 860/656/531 861/657/532
f 798/602/481 797/601/480 862/658/533
f 798/602/481 862/658/533 803/607/486
f 863/659/532 864/660/531 865/661/534
f 863/659/532 865/661/534 866/662/534
f 867/663/535 868/664/536 869/665/537
f 867/663/535 869/665/537 870/666/528
f 871/667/536 872/668/538 873/669/539
f 871/667/536 873/669/539 874/670/540
f 875/671/538 876/672/521 877/673/524
f 875/671/538 877/673/524 878/674/539
s 0
f 879/444/541 880/460/541 881/464/541
f 879/444/541 881/464/541 882/449/541
s 1
f 883/675/542 884/473/543 885/479/543
f 883/675/542 885/479/543 886/676/544
s 0
f 892/450/545 893/466/545 894/471/545
f 892/450/545 894/471/545 895/457/545
f 901/453/546 902/469/546 903/462/546
f 901/453/546 903/462/546 904/448/546
f 905/455/547 906/470/547 907/467/547
f 905/455/547 907/467/547 908/452/547
s 1
f 909/677/548 910/678/549 911/441/550
f 909/677/548 911/441/550 912/438/551
s 0
f 913/475/477 914/476/477 915/482/477
f 913/475/477 915/482/477 916/480/477
s 1
f 917/679/552 918/680/553 919/681/554
f 917/679/552 919/681/554 920/682/555
f 918/680/553 921/683/556 922/684/557
f 918/680/553 922/684/557 919/681/554
f 921/683/556 923/685/558 924/686/557
f 921/683/556 924/686/557 925/687/557
f 923/685/558 926/688/542 927/689/544
f 923/685/558 927/689/544 924/686/557
f 928/690/559 929/691/560 930/692/561
f 928/690/559 930/692/561 931/693/562
f 932/694/563 933/695/564 934/696/565
f 932/694/563 934/696/565 935/697/566
f 936/698/567 937/699/568 938/700/569
f 936/698/567 938/700/569 939/701/570
f 940/702/571 941/703/572 942/704/573
f 940/702/571 942/704/573 943/705/569
f 944/706/574 945/707/563 946/708/566
f 944/706/574 946/708/566 947/709/575
s 0
f 948/488/576 949/485/576 950/500/576
f 948/488/576 950/500/576 951/503/576
s 1
f 952/710/577 953/711/567 939/701/578
f 952/710/577 939/701/578 954/712/579
f 955/713/580 917/679/552 956/714/555
f 955/713/580 956/714/555 957/715/581
f 929/691/560 958/716/582 959/717/583
f 929/691/560 959/717/583 930/692/561
f 960/718/584 961/719/585 962/477/586
f 960/718/584 962/477/586 963/474/587
f 964/720/582 965/721/588 966/722/589
f 964/720/582 966/722/589 967/723/583
f 968/724/590 969/725/590 970/726/591
f 968/724/590 970/726/591 971/727/592
f 972/478/593 973/728/594 931/693/595
f 972/478/593 931/693/595 974/483/593
f 965/721/588 975/729/596 976/730/597
f 965/721/588 976/730/597 966/722/589
f 977/731/598 970/726/599 978/732/600
f 977/731/598 978/732/600 979/733/601
f 980/734/596 981/735/602 982/736/603
f 980/734/596 982/736/603 983/737/597
f 984/738/604 985/739/605 986/740/606
f 984/738/604 986/740/606 987/741/607
f 988/742/607 989/743/606 990/744/608
f 988/742/607 990/744/608 991/745/609
f 992/746/609 993/747/610 994/748/611
f 992/746/609 994/748/611 995/749/584
s 0
f 996/487/612 997/491/612 998/506/612
f 996/487/612 998/506/612 999/501/612
s 1
f 1000/750/613 1001/515/614 1002/521/615
f 1000/750/613 1002/521/615 1003/751/616
s 0
f 1009/493/617 1010/498/617 1011/514/617
f 1009/493/617 1011/514/617 1012/507/617
f 1018/496/618 1019/489/618 1020/505/618
f 1018/496/618 1020/505/618 1021/510/618
f 1022/497/619 1023/494/619 1024/509/619
f 1022/497/619 1024/509/619 1025/512/619
s 1
f 1026/752/564 1027/481/620 1028/484/620
f 1026/752/564 1028/484/620 1029/753/621
s 0
f 1030/517/622 1031/518/622 1032/524/622
f 1030/517/622 1032/524/622 1033/522/622
s 1
f 1034/754/623 1035/755/624 1036/756/625
f 1034/754/623 1036/756/625 1037/757/626
f 1038/758/624 1039/759/627 1040/760/628
f 1038/758/624 1040/760/628 1041/761/625
f 1039/759/627 1042/762/629 1043/763/630
f 1039/759/627 1043/763/630 1044/764/628
f 1042/762/631 1000/750/613 1003/751/616
f 1042/762/631 1003/751/616 1045/765/630
f 1046/766/632 1047/767/633 1048/768/634
f 1046/766/632 1048/768/634 1049/769/635
f 1050/770/636 1051/771/637 1052/772/638
f 1050/770/636 1052/772/638 1053/773/639
f 1054/774/640 1055/775/641 1056/776/642
f 1054/774/640 1056/776/642 1057/777/643
f 1058/778/641 1059/779/644 1060/780/645
f 1058/778/641 1060/780/645 1061/781/642
f 1062/782/644 1063/783/646 1064/784/647
f 1062/782/644 1064/784/647 1065/785/645
s 0
f 1066/530/648 1067/527/648 1068/542/648
f 1066/530/648 1068/542/648 1069/545/648
s 1
f 835/635/512 1070/786/640 1071/787/643
f 835/635/512 1071/787/643 1072/788/649
f 838/638/514 1073/789/650 1074/790/626
f 838/638/514 1074/790/626 839/639/515
f 1047/767/633 1075/791/651 1076/792/652
f 1047/767/633 1076/792/652 1048/768/634
f 1077/793/653 1078/794/654 1079/519/655
f 1077/793/653 1079/519/655 1080/516/656
f 1081/795/651 1082/796/657 1083/797/658
f 1081/795/651 1083/797/658 1084/798/652
f 799/603/482 802/606/485 1085/799/659
f 799/603/482 1085/799/659 1086/800/660
f 1087/520/661 1088/801/662 1049/769/635
f 1087/520/661 1049/769/635 1089/525/661
f 1090/802/663 1091/803/664 1092/804/665
f 1090/802/663 1092/804/665 1093/805/658
f 1094/806/660 1095/807/659 1096/808/666
f 1094/806/660 1096/808/666 1097/809/667
f 1098/810/664 866/662/534 865/661/534
f 1098/810/664 865/661/534 1099/811/665
f 1100/812/667 1101/813/666 1102/814/668
f 1100/812/667 1102/814/668 1103/815/669
f 1104/816/669 1105/817/668 1106/818/670
f 1104/816/669 1106/818/670 1107/819/671
f 1108/820/672 1109/821/673 1110/822/654
f 1108/820/672 1110/822/654 1111/823/653
s 0
f 1112/529/674 1113/533/674 1114/548/674
f 1112/529/674 1114/548/674 1115/543/674
s 1
f 1116/824/675 1117/825/676 1118/563/677
f 1116/824/675 1118/563/677 1119/557/678
s 0
f 1125/535/679 1126/540/679 1127/556/679
f 1125/535/679 1127/556/679 1128/549/679
f 1134/538/680 1135/531/680 1136/547/680
f 1134/538/680 1136/547/680 1137/552/680
f 1138/539/681 1139/536/681 1140/551/681
f 1138/539/681 1140/551/681 1141/554/681
s 1
f 1142/826/637 1143/523/682 1144/526/683
f 1142/826/637 1144/526/683 1145/827/638
s 0
f 1146/558/622 1147/565/622 1148/566/622
f 1146/558/622 1148/566/622 1149/560/622
s 1
f 1150/828/684 1151/829/685 1152/830/686
f 1150/828/684 1152/830/686 1153/831/687
f 1154/832/590 1155/833/688 1156/834/689
f 1154/832/590 1156/834/689 1157/835/590
f 1158/836/690 1159/837/691 1160/838/692
f 1158/836/690 1160/838/692 1161/839/693
f 1161/839/693 1160/838/692 1117/825/676
f 1161/839/693 1117/825/676 1116/824/675
f 1162/840/694 1163/841/695 1164/842/696
f 1162/840/694 1164/842/696 1165/843/697
f 1166/844/698 1167/845/699 1168/846/700
f 1166/844/698 1168/846/700 1169/847/701
f 1170/848/702 1171/849/703 1172/850/704
f 1170/848/702 1172/850/704 1173/851/705
f 1174/852/705 1175/853/704 1176/854/706
f 1174/852/705 1176/854/706 1177/855/707
f 1178/856/707 1179/857/706 1180/858/708
f 1178/856/707 1180/858/708 1181/859/698
s 0
f 1182/572/709 1183/587/709 1184/584/709
f 1182/572/709 1184/584/709 1185/569/709
s 1
f 952/710/577 954/712/579 1186/849/703
f 952/710/577 1186/849/703 1187/860/710
f 1188/713/580 1189/861/581 1190/862/711
f 1188/713/580 1190/862/711 1191/863/684
f 1165/843/697 1164/842/696 1192/864/712
f 1165/843/697 1192/864/712 1193/865/713
f 1194/866/714 1195/559/715 1196/562/716
f 1194/866/714 1196/562/716 1197/867/717
f 1198/868/718 1192/864/719 1199/869/720
f 1198/868/718 1199/869/720 1200/870/721
f 1201/871/688 1202/872/722 1203/873/723
f 1201/871/688 1203/873/723 1204/874/724
f 1205/561/725 1206/568/725 1207/841/695
f 1205/561/725 1207/841/695 1162/840/694
f 1200/870/721 1199/869/720 1208/875/726
f 1200/870/721 1208/875/726 1209/876/727
f 1153/831/687 1152/830/686 1210/877/728
f 1153/831/687 1210/877/728 1211/878/690
f 1212/879/727 1213/880/726 982/736/603
f 1212/879/727 982/736/603 981/735/602
f 1214/881/722 1215/882/729 1216/883/730
f 1214/881/722 1216/883/730 1217/884/723
f 1218/885/729 1219/886/731 1220/887/732
f 1218/885/729 1220/887/732 1221/888/730
f 1222/889/733 1223/890/734 1224/891/735
f 1222/889/733 1224/891/735 1225/892/732
s 0
f 1226/570/736 1227/586/736 1228/590/736
f 1226/570/736 1228/590/736 1229/575/736
f 1235/576/737 1236/592/737 1237/597/737
f 1235/576/737 1237/597/737 1238/583/737
f 1244/579/738 1245/595/738 1246/588/738
f 1244/579/738 1246/588/738 1247/574/738
f 1248/581/739 1249/596/739 1250/593/739
f 1248/581/739 1250/593/739 1251/578/739
s 1
f 1252/893/701 1253/894/740 1254/567/741
f 1252/893/701 1254/567/741 1255/564/742
f 1424/895/743 1425/431/744 1426/433/744
f 1424/895/743 1426/433/744 1427/646/745
s 0
f 1428/432/746 1429/434/746 1430/436/746
f 1428/432/747 1430/436/747 1431/433/747
s 1
f 1432/638/748 1433/641/749 1434/604/750
f 1432/638/748 1434/604/750 1435/603/751
f 1436/599/749 1437/602/752 1438/652/753
f 1436/599/749 1438/652/753 1434/604/750
f 1437/602/754 1439/607/755 1440/664/756
f 1437/602/754 1440/664/756 1441/663/753
f 1439/607/755 1442/610/757 1443/668/758
f 1439/607/755 1443/668/758 1444/667/759
f 1445/611/757 1446/614/743 1447/672/745
f 1445/611/757 1447/672/745 1448/671/758
f 1449/435/760 1450/615/761 1451/647/762
f 1449/435/760 1451/647/762 1452/436/763
f 1450/615/764 1453/618/765 1454/674/766
f 1450/615/764 1454/674/766 1455/673/767
f 1456/642/768 1457/645/769 1458/670/770
f 1456/642/768 1458/670/770 1459/669/771
f 1460/648/769 1461/651/772 1462/666/773
f 1460/648/769 1462/666/773 1463/665/770
f 1461/651/772 1464/657/774 1465/654/775
f 1461/651/772 1465/654/775 1466/653/773
f 1467/677/776 1468/438/777 1469/437/777
f 1467/677/776 1469/437/777 1470/896/778
s 0
f 1471/438/779 1472/441/779 1473/440/779
f 1471/438/780 1473/440/780 1474/439/780
s 1
f 1475/635/781 1476/637/782 1477/640/783
f 1475/635/781 1477/640/783 1478/639/784
f 1479/623/782 1480/626/785 1481/601/786
f 1479/623/782 1481/601/786 1482/600/783
f 1483/627/787 1484/630/788 1485/658/789
f 1483/627/787 1485/658/789 1481/601/786
f 1486/631/790 1487/634/791 1488/609/792
f 1486/631/790 1488/609/792 1489/608/789
f 1490/619/791 1491/622/793 1492/613/794
f 1490/619/791 1492/613/794 1493/612/792
f 1494/441/795 1495/678/796 1496/655/797
f 1494/441/795 1496/655/797 1497/442/795
f 1498/621/796 1499/620/798 1500/617/799
f 1498/621/796 1500/617/799 1501/616/797
f 1502/633/800 1503/632/801 1504/644/802
f 1502/633/800 1504/644/802 1505/643/803
f 1506/629/801 1507/628/804 1508/650/805
f 1506/629/801 1508/650/805 1509/649/802
f 1510/625/806 1511/624/807 1512/656/808
f 1510/625/806 1512/656/808 1508/650/805
s 0
f 1513/442/809 1514/435/809 1515/434/809
f 1513/442/809 1515/434/809 1516/440/809
f 1517/431/810 1518/437/810 1519/439/810
f 1517/431/810 1519/439/810 1520/432/810
f 1521/445/811 1522/447/811 1523/446/811
f 1521/445/812 1523/446/812 1524/443/812
s 1
f 1525/455/813 1526/452/813 1527/454/813
f 1525/455/813 1527/454/813 1528/456/813
f 1529/453/814 1530/448/815 1531/447/814
f 1529/453/814 1531/447/814 1532/454/814
f 1533/444/816 1534/449/817 1535/451/817
f 1533/444/816 1535/451/817 1536/445/816
f 1537/450/818 1538/457/819 1539/456/818
f 1537/450/818 1539/456/818 1540/451/819
f 1541/458/820 1542/461/821 1543/463/822
f 1541/458/820 1543/463/822 1544/459/823
f 1545/472/824 1546/468/825 1547/467/825
f 1545/472/824 1547/467/825 1548/470/825
f 1549/468/826 1550/463/827 1551/462/827
f 1549/468/826 1551/462/827 1552/469/826
f 1553/459/828 1554/465/828 1555/464/829
f 1553/459/828 1555/464/829 1556/460/828
f 1557/465/830 1558/472/831 1559/471/831
f 1557/465/830 1559/471/831 1560/466/830
s 0
f 1561/452/832 1562/467/832 1563/469/832
f 1561/452/832 1563/469/832 1564/453/832
f 1565/470/833 1566/455/833 1567/457/833
f 1565/470/833 1567/457/833 1568/471/833
f 1569/448/834 1570/462/834 1571/461/834
f 1569/448/834 1571/461/834 1572/446/834
f 1573/443/835 1574/458/835 1575/460/835
f 1573/443/835 1575/460/835 1576/444/835
f 1577/449/836 1578/464/836 1579/466/836
f 1577/449/836 1579/466/836 1580/450/836
s 1
f 1581/659/837 1582/662/838 1583/606/839
f 1581/659/837 1583/606/839 1584/605/775
f 1511/624/807 1585/636/840 1586/661/840
f 1511/624/807 1586/661/840 1587/660/808
f 1588/718/841 1589/474/842 1590/473/843
f 1588/718/841 1590/473/843 1591/675/844
s 0
f 1592/474/845 1593/477/845 1594/476/845
f 1592/474/846 1594/476/846 1595/475/846
s 1
f 1596/724/847 1597/727/848 1598/679/849
f 1596/724/847 1598/679/849 1599/713/847
f 1600/731/848 1601/733/850 1602/680/851
f 1600/731/848 1602/680/851 1598/679/849
f 1603/738/850 1604/741/852 1605/683/853
f 1603/738/850 1605/683/853 1602/680/851
f 1606/742/852 1607/745/854 1608/685/855
f 1606/742/852 1608/685/855 1605/683/853
f 1609/746/856 1610/749/841 1611/688/844
f 1609/746/856 1611/688/844 1608/685/855
f 1612/477/857 1613/719/858 1614/728/859
f 1612/477/857 1614/728/859 1615/478/857
f 1616/748/858 1617/747/860 1618/691/861
f 1616/748/858 1618/691/861 1619/690/859
f 1620/744/860 1621/743/862 1622/716/863
f 1620/744/860 1622/716/863 1618/691/861
f 1623/740/864 1624/739/865 1625/721/866
f 1623/740/864 1625/721/866 1626/720/867
f 1627/732/868 1628/726/869 1629/729/870
f 1627/732/868 1629/729/870 1625/721/871
f 1630/676/872 1631/479/873 1632/481/873
f 1630/676/872 1632/481/873 1633/752/874
s 0
f 1634/480/875 1635/482/875 1636/484/875
s 1
f 1634/480/876 1636/484/876 1637/481/876
f 1638/715/877 1639/714/878 1640/711/879
f 1638/715/877 1640/711/879 1641/710/877
f 1642/682/880 1643/681/881 1644/699/882
f 1642/682/880 1644/699/882 1645/698/879
f 1643/681/881 1646/684/883 1647/703/884
f 1643/681/881 1647/703/884 1648/702/885
f 1649/687/886 1650/686/887 1651/707/888
f 1649/687/886 1651/707/888 1652/706/884
f 1650/686/887 1653/689/889 1654/695/890
f 1650/686/887 1654/695/890 1655/694/888
f 1656/483/891 1657/693/892 1658/753/893
f 1656/483/891 1658/753/893 1659/484/894
f 1657/693/895 1660/692/896 1661/697/897
f 1657/693/895 1661/697/897 1662/696/898
f 1660/692/899 1663/717/900 1664/709/901
f 1660/692/899 1664/709/901 1665/708/902
f 1666/723/900 1667/722/903 1668/705/904
f 1666/723/900 1668/705/904 1669/704/901
f 1667/722/903 1670/730/905 1671/701/906
f 1667/722/903 1671/701/906 1672/700/904
s 0
f 1673/482/907 1674/476/907 1675/478/907
f 1673/482/907 1675/478/907 1676/483/907
f 1677/475/908 1678/480/908 1679/479/908
f 1677/475/908 1679/479/908 1680/473/908
s 1
f 1681/485/909 1682/488/910 1683/490/911
f 1681/485/909 1683/490/911 1684/486/912
f 1685/499/913 1686/495/914 1687/494/913
f 1685/499/913 1687/494/913 1688/497/914
f 1689/495/915 1690/490/916 1691/489/917
f 1689/495/915 1691/489/917 1692/496/918
f 1693/486/919 1694/492/919 1695/491/919
f 1693/486/919 1695/491/919 1696/487/920
f 1697/492/921 1698/499/922 1699/498/922
f 1697/492/921 1699/498/922 1700/493/922
s 0
f 1701/502/923 1702/504/923 1703/503/923
f 1701/502/924 1703/503/924 1704/500/924
s 1
f 1705/512/925 1706/509/925 1707/511/926
f 1705/512/925 1707/511/926 1708/513/927
f 1709/510/928 1710/505/929 1711/504/929
f 1709/510/928 1711/504/929 1712/511/928
f 1713/501/930 1714/506/930 1715/508/930
f 1713/501/930 1715/508/930 1716/502/930
f 1717/507/931 1718/514/932 1719/513/933
f 1717/507/931 1719/513/933 1720/508/932
s 0
f 1721/496/934 1722/510/934 1723/509/934
f 1721/496/934 1723/509/934 1724/494/934
f 1725/514/935 1726/498/935 1727/497/935
f 1725/514/936 1727/497/936 1728/512/936
f 1729/488/937 1730/503/937 1731/505/937
f 1729/488/937 1731/505/937 1732/489/937
f 1733/487/938 1734/501/938 1735/500/938
f 1733/487/938 1735/500/938 1736/485/938
f 1737/493/939 1738/507/939 1739/506/939
f 1737/493/939 1739/506/939 1740/491/939
s 1
f 1628/726/869 1741/725/940 1742/735/941
f 1628/726/869 1742/735/941 1743/734/942
f 1744/737/905 1745/736/943 1746/712/944
f 1744/737/905 1746/712/944 1671/701/906
f 1747/793/945 1748/516/946 1749/515/947
f 1747/793/945 1749/515/947 1750/750/948
s 0
f 1751/516/949 1752/519/949 1753/518/949
f 1751/516/950 1753/518/950 1754/517/950
s 1
f 1435/603/751 1755/800/951 1756/789/952
f 1435/603/751 1756/789/952 1432/638/748
f 1757/806/951 1758/809/953 1759/755/954
f 1757/806/951 1759/755/954 1760/754/952
f 1761/812/953 1762/815/955 1763/759/956
f 1761/812/953 1763/759/956 1764/758/954
f 1765/816/957 1766/819/958 1767/762/959
f 1765/816/957 1767/762/959 1763/759/956
f 1768/820/958 1769/823/945 1750/750/948
f 1768/820/958 1750/750/948 1767/762/959
f 1770/519/960 1771/794/961 1772/801/962
f 1770/519/960 1772/801/962 1773/520/960
f 1774/822/961 1775/821/963 1776/767/964
f 1774/822/961 1776/767/964 1777/766/962
f 1778/818/963 1779/817/965 1780/791/966
f 1778/818/963 1780/791/966 1776/767/964
f 1781/814/965 1782/813/967 1783/796/968
f 1781/814/965 1783/796/968 1784/795/969
f 1785/808/970 1786/807/971 1787/803/972
f 1785/808/970 1787/803/972 1788/802/968
f 1789/751/973 1790/521/974 1791/523/974
f 1789/751/973 1791/523/974 1792/826/975
s 0
f 1793/522/976 1794/524/976 1795/526/976
f 1793/522/977 1795/526/977 1796/523/977
s 1
f 1478/639/784 1797/790/978 1798/786/979
f 1478/639/784 1798/786/979 1475/635/781
f 1799/757/980 1800/756/981 1801/775/982
f 1799/757/980 1801/775/982 1802/774/979
f 1803/761/983 1804/760/984 1805/779/985
f 1803/761/983 1805/779/985 1806/778/982
f 1807/764/986 1808/763/987 1809/783/988
f 1807/764/986 1809/783/988 1810/782/985
f 1811/765/987 1789/751/973 1812/771/989
f 1811/765/987 1812/771/989 1813/770/988
f 1814/525/990 1815/769/991 1816/827/992
f 1814/525/990 1816/827/992 1817/526/990
f 1815/769/991 1818/768/993 1819/773/994
f 1815/769/991 1819/773/994 1820/772/995
f 1818/768/996 1821/792/997 1822/785/998
f 1818/768/996 1822/785/998 1823/784/994
f 1824/798/997 1825/797/999 1826/781/1000
f 1824/798/997 1826/781/1000 1827/780/1001
f 1828/805/999 1829/804/1002 1830/777/1003
f 1828/805/999 1830/777/1003 1831/776/1000
s 0
f 1832/524/1004 1833/518/1004 1834/520/1004
f 1832/524/1004 1834/520/1004 1835/525/1004
f 1836/517/1005 1837/522/1005 1838/521/1005
f 1836/517/1005 1838/521/1005 1839/515/1005
s 1
f 1840/527/1006 1841/530/1006 1842/532/1006
s 0
f 1840/527/1007 1842/532/1007 1843/528/1007
s 1
f 1844/541/1008 1845/537/1009 1846/536/1008
f 1844/541/1008 1846/536/1008 1847/539/1009
f 1848/537/1010 1849/532/1010 1850/531/1011
f 1848/537/1010 1850/531/1011 1851/538/1012
f 1852/528/1013 1853/534/1014 1854/533/1014
f 1852/528/1013 1854/533/1014 1855/529/1013
f 1856/534/1015 1857/541/1016 1858/540/1017
f 1856/534/1015 1858/540/1017 1859/535/1017
s 0
f 1860/544/1018 1861/546/1018 1862/545/1018
f 1860/544/1019 1862/545/1019 1863/542/1019
s 1
f 1864/554/1020 1865/551/1021 1866/553/1022
f 1864/554/1020 1866/553/1022 1867/555/1022
f 1868/552/1023 1869/547/1023 1870/546/1023
f 1868/552/1023 1870/546/1023 1871/553/1023
f 1872/543/1024 1873/548/1025 1874/550/1024
f 1872/543/1024 1874/550/1024 1875/544/1025
f 1876/549/1026 1877/556/1026 1878/555/1026
f 1876/549/1026 1878/555/1026 1879/550/1026
s 0
f 1880/538/1027 1881/552/1027 1882/551/1027
f 1880/538/1027 1882/551/1027 1883/536/1027
f 1884/556/1028 1885/540/1028 1886/539/1028
f 1884/556/1028 1886/539/1028 1887/554/1028
f 1888/530/1029 1889/545/1029 1890/547/1029
f 1888/530/1029 1890/547/1029 1891/531/1029
f 1892/529/1030 1893/543/1030 1894/542/1030
f 1892/529/1030 1894/542/1030 1895/527/1030
f 1896/535/1031 1897/549/1031 1898/548/1031
f 1896/535/1031 1898/548/1031 1899/533/1031
s 1
f 1900/799/971 1583/606/839 1582/662/838
f 1900/799/971 1582/662/838 1901/810/1032
f 1902/811/1033 1586/661/1034 1903/788/840
f 1902/811/1033 1903/788/840 1904/787/1003
f 1905/824/1035 1906/557/1036 1907/559/1036
f 1905/824/1035 1907/559/1036 1908/866/1037
s 0
f 1909/558/1038 1910/560/1038 1911/562/1038
f 1909/558/1039 1911/562/1039 1912/559/1039
s 1
f 1913/713/847 1914/863/1040 1915/833/1041
f 1913/713/847 1915/833/1041 1916/832/847
f 1917/828/1040 1918/831/1042 1919/872/1043
f 1917/828/1040 1919/872/1043 1920/871/1044
f 1918/831/1042 1921/878/1045 1922/882/1046
f 1918/831/1042 1922/882/1046 1923/881/1047
f 1924/836/1048 1925/839/1049 1926/886/1050
f 1924/836/1048 1926/886/1050 1927/885/1046
f 1925/839/1051 1905/824/1035 1928/890/1037
f 1925/839/1051 1928/890/1037 1929/889/1052
f 1930/561/1053 1931/840/1054 1932/867/1055
f 1930/561/1053 1932/867/1055 1933/562/1056
f 1931/840/1054 1934/843/1057 1935/892/1058
f 1931/840/1054 1935/892/1058 1936/891/1055
f 1934/843/1057 1937/865/1059 1938/888/1060
f 1934/843/1057 1938/888/1060 1939/887/1058
f 1940/868/1059 1941/870/1061 1942/884/1062
f 1940/868/1059 1942/884/1062 1943/883/1060
f 1941/870/1063 1944/876/1064 1945/874/1065
f 1941/870/1063 1945/874/1065 1946/873/1066
f 1947/893/1067 1948/564/1068 1949/563/1069
f 1947/893/1067 1949/563/1069 1950/825/1070
s 0
f 1951/564/1071 1952/567/1071 1953/566/1071
f 1951/564/1072 1953/566/1072 1954/565/1072
s 1
f 1641/710/877 1955/860/1073 1956/862/1074
f 1641/710/877 1956/862/1074 1957/861/877
f 1958/848/1073 1959/851/1075 1960/830/1076
f 1958/848/1073 1960/830/1076 1961/829/1074
f 1962/852/1077 1963/855/1078 1964/877/1079
f 1962/852/1077 1964/877/1079 1960/830/1076
f 1965/856/1080 1966/859/1081 1967/838/1082
f 1965/856/1080 1967/838/1082 1968/837/1079
f 1969/844/1083 1970/847/1084 1950/825/1070
f 1969/844/1083 1950/825/1070 1967/838/1085
f 1971/567/1086 1972/894/1087 1973/841/1088
f 1971/567/1086 1973/841/1088 1974/568/1089
f 1975/846/1087 1976/845/1090 1977/842/1091
f 1975/846/1087 1977/842/1091 1978/841/1092
f 1979/858/1090 1980/857/1093 1981/864/1094
f 1979/858/1090 1981/864/1094 1977/842/1091
f 1982/854/1095 1983/853/1096 1984/869/1097
f 1982/854/1095 1984/869/1097 1981/864/1094
f 1985/850/1096 1986/849/1098 1987/875/1099
f 1985/850/1096 1987/875/1099 1984/869/1097
s 0
f 1988/568/1100 1989/561/1100 1990/560/1100
s 1
f 1988/568/1100 1990/560/1100 1991/566/1100
s 0
f 1992/557/1101 1993/563/1101 1994/565/1101
f 1992/557/1101 1994/565/1101 1995/558/1101
s 1
f 1996/571/1102 1997/573/1102 1998/572/1102
s 0
f 1996/571/1103 1998/572/1103 1999/569/1103
s 1
f 2000/581/1104 2001/578/1104 2002/580/1104
f 2000/581/1104 2002/580/1104 2003/582/1104
f 2004/579/1105 2005/574/1106 2006/573/1106
f 2004/579/1105 2006/573/1106 2007/580/1107
f 2008/570/1108 2009/575/1108 2010/577/1108
f 2008/570/1108 2010/577/1108 2011/571/1108
f 2012/576/1109 2013/583/1109 2014/582/1110
f 2012/576/1109 2014/582/1110 2015/577/1111
f 2016/584/1112 2017/587/1112 2018/589/1112
s 0
f 2016/584/1112 2018/589/1112 2019/585/1112
s 1
f 2020/598/1113 2021/594/1113 2022/593/1114
f 2020/598/1113 2022/593/1114 2023/596/1113
f 2024/594/1115 2025/589/1116 2026/588/1116
f 2024/594/1115 2026/588/1116 2027/595/1115
f 2028/585/1117 2029/591/1118 2030/590/1117
f 2028/585/1117 2030/590/1117 2031/586/1119
f 2032/591/1120 2033/598/1121 2034/597/1120
f 2032/591/1120 2034/597/1120 2035/592/1120
s 0
f 2036/578/1122 2037/593/1122 2038/595/1122
f 2036/578/1122 2038/595/1122 2039/579/1122
f 2040/596/1123 2041/581/1123 2042/583/1123
f 2040/596/1123 2042/583/1123 2043/597/1123
f 2044/574/1124 2045/588/1124 2046/587/1124
f 2044/574/1125 2046/587/1125 2047/572/1125
f 2048/569/1126 2049/584/1126 2050/586/1126
f 2048/569/1126 2050/586/1126 2051/570/1126
s 1
f 2052/575/1127 2053/590/1127 2054/592/1127
f 2052/575/1127 2054/592/1127 2055/576/1127
f 2056/879/1064 1742/735/1128 2057/835/940
f 2056/879/1064 2057/835/940 2058/834/1129
f 2059/849/1130 1746/712/944 1745/736/943
f 2059/849/1130 1745/736/943 2060/880/1099
f 2061/895/491 2062/896/490 2063/437/1131
f 2061/895/491 2063/437/1131 2064/431/1132
f 888/468/1133 891/459/1133 887/463/1133
f 891/459/1133 888/468/1133 889/472/1133
f 891/459/1133 889/472/1133 890/465/1133
f 897/445/1134 900/454/1134 896/447/1134
f 900/454/1134 897/445/1134 899/456/1134
f 899/456/1134 897/445/1134 898/451/1134
f 1007/513/1135 1005/502/1136 1006/508/1136
f 1005/502/1136 1007/513/1135 1004/504/1136
f 1004/504/1136 1007/513/1135 1008/511/1136
f 1017/486/1137 1015/499/1137 1016/492/1137
f 1015/499/1137 1017/486/1137 1013/490/1137
f 1015/499/1137 1013/490/1137 1014/495/1137
f 1121/544/1138 1124/553/1139 1120/546/1138
f 1124/553/1139 1121/544/1138 1123/555/1138
f 1123/555/1138 1121/544/1138 1122/550/1138
f 1130/537/1140 1133/528/1140 1129/532/1140
f 1133/528/1140 1130/537/1140 1131/541/1140
f 1133/528/1140 1131/541/1140 1132/534/1140
f 1234/585/1141 1232/598/1142 1233/591/1141
f 1232/598/1142 1234/585/1141 1230/589/1143
f 1232/598/1142 1230/589/1143 1231/594/1141
f 1242/582/1144 1240/571/1145 1241/577/1144
f 1240/571/1145 1242/582/1144 1239/573/1144
f 1239/573/1144 1242/582/1144 1243/580/1146
